name,ONS_ID,total_population,number_of_children_age_0_14,percent_of_pop_that_are_children_age_0_14,number_of_youth_age_15_24,percent_of_pop_that_are_youth_age_15_24,number_of_adults_age_25_64,percent_of_pop_that_are_adults_age_25_64,percent_of_pop_that_are_seniors_65,percent_of_pop_that_are_recent_immigrants_arr_2016_2021,percent_of_pop_that_are_immigrants,percent_of_pop_that_are_indigenous,percent_of_pop_that_are_fn,percent_of_pop_that_are_metis,percent_of_pop_that_are_inuit,percent_of_pop_that_are_racialized,percent_of_pop_that_are_refugees,percent_of_immigrants_that_are_refugees,percent_of_pop_with_knowledge_of_neither_english_nor_french,percent_of_pop_age_25_64_with_no_high_school_diploma_or_equivalent,percent_of_pop_living_alone,unemployment_rate,average_after_tax_income_in_2020_among_recipients,average_market_income_in_2020_among_recipients,average_after_tax_income_in_2019_among_recipients,average_market_income_in_2019_among_recipients,percent_of_income_from_government_transfers_2019,percent_of_income_from_government_transfers_2020,percent_of_pop_age_25_64_with_postsecondary_degree_diploma_certificate,number_of_refugees,number_of_people_in_low_income_based_on_lim_at,percent_of_people_in_low_income_based_on_lim_at,number_of_people_0_17_in_low_income_based_on_lim_at,percent_of_people_0_17_in_low_income_based_on_lim_at,number_of_people_18_64_in_low_income_based_on_lim_at,percent_of_people_18_64_in_low_income_based_on_lim_at,number_of_people_65_in_low_income_based_on_lim_at,percent_of_people_65_in_low_income_based_on_lim_at,average_age_of_the_population,median_age_of_the_population,number_of_seniors_65,number_of_children_living_in_one_parent_families,percent_of_children_living_in_one_parent_families,number_of_people_who_are_indigenous,number_of_people_who_are_fn,number_of_people_who_are_metis,number_of_people_who_are_inuit,number_of_immigrants,number_of_recent_immigrants_arr_2016_2021,number_of_people_with_knowledge_of_neither_english_nor_french,number_of_people_with_french_as_a_language_most_spoken_at_home,percent_of_people_with_french_as_a_language_most_spoken_at_home,number_of_people_with_knowledge_of_only_french_as_an_official_language,percent_of_people_with_knowledge_of_only_french_as_an_official_language,number_of_workers_age_15_who_commute_by_car_truck_or_van,percent_of_workers_age_15_who_commute_by_car_truck_or_van,number_of_workers_age_15_who_commute_by_public_transit,percent_of_workers_age_15_who_commute_by_public_transit,number_of_workers_age_15_who_commute_by_walking,percent_of_workers_age_15_who_commute_by_walking,number_of_workers_age_15_who_commute_by_bicycle,percent_of_workers_age_15_who_commute_by_bicycle,number_of_workers_age_15_who_commute_by_other_means,percent_of_workers_age_15_who_commute_by_other_means,number_of_workers_age_15_who_work_at_home,percent_of_workers_age_15_who_work_at_home,number_of_workers_age_15_who_have_no_fixed_workplace_address,percent_of_workers_age_15_who_have_no_fixed_workplace_address,percent_of_people_age_25_64_with_a_high_school_diploma,percent_of_workers_who_commute_for_60_minutes_and_over,number_of_people_who_are_racialized,number_self_identified_as_south_asian,number_self_identified_as_chinese,number_self_identified_as_black,number_self_identified_as_filipino,number_self_identified_as_arab,number_self_identified_as_latin_american,number_self_identified_as_southeast_asian,number_self_identified_as_west_asian,number_self_identified_as_korean,number_self_identified_as_japanese,number_self_identified_with_other_visible_minority,number_self_identified_with_multiple_visible_minorities,number_of_people_who_are_non_racialized,percent_self_identified_as_south_asian,percent_self_identified_as_chinese,percent_self_identified_as_black,percent_self_identified_as_filipino,percent_self_identified_as_arab,percent_self_identified_as_latin_american,percent_self_identified_as_southeast_asian,percent_self_identified_as_west_asian,percent_self_identified_as_korean,percent_self_identified_as_japanese,percent_self_identified_with_other_visible_minority,percent_self_identified_with_multiple_visible_minorities,percent_of_people_who_are_non_racialized
ottawa_census_division_3506,0,89235,18535,0.207709979,14170,0.158794195,40905,0.458396369,0.175155488,0.109380253,0.356886697,0.035750308,0.018379469,0.012383727,0.003193993,0.514681161,0.115201434,0.361971831,0.055250476,0.18190709,0.292598196,27.2,15760,10890,17860,17700,47.2,66.4,0.595843521,10280,89230,1,21570,1,52030,1,15630,1,38.5,35.6,15630,12990,0.500674504,3190,1640,1105,285,31845,9760,4930,9500,0.106466435,2935,0.032892525,8345,0.609346477,3020,0.220518437,1610,0.117561154,290,0.021175612,440,0.032128514,6670,0.323080649,3655,0.177040446,0.81809291,0.084337349,45925,4160,6500,14240,510,12665,1745,1485,2020,620,180,575,1235,43305,0.046621092,0.072845456,0.159587583,0.005715567,0.141936568,0.019556203,0.016642385,0.022638126,0.006948336,0.002017259,0.006444021,0.013840637,0.485318839
ottawa_airport_3001,3001,35,0,0,0,0,0,0,0,0,0,0,0,0,0,0,0,NA,0,0,0,0,15000,9500,24000,NA,NA,70,0.666666667,0,35,1,0,NA,30,1,0,NA,50,50.8,0,0,NA,0,0,0,0,0,0,0,0,0,0,0,0,NA,0,NA,0,NA,0,NA,0,NA,0,NA,0,NA,0.833333333,NA,0,0,0,0,0,0,0,0,0,0,0,0,0,30,0,0,0,0,0,0,0,0,0,0,0,0,0.857142857
ottawa_alta_vista_3002,3002,390,55,0.141025641,80,0.205128205,155,0.397435897,0.205128205,0,0.423076923,0,0,0,0,0.512820513,0.076923077,0.230769231,0.051282051,0,0.282051282,0,-39600,17600,24000,29400,29.6,47,0.764705882,30,390,1,60,1,245,1,80,1,42.5,42.8,80,0,0,0,0,0,0,165,0,20,0,0,0,0,40,0.615384615,15,0.230769231,0,0,0,0,0,0,45,0.409090909,20,0.181818182,0.941176471,0,200,0,35,0,0,95,0,0,45,0,0,0,0,185,0,0.08974359,0,0,0.243589744,0,0,0.115384615,0,0,0,0,0.474358974
ottawa_bayshore_3003,3003,2520,785,0.311507937,235,0.093253968,1160,0.46031746,0.132936508,0.136904762,0.406746032,0.049603175,0.031746032,0,0,0.609126984,0.174603175,0.453608247,0.073412698,0.232758621,0.146825397,31.8,18340,8480,18020,14720,60.4,79.4,0.517241379,440,2520,1,860,1,1325,1,340,1,33.9,32,335,535,0.527093596,125,80,0,0,1025,345,185,170,0.067460317,90,0.035714286,190,0.62295082,85,0.278688525,0,0,0,0,0,0,145,0.322222222,75,0.166666667,0.767241379,0.131147541,1535,265,35,490,30,425,40,70,110,0,0,0,70,985,0.10515873,0.013888889,0.194444444,0.011904762,0.168650794,0.015873016,0.027777778,0.043650794,0,0,0,0.027777778,0.390873016
ottawa_beacon_hill_south_cardinal_heights_3004,3004,865,245,0.283236994,110,0.12716763,325,0.375722543,0.184971098,0.184971098,0.404624277,0.034682081,0,0,0,0.595375723,0.132947977,0.370967742,0.046242775,0.295774648,0.196531792,15,17600,8000,18300,14350,50.8,73.5,0.507042254,115,865,1,270,1,435,1,155,1,36.6,36.4,160,135,0.421875,30,0,0,0,350,160,40,185,0.213872832,60,0.069364162,70,0.608695652,30,0.260869565,0,0,0,0,0,0,40,0.242424242,30,0.181818182,0.704225352,0.260869565,515,0,45,285,0,40,0,0,0,0,0,0,0,355,0,0.052023121,0.329479769,0,0.046242775,0,0,0,0,0,0,0,0.410404624
ottawa_beaverbrook_3005,3005,575,125,0.217391304,40,0.069565217,290,0.504347826,0.182608696,0.191304348,0.347826087,0.069565217,0,0,0,0.286956522,0.095652174,0.297297297,0.060869565,0.175438596,0.252173913,24.3,15500,11300,19300,16400,46,58.4,0.649122807,55,580,1,155,1,315,1,110,1,40.1,40.4,105,80,0.4,40,0,0,0,200,110,35,0,0,0,0,60,0.705882353,0,0,0,0,0,0,0,0,50,0.37037037,30,0.222222222,0.824561404,0,165,0,0,0,0,65,0,0,0,0,0,0,0,415,0,0,0,0,0.113043478,0,0,0,0,0,0,0,0.72173913
ottawa_beechwood_cemetery_3006,3006,NA,NA,NA,NA,NA,NA,NA,NA,NA,NA,NA,NA,NA,NA,NA,NA,NA,NA,NA,NA,NA,NA,NA,NA,NA,NA,NA,NA,NA,NA,NA,NA,NA,NA,NA,NA,NA,NA,NA,NA,NA,NA,NA,NA,NA,NA,NA,NA,NA,NA,NA,NA,NA,NA,NA,NA,NA,NA,NA,NA,NA,NA,NA,NA,NA,NA,NA,NA,NA,NA,NA,NA,NA,NA,NA,NA,NA,NA,NA,NA,NA,NA,NA,NA,NA,NA,NA,NA,NA,NA,NA,NA,NA,NA,NA,NA
ottawa_bells_corners_east_3007,3007,295,55,0.186440678,0,0,120,0.406779661,0.186440678,0,0.155172414,0.086206897,0,0,0,0,0,0,0,0.117647059,0.355932203,41.2,18000,10200,20800,19200,51,74,0.5,0,290,1,55,1,180,1,55,1,45.8,53.2,55,0,0,25,0,0,0,45,0,0,0,0,0,0,25,0.714285714,0,0,0,0,0,0,0,0,0,0,0,0,0.911764706,0,0,0,0,0,0,0,0,0,0,0,0,0,0,250,0,0,0,0,0,0,0,0,0,0,0,0,0.862068966
ottawa_bells_corners_west_3008,3008,430,125,0.290697674,15,0.034883721,165,0.38372093,0.255813953,0,0.302325581,0,0,0,0,0.465116279,0.127906977,0.47826087,0,0.277777778,0.279069767,0,20800,9000,19400,12200,66,78,0.361111111,55,425,1,125,1,195,1,110,1,42.2,40.8,110,80,0.516129032,0,0,0,0,130,0,0,0,0,0,0,50,0.769230769,0,0,0,0,0,0,0,0,15,0.176470588,35,0.411764706,0.722222222,0,200,55,0,0,0,80,0,0,0,0,0,0,0,230,0.127906977,0,0,0,0.186046512,0,0,0,0,0,0,0,0.534883721
ottawa_billings_bridge_heron_park_3009,3009,1355,180,0.132841328,340,0.250922509,425,0.313653137,0.295202952,0.10701107,0.394833948,0.044280443,0.014760148,0,0,0.564575646,0.158671587,0.467391304,0.062730627,0.2,0.376383764,28.9,16240,8840,14960,9840,64.8,72.8,0.6,215,1350,1,205,1,745,1,405,1,43.4,36.4,400,185,0.711538462,60,20,0,0,535,145,85,110,0.081180812,50,0.036900369,85,0.425,90,0.45,0,0,0,0,0,0,75,0.272727273,60,0.218181818,0.811764706,0.125,765,70,125,325,25,135,0,0,25,0,0,0,0,590,0.051660517,0.092250923,0.239852399,0.018450185,0.099630996,0,0,0.018450185,0,0,0,0,0.435424354
ottawa_blackburn_hamlet_3010,3010,550,205,0.372727273,70,0.127272727,210,0.381818182,0.1,0.118181818,0.209090909,0,0,0,0,0.381818182,0.072727273,0.347826087,0,0.204545455,0.127272727,21.9,22200,10800,20000,13200,63,75,0.522727273,40,550,1,225,1,265,1,55,1,30,21.6,55,215,0.843137255,0,0,0,0,115,65,0,55,0.1,25,0.045454545,75,0.75,0,0,15,0.15,0,0,0,0,20,0.166666667,30,0.25,0.772727273,0.15,210,0,0,80,0,65,0,0,0,0,0,0,0,340,0,0,0.145454545,0,0.118181818,0,0,0,0,0,0,0,0.618181818
ottawa_blossom_park_timbermill_3011,3011,730,260,0.356164384,115,0.157534247,300,0.410958904,0.068493151,0.193103448,0.406896552,0,0,0,0,0.572413793,0.219178082,0.592592593,0,0.3,0.123287671,22.2,20700,9000,20300,17000,53.6,76.5,0.433333333,160,730,1,305,1,370,1,50,1,30,23.6,50,135,0.369863014,0,0,0,0,295,140,0,0,0,0,0,80,0.842105263,0,0,0,0,0,0,0,0,50,0.344827586,30,0.206896552,0.716666667,0,415,0,0,65,0,305,0,0,0,0,0,0,0,315,0,0,0.089655172,0,0.420689655,0,0,0,0,0,0,0,0.434482759
ottawa_borden_farm_fisher_glen_3012,3012,730,65,0.089041096,115,0.157534247,225,0.308219178,0.417808219,0.047945205,0.397260274,0,0,0,0,0.383561644,0.02739726,0.102564103,0.068493151,0,0.452054795,33.3,15500,9040,16900,13450,54.4,68,0.666666667,20,725,1,80,1,345,1,305,1,51.4,59.2,305,60,0.571428571,0,0,0,0,290,35,50,15,0.020547945,0,0,50,0.769230769,0,0,0,0,0,0,0,0,45,0.409090909,20,0.181818182,0.979166667,0,280,0,115,0,0,75,0,0,0,0,0,0,0,445,0,0.157534247,0,0,0.102739726,0,0,0,0,0,0,0,0.609589041
ottawa_braemar_park_belair_heights_copeland_park_3013,3013,660,75,0.113636364,90,0.136363636,345,0.522727273,0.21969697,0.121212121,0.348484848,0.022727273,0,0,0,0.439393939,0.075757576,0.263157895,0,0.154929577,0.356060606,31.7,17100,8400,18800,15400,51.6,71.5,0.605633803,50,655,1,80,1,430,1,140,1,43.5,40.4,145,80,0.666666667,15,0,0,0,230,80,0,0,0,0,0,65,0.590909091,40,0.363636364,0,0,0,0,0,0,30,0.222222222,20,0.148148148,0.845070423,0,290,35,25,55,0,100,0,0,0,0,0,0,0,370,0.053030303,0.037878788,0.083333333,0,0.151515152,0,0,0,0,0,0,0,0.560606061
ottawa_bridlewood_emerald_meadows_3014,3014,1175,295,0.25106383,135,0.114893617,575,0.489361702,0.140425532,0.119148936,0.442553191,0.029787234,0,0,0,0.527659574,0.076595745,0.202247191,0.05106383,0.112068966,0.14893617,30.1,12400,17200,14240,23000,32.2,47.8,0.672413793,90,1175,1,350,1,660,1,165,1,38.3,40,165,225,0.517241379,35,0,0,0,520,140,60,60,0.05106383,0,0,135,0.794117647,0,0,0,0,0,0,0,0,110,0.379310345,30,0.103448276,0.887931034,0,620,70,140,75,0,190,0,0,0,0,0,0,0,555,0.059574468,0.119148936,0.063829787,0,0.161702128,0,0,0,0,0,0,0,0.472340426
ottawa_britannia_3015,3015,1445,300,0.207612457,145,0.100346021,730,0.505190311,0.179930796,0.083044983,0.346020761,0.034602076,0.017301038,0,0,0.442906574,0.141868512,0.5,0.041522491,0.253424658,0.332179931,30.8,17880,7160,16200,9920,70.4,81.6,0.47260274,205,1445,1,325,1,855,1,265,1,39.6,38,260,260,0.65,50,25,0,0,500,120,60,95,0.065743945,50,0.034602076,115,0.575,60,0.3,25,0.125,0,0,0,0,65,0.236363636,65,0.236363636,0.746575342,0.075,640,75,25,270,0,115,40,35,20,0,0,0,30,805,0.051903114,0.017301038,0.186851211,0,0.079584775,0.027681661,0.024221453,0.01384083,0,0,0,0.020761246,0.557093426
ottawa_brookside_briarbrook_morgans_grant_3016,3016,825,250,0.303030303,105,0.127272727,360,0.436363636,0.121212121,0.084848485,0.327272727,0.054545455,0.036363636,0,0,0.460606061,0.096969697,0.307692308,0.048484848,0.054794521,0.090909091,15.4,14850,11520,17700,18200,38.8,55.2,0.821917808,80,820,1,320,1,405,1,100,1,34.6,37.2,100,170,0.459459459,45,30,0,0,270,70,40,0,0,0,0,130,0.866666667,0,0,0,0,0,0,0,0,65,0.288888889,60,0.266666667,0.945205479,0,380,0,95,60,0,100,0,0,0,0,0,0,0,450,0,0.115151515,0.072727273,0,0.121212121,0,0,0,0,0,0,0,0.545454545
ottawa_cardinal_creek_3017,3017,290,85,0.293103448,20,0.068965517,70,0.24137931,0.172413793,0,0.465517241,0,0,0,0,0.5,0,0,0,0,0.189655172,0,18200,11200,25600,32000,29,59,0.8,0,285,1,100,1,140,1,55,1,36.8,35.6,50,45,0.375,0,0,0,0,135,0,0,60,0.206896552,0,0,15,0.6,0,0,0,0,0,0,0,0,45,0.642857143,0,0,1,0,145,0,0,0,0,85,0,0,0,0,0,0,0,145,0,0,0,0,0.293103448,0,0,0,0,0,0,0,0.5
ottawa_carleton_heights_courtland_park_3018,3018,1085,215,0.198156682,330,0.304147465,440,0.405529954,0.087557604,0.02764977,0.253456221,0,0,0,0,0.585253456,0.073732719,0.32,0.073732719,0.137931034,0.202764977,31.3,16920,9280,15560,14400,40.4,64,0.67816092,80,1080,1,250,1,740,1,95,1,30.8,24.6,95,215,0.74137931,0,0,0,0,275,30,80,0,0,0,0,85,0.548387097,55,0.35483871,0,0,0,0,0,0,105,0.381818182,30,0.109090909,0.862068966,0,635,70,235,145,0,95,0,0,40,0,0,0,0,445,0.064516129,0.216589862,0.133640553,0,0.087557604,0,0,0.036866359,0,0,0,0,0.410138249
ottawa_carleton_university_3019,3019,NA,NA,NA,NA,NA,NA,NA,NA,NA,NA,NA,NA,NA,NA,NA,NA,NA,NA,NA,NA,NA,NA,NA,NA,NA,NA,NA,NA,NA,NA,NA,NA,NA,NA,NA,NA,NA,NA,NA,NA,NA,NA,NA,NA,NA,NA,NA,NA,NA,NA,NA,NA,NA,NA,NA,NA,NA,NA,NA,NA,NA,NA,NA,NA,NA,NA,NA,NA,NA,NA,NA,NA,NA,NA,NA,NA,NA,NA,NA,NA,NA,NA,NA,NA,NA,NA,NA,NA,NA,NA,NA,NA,NA,NA,NA,NA
ottawa_carlington_3020,3020,2905,730,0.251290878,350,0.120481928,1475,0.507745267,0.120481928,0.098106713,0.378657487,0.04475043,0.030981067,0,0,0.593803787,0.185886403,0.542713568,0.056896552,0.244897959,0.30636833,33.1,17600,12960,18660,17680,56.9,71.6,0.5,540,2905,1,830,1,1725,1,350,1,35.8,35.2,350,505,0.515306122,130,90,0,0,1100,285,165,260,0.089655172,140,0.048275862,200,0.547945205,110,0.301369863,35,0.095890411,0,0,0,0,150,0.288461538,75,0.144230769,0.755102041,0.109589041,1725,105,200,790,0,310,30,130,85,0,0,0,35,1180,0.036144578,0.068846816,0.271944923,0,0.106712565,0.010327022,0.04475043,0.029259897,0,0,0,0.012048193,0.406196213
ottawa_carp_3021,3021,280,40,0.142857143,25,0.089285714,45,0.160714286,0.267857143,0,0.232142857,0,0,0,0,0.267857143,0,0,0,0,0.25,0,10000,13000,27600,37600,21.2,50,0.692307692,0,280,1,50,1,155,1,80,1,48.8,54.4,75,0,0,0,0,0,0,65,0,0,0,0,0,0,45,0.818181818,0,0,0,0,0,0,0,0,25,0.294117647,0,0,0.923076923,0,75,0,0,0,0,0,0,0,0,0,0,0,0,205,0,0,0,0,0,0,0,0,0,0,0,0,0.732142857
ottawa_carson_grove_carson_meadows_3022,3022,1190,245,0.205882353,190,0.159663866,525,0.441176471,0.193277311,0.109243697,0.361344538,0.037815126,0.021008403,0,0,0.533613445,0.147058824,0.4375,0.033613445,0.223300971,0.331932773,24.1,19000,7640,19120,13500,59.4,78.4,0.514563107,175,1190,1,295,1,660,1,230,1,39.6,38,230,290,0.734177215,45,25,0,0,430,130,40,325,0.273109244,100,0.084033613,90,0.6,45,0.3,20,0.133333333,0,0,0,0,55,0.268292683,0,0,0.776699029,0.1,635,75,40,325,0,110,30,0,55,0,0,0,0,550,0.06302521,0.033613445,0.273109244,0,0.092436975,0.025210084,0,0.046218487,0,0,0,0,0.462184874
ottawa_centrepointe_briargreen_3023,3023,630,95,0.150793651,135,0.214285714,305,0.484126984,0.142857143,0.087301587,0.333333333,0.047619048,0,0,0,0.595238095,0,0,0.079365079,0,0.253968254,41,11280,9400,15750,15400,44.4,60.4,0.770491803,0,625,1,115,1,420,1,95,1,39.4,33.6,90,120,0.705882353,30,0,0,0,210,55,50,0,0,0,0,65,0.684210526,15,0.157894737,0,0,0,0,0,0,25,0.208333333,0,0,0.950819672,0,375,0,175,55,0,60,0,0,0,0,0,0,0,255,0,0.277777778,0.087301587,0,0.095238095,0,0,0,0,0,0,0,0.404761905
ottawa_centretown_3024,3024,4945,365,0.073811931,1050,0.212335693,2695,0.544994944,0.166835187,0.05156724,0.284125379,0.037411527,0.018200202,0.014155713,0,0.429726997,0.067745197,0.276859504,0.048582996,0.148148148,0.593528817,27.1,16220,8850,15640,14060,48.2,69,0.618518519,335,4940,1,440,1,3680,1,825,1,41.3,36,825,285,0.57,185,90,70,0,1405,255,240,435,0.08805668,90,0.018218623,290,0.335260116,220,0.25433526,290,0.335260116,35,0.040462428,35,0.040462428,730,0.45482866,170,0.105919003,0.85,0.10982659,2125,205,565,600,50,260,115,70,140,60,0,0,35,2815,0.041456016,0.114256825,0.121334681,0.010111223,0.052578362,0.023255814,0.014155713,0.028311426,0.012133468,0,0,0.007077856,0.569261881
ottawa_chapel_hill_north_3025,3025,605,170,0.280991736,75,0.123966942,290,0.479338843,0.107438017,0.107438017,0.371900826,0,0,0,0,0.495867769,0.173553719,0.525,0.05785124,0.152542373,0.148760331,31,14550,14600,17800,19200,39.6,54,0.610169492,105,605,1,195,1,345,1,65,1,35.4,35.6,65,90,0.367346939,0,0,0,0,225,65,35,135,0.223140496,30,0.049586777,65,0.928571429,0,0,0,0,0,0,0,0,20,0.2,20,0.2,0.847457627,0,300,0,20,90,0,120,0,0,0,0,0,0,0,305,0,0.033057851,0.148760331,0,0.198347107,0,0,0,0,0,0,0,0.504132231
ottawa_chapel_hill_south_3026,3026,500,95,0.19,65,0.13,190,0.38,0.27,0.09,0.46,0.09,0,0.05,0,0.57,0.14,0.341463415,0.07,0.19047619,0.18,18.2,16800,10600,17600,17000,50,69,0.476190476,70,505,1,115,1,250,1,135,1,43.9,44,135,85,0.548387097,45,0,25,0,230,45,35,55,0.11,55,0.11,65,0.928571429,0,0,0,0,0,0,0,0,20,0.235294118,35,0.411764706,0.80952381,0,285,35,0,85,0,105,0,0,0,0,0,0,0,210,0.07,0,0.17,0,0.21,0,0,0,0,0,0,0,0.42
ottawa_chapman_mills_3027,3027,795,210,0.264150943,110,0.13836478,325,0.408805031,0.182389937,0.125786164,0.522012579,0,0,0,0,0.716981132,0.100628931,0.210526316,0.081761006,0.106060606,0.100628931,25,16000,9520,15300,13500,46.8,62.8,0.666666667,80,790,1,245,1,405,1,145,1,37,36.4,145,75,0.272727273,0,0,0,0,415,100,65,0,0,0,0,125,1,0,0,0,0,0,0,0,0,55,0.289473684,45,0.236842105,0.909090909,0,570,80,115,40,0,250,0,30,0,0,0,0,0,225,0.100628931,0.144654088,0.050314465,0,0.314465409,0,0.037735849,0,0,0,0,0,0.283018868
ottawa_city_view_3028,3028,775,150,0.193548387,170,0.219354839,345,0.44516129,0.116129032,0.090322581,0.219354839,0.051612903,0,0.032258065,0,0.548387097,0.04516129,0.25,0,0.152777778,0.193548387,18.9,11240,13050,13150,13300,42,49.6,0.638888889,35,770,1,175,1,510,1,90,1,33.1,27.8,90,90,0.473684211,40,0,25,0,170,70,0,50,0.064935065,0,0,95,0.542857143,75,0.428571429,0,0,0,0,0,0,30,0.142857143,35,0.166666667,0.833333333,0.142857143,425,50,115,85,0,90,0,0,0,0,0,0,0,345,0.064516129,0.148387097,0.109677419,0,0.116129032,0,0,0,0,0,0,0,0.44516129
ottawa_civic_hospital_3029,3029,495,55,0.111111111,230,0.464646465,180,0.363636364,0.03030303,0,0.121212121,0,0,0,0,0.545454545,0.04040404,0.4,0,0.076923077,0.383838384,43.2,14300,9500,11900,11400,37,56,0.794871795,20,490,1,80,1,395,1,15,1,30.6,22.6,15,65,0.866666667,0,0,0,0,60,0,0,55,0.111111111,0,0,50,0.526315789,25,0.263157895,0,0,0,0,0,0,30,0.24,0,0,0.923076923,0,270,0,75,135,0,35,0,0,0,0,0,0,0,220,0,0.151515152,0.272727273,0,0.070707071,0,0,0,0,0,0,0,0.444444444
ottawa_colonnade_business_park_3030,3030,NA,NA,NA,NA,NA,NA,NA,NA,NA,NA,NA,NA,NA,NA,NA,NA,NA,NA,NA,NA,NA,NA,NA,NA,NA,NA,NA,NA,NA,NA,NA,NA,NA,NA,NA,NA,NA,NA,NA,NA,NA,NA,NA,NA,NA,NA,NA,NA,NA,NA,NA,NA,NA,NA,NA,NA,NA,NA,NA,NA,NA,NA,NA,NA,NA,NA,NA,NA,NA,NA,NA,NA,NA,NA,NA,NA,NA,NA,NA,NA,NA,NA,NA,NA,NA,NA,NA,NA,NA,NA,NA,NA,NA,NA,NA,NA
ottawa_constance_bay_3031,3031,185,20,0.108108108,0,0,85,0.459459459,0.189189189,0,0.108108108,0,0,0,0,0,0,NA,0,0.291666667,0.324324324,23.5,15000,380,25600,26400,37,100,0.416666667,0,185,1,30,1,120,1,35,1,47.6,50.8,35,25,0.714285714,0,0,0,0,20,0,0,0,0,0,0,30,0.857142857,0,0,0,0,0,0,0,0,30,0.461538462,0,0,0.708333333,0,0,0,0,0,0,0,0,0,0,0,0,0,0,180,0,0,0,0,0,0,0,0,0,0,0,0,0.972972973
ottawa_convent_glen_orleans_woods_3032,3032,595,105,0.176470588,80,0.134453782,225,0.378151261,0.277310924,0.168067227,0.378151261,0.067226891,0,0.025210084,0,0.428571429,0.109243697,0.317073171,0,0.224489796,0.294117647,16.2,13500,11800,19600,19400,46,60,0.510204082,65,595,1,135,1,295,1,170,1,44.3,44.8,165,80,0.470588235,40,0,15,0,225,100,0,135,0.226890756,30,0.050420168,75,0.625,25,0.208333333,0,0,0,0,0,0,35,0.21875,35,0.21875,0.775510204,0.166666667,255,0,0,50,0,105,0,0,0,0,0,0,0,340,0,0,0.084033613,0,0.176470588,0,0,0,0,0,0,0,0.571428571
ottawa_corkery_3033,3033,130,30,0.230769231,0,0,0,0,0.230769231,0,0,0,0,0,0,0,0,NA,0,0,0.153846154,0,660,33000,41000,64000,12.8,33,0.454545455,0,130,1,30,1,70,1,25,1,40.8,37.2,30,0,0,0,0,0,0,0,0,0,0,0,0,0,20,0.8,0,0,0,0,0,0,0,0,15,0.375,0,0,0.818181818,0,0,0,0,0,0,0,0,0,0,0,0,0,0,120,0,0,0,0,0,0,0,0,0,0,0,0,0.923076923
ottawa_craig_henry_manordale_3034,3034,880,290,0.329545455,160,0.181818182,350,0.397727273,0.096590909,0.327683616,0.440677966,0,0,0,0,0.553672316,0.318181818,0.746666667,0.079096045,0.246376812,0.119318182,37.8,17500,9600,19600,15600,57.6,71,0.507246377,280,880,1,345,1,455,1,80,1,30,24.6,85,115,0.277108434,0,0,0,0,390,290,70,0,0,0,0,55,0.458333333,55,0.458333333,0,0,0,0,0,0,25,0.178571429,40,0.285714286,0.753623188,0,490,60,0,65,0,305,0,0,0,0,0,0,0,390,0.06779661,0,0.073446328,0,0.344632768,0,0,0,0,0,0,0,0.440677966
ottawa_crestview_tanglewood_3035,3035,475,100,0.210526316,130,0.273684211,145,0.305263158,0.136842105,0.147368421,0.347368421,0,0,0,0,0.452631579,0.126315789,0.461538462,0.063157895,0.166666667,0.189473684,23.1,14650,5720,15600,14000,37,70,0.638888889,60,475,1,120,1,290,1,65,1,34.8,25.2,65,50,0.322580645,0,0,0,0,165,70,30,0,0,0,0,90,0.782608696,20,0.173913043,0,0,0,0,0,0,35,0.233333333,40,0.266666667,0.805555556,0,215,35,0,0,0,115,0,0,0,0,0,0,0,260,0.073684211,0,0,0,0.242105263,0,0,0,0,0,0,0,0.547368421
ottawa_crystal_bay_lakeview_park_3036,3036,165,35,0.212121212,0,0,0,0,0.181818182,0,0.088235294,0,0,0,0,0,0,NA,0,0,0.424242424,0,5700,35500,30800,43000,13.2,26,0.6875,0,170,1,50,1,90,1,30,1,39,47.6,30,0,0,0,0,0,0,15,0,0,0,0,0,0,0,0,0,0,0,0,0,0,0,0,30,0.6,0,0,0.875,0,0,0,0,0,0,0,0,0,0,0,0,0,0,160,0,0,0,0,0,0,0,0,0,0,0,0,0.941176471
ottawa_cumberland_3037,3037,130,0,0,20,0.153846154,55,0.423076923,0.230769231,0,0,0.153846154,0,0,0,0,0,NA,0,0,0.384615385,0,12200,9200,21200,18400,34,68,0.857142857,0,135,1,0,NA,90,1,30,1,51.6,60.4,30,15,0.5,20,0,0,0,0,0,0,0,0,0,0,35,0.777777778,0,0,0,0,0,0,0,0,0,0,0,0,0.857142857,0,0,0,0,0,0,0,0,0,0,0,0,0,0,130,0,0,0,0,0,0,0,0,0,0,0,0,1
ottawa_dunrobin_3038,3038,125,0,0,0,0,65,0.52,0.28,0,0.28,0,0,0,0,0,0,NA,0,0,0.36,0,13200,6000,18800,19500,34,70,0.533333333,0,120,1,0,NA,80,1,35,1,58.4,63.6,35,0,NA,0,0,0,0,35,0,0,0,0,0,0,15,1,0,0,0,0,0,0,0,0,30,0.75,0,0,0.8,0,0,0,0,0,0,0,0,0,0,0,0,0,0,100,0,0,0,0,0,0,0,0,0,0,0,0,0.8
ottawa_edwards_carlsbad_springs_3039,3039,145,0,0,0,0,45,0.310344828,0.275862069,0,0,0,0,0,0,0,0,NA,0,0,0.379310345,23.1,14400,6400,30400,28400,36,72,0.470588235,0,145,1,0,NA,100,1,35,1,52.4,56.4,40,0,NA,0,0,0,0,0,0,0,0,0,0,0,20,0.666666667,0,0,0,0,0,0,0,0,0,0,0,0,0.882352941,0,0,0,0,0,0,0,0,0,0,0,0,0,0,130,0,0,0,0,0,0,0,0,0,0,0,0,0.896551724
ottawa_elmvale_canterbury_3040,3040,680,125,0.183823529,40,0.058823529,340,0.5,0.235294118,0.095588235,0.382352941,0.036764706,0.036764706,0,0,0.404411765,0.095588235,0.351351351,0.044117647,0.217391304,0.316176471,42.4,18400,7650,19100,15500,52.4,76.5,0.492753623,65,680,1,135,1,385,1,160,1,44.4,46.4,160,85,0.485714286,25,25,0,0,260,65,30,60,0.088235294,30,0.044117647,50,0.666666667,15,0.2,0,0,0,0,0,0,20,0.2,30,0.3,0.768115942,0,275,0,0,75,0,115,0,0,0,0,0,0,0,405,0,0,0.110294118,0,0.169117647,0,0,0,0,0,0,0,0.595588235
ottawa_emerald_woods_sawmill_creek_3041,3041,1190,410,0.344537815,160,0.134453782,485,0.407563025,0.12605042,0.260504202,0.521008403,0,0,0,0,0.697478992,0.319327731,0.644067797,0.092436975,0.326315789,0.130252101,33.3,19920,9700,17600,12700,68,77,0.442105263,380,1185,1,475,1,570,1,145,1,31.4,27.8,150,190,0.365384615,0,0,0,0,620,310,110,0,0,0,0,95,0.633333333,0,0,20,0.133333333,0,0,0,0,20,0.117647059,45,0.264705882,0.673684211,0,830,0,30,170,0,560,0,0,0,0,0,0,0,355,0,0.025210084,0.142857143,0,0.470588235,0,0,0,0,0,0,0,0.298319328
ottawa_experimental_farm_3042,3042,NA,NA,NA,NA,NA,NA,NA,NA,NA,NA,NA,NA,NA,NA,NA,NA,NA,NA,NA,NA,NA,NA,NA,NA,NA,NA,NA,NA,NA,NA,NA,NA,NA,NA,NA,NA,NA,NA,NA,NA,NA,NA,NA,NA,NA,NA,NA,NA,NA,NA,NA,NA,NA,NA,NA,NA,NA,NA,NA,NA,NA,NA,NA,NA,NA,NA,NA,NA,NA,NA,NA,NA,NA,NA,NA,NA,NA,NA,NA,NA,NA,NA,NA,NA,NA,NA,NA,NA,NA,NA,NA,NA,NA,NA,NA,NA
ottawa_fallingbrook_3043,3043,545,130,0.23853211,25,0.04587156,210,0.385321101,0.293577982,0,0.357798165,0,0,0,0,0.47706422,0,0,0.04587156,0.177777778,0.23853211,20,14750,7650,16500,13100,53.6,74,0.555555556,0,550,1,135,1,250,1,160,1,45.5,53.6,160,95,0.575757576,0,0,0,0,195,0,25,75,0.137614679,25,0.04587156,65,0.722222222,15,0.166666667,0,0,0,0,0,0,40,0.32,30,0.24,0.8,0.222222222,260,45,25,85,0,65,0,0,0,0,0,0,0,285,0.082568807,0.04587156,0.155963303,0,0.119266055,0,0,0,0,0,0,0,0.52293578
ottawa_findlay_creek_3044,3044,870,240,0.275862069,180,0.206896552,360,0.413793103,0.103448276,0.201149425,0.563218391,0,0,0,0,0.683908046,0.143678161,0.265957447,0.08045977,0.152777778,0.074712644,27.8,16600,11680,18500,18800,40.4,61.6,0.625,125,870,1,300,1,480,1,90,1,32.8,28.2,90,150,0.361445783,0,0,0,0,490,175,70,0,0,0,0,120,0.888888889,0,0,0,0,0,0,0,0,60,0.307692308,45,0.230769231,0.847222222,0,595,0,40,70,0,390,0,0,0,0,0,0,15,275,0,0.045977011,0.08045977,0,0.448275862,0,0,0,0,0,0,0.017241379,0.316091954
ottawa_fisher_heights_3045,3045,460,155,0.336956522,60,0.130434783,165,0.358695652,0.119565217,0.152173913,0.358695652,0,0,0,0,0.663043478,0.141304348,0.448275862,0.054347826,0.15,0.152173913,18.5,20000,9700,18400,12300,51,64,0.675,65,465,1,165,1,250,1,50,1,31.2,29.6,55,85,0.435897436,0,0,0,0,165,70,25,0,0,0,0,60,0.8,0,0,0,0,0,0,0,0,40,0.363636364,35,0.318181818,0.8,0,305,0,25,105,0,70,0,0,0,0,0,0,0,160,0,0.054347826,0.22826087,0,0.152173913,0,0,0,0,0,0,0,0.347826087
ottawa_fitzroy_3046,3046,205,0,0,0,0,40,0.195121951,0.43902439,0,0.195121951,0,0,0,0,0,0,NA,0,0,0.365853659,0,17200,7900,17800,13800,50,68,0.647058824,0,210,1,0,NA,105,1,90,1,56.2,59.6,90,25,0.714285714,0,0,0,0,40,0,0,0,0,0,0,30,0.6,0,0,0,0,0,0,0,0,20,0.285714286,0,0,0.882352941,0,0,0,0,0,0,0,0,0,0,0,0,0,0,205,0,0,0,0,0,0,0,0,0,0,0,0,1
ottawa_glebe_dows_lake_3047,3047,1005,60,0.059701493,260,0.258706468,450,0.447761194,0.218905473,0.049751244,0.23880597,0.039800995,0.019900498,0,0,0.288557214,0.029850746,0.146341463,0.04950495,0.065217391,0.417910448,27.2,-1444,43200,18080,47300,14.1,21.5,0.75,30,1010,1,65,1,715,1,225,1,43.3,39.2,220,55,0.458333333,40,20,0,0,240,50,50,65,0.064356436,0,0,85,0.404761905,45,0.214285714,55,0.261904762,15,0.071428571,0,0,160,0.426666667,30,0.08,0.934782609,0,290,25,80,25,0,55,0,0,25,0,0,15,20,720,0.024875622,0.07960199,0.024875622,0,0.054726368,0,0,0.024875622,0,0,0.014925373,0.019900498,0.71641791
ottawa_glen_cairn_3048,3048,715,180,0.251748252,100,0.13986014,310,0.433566434,0.160839161,0.13986014,0.34965035,0,0,0,0,0.412587413,0.06993007,0.217391304,0.062937063,0.109375,0.174825175,16.3,16300,11080,21800,21200,37.6,58.4,0.671875,50,720,1,230,1,380,1,110,1,38.8,40.4,115,125,0.454545455,0,0,0,0,250,100,45,0,0,0,0,100,0.8,25,0.2,0,0,0,0,0,0,50,0.27027027,45,0.243243243,0.90625,0,295,70,30,0,0,30,0,0,40,0,0,0,0,420,0.097902098,0.041958042,0,0,0.041958042,0,0,0.055944056,0,0,0,0,0.587412587
ottawa_greely_3049,3049,360,65,0.180555556,60,0.166666667,155,0.430555556,0.125,0,0.166666667,0,0,0,0,0.263888889,0,0,0,0.236842105,0.305555556,16,5400,19200,22600,24000,29.2,43,0.631578947,0,355,1,90,1,220,1,45,1,42,46.4,45,60,0.5,0,0,0,0,60,0,0,0,0,0,0,45,1,0,0,0,0,0,0,0,0,55,0.5,0,0,0.763157895,0,95,0,0,0,0,30,0,0,0,0,0,0,0,260,0,0,0,0,0.083333333,0,0,0,0,0,0,0,0.722222222
ottawa_greenbelt_east_3050,3050,55,0,0,0,0,0,0,0,0,0,0,0,0,0,0,0,NA,0,0,0,0,18000,10000,22000,19000,16,50,0,0,55,1,0,NA,40,1,0,NA,44,54,0,0,NA,0,0,0,0,0,0,0,0,0,0,0,0,NA,0,NA,0,NA,0,NA,0,NA,0,NA,0,NA,0,NA,0,0,0,0,0,0,0,0,0,0,0,0,0,40,0,0,0,0,0,0,0,0,0,0,0,0,0.727272727
ottawa_greenbelt_west_3051,3051,0,0,NA,0,NA,0,NA,NA,NA,NA,NA,NA,NA,NA,NA,NA,NA,NA,NA,NA,0,NA,NA,NA,NA,NA,NA,NA,0,NA,NA,NA,NA,NA,NA,NA,NA,NA,NA,0,0,NA,0,0,0,0,0,0,0,0,NA,0,NA,0,NA,0,NA,0,NA,0,NA,0,NA,0,NA,0,NA,NA,NA,0,0,0,0,0,0,0,0,0,0,0,0,0,0,NA,NA,NA,NA,NA,NA,NA,NA,NA,NA,NA,NA,NA
ottawa_greenboro_east_3052,3052,645,195,0.302325581,90,0.139534884,275,0.426356589,0.131782946,0.217054264,0.542635659,0,0,0,0,0.728682171,0.162790698,0.328125,0.085271318,0.222222222,0.170542636,28.6,13600,9400,17700,12900,56.4,68.5,0.611111111,105,645,1,220,1,340,1,80,1,34.3,31,85,120,0.470588235,0,0,0,0,350,140,55,0,0,0,0,105,0.875,0,0,0,0,0,0,0,0,35,0.225806452,30,0.193548387,0.796296296,0,470,60,0,115,0,165,0,0,50,0,0,0,0,175,0.093023256,0,0.178294574,0,0.255813953,0,0,0.07751938,0,0,0,0,0.271317829
ottawa_greenboro_west_3053,3053,565,135,0.238938053,95,0.168141593,250,0.442477876,0.150442478,0,0.318584071,0.044247788,0,0,0,0.513274336,0.132743363,0.5,0,0.34,0.10619469,38.1,17900,6400,16600,11600,69,84,0.42,75,560,1,170,1,305,1,90,1,37.6,37.6,85,215,0.895833333,25,0,0,0,180,0,0,25,0.044247788,0,0,45,1,0,0,0,0,0,0,0,0,25,0.357142857,20,0.285714286,0.66,0,290,0,0,100,0,150,0,0,0,0,0,0,0,275,0,0,0.17699115,0,0.265486726,0,0,0,0,0,0,0,0.486725664
ottawa_hawthorn_meadows_sheffield_glen_3054,3054,1185,260,0.219409283,155,0.130801688,620,0.523206751,0.135021097,0.084388186,0.4092827,0.084388186,0.046413502,0.029535865,0,0.620253165,0.130801688,0.348314607,0.075949367,0.231404959,0.383966245,31.1,17440,9200,17960,15600,61,78.4,0.462809917,155,1185,1,315,1,710,1,165,1,37.1,36.8,160,230,0.582278481,100,55,35,0,485,100,90,125,0.105485232,55,0.046413502,95,0.655172414,25,0.172413793,25,0.172413793,0,0,0,0,50,0.23255814,45,0.209302326,0.776859504,0,735,30,0,345,0,265,0,0,0,0,0,0,0,450,0.025316456,0,0.291139241,0,0.223628692,0,0,0,0,0,0,0,0.379746835
ottawa_hintonburg_mechanicsville_3055,3055,1435,170,0.118466899,105,0.073170732,760,0.529616725,0.271777003,0.041811847,0.331010453,0.034843206,0.024390244,0,0,0.348432056,0.097560976,0.345679012,0.069686411,0.17218543,0.602787456,30.4,18160,9600,18960,16200,56.4,76.4,0.59602649,140,1435,1,180,1,860,1,390,1,46.6,45.2,390,145,0.69047619,50,35,0,0,475,60,100,125,0.087108014,40,0.027874564,75,0.416666667,60,0.333333333,25,0.138888889,0,0,0,0,175,0.492957746,50,0.14084507,0.82781457,0,500,55,55,185,0,55,35,35,15,0,0,0,0,935,0.038327526,0.038327526,0.128919861,0,0.038327526,0.024390244,0.024390244,0.010452962,0,0,0,0,0.651567944
ottawa_hunt_club_park_3056,3056,850,240,0.282352941,110,0.129411765,370,0.435294118,0.152941176,0.035294118,0.4,0,0,0,0,0.664705882,0.141176471,0.387096774,0,0.219178082,0.123529412,32.6,10520,10600,19100,19800,55.2,77,0.424657534,120,850,1,295,1,425,1,130,1,35.4,33.2,130,270,0.710526316,0,0,0,0,340,30,0,50,0.058823529,55,0.064705882,110,0.916666667,0,0,0,0,0,0,0,0,20,0.142857143,40,0.285714286,0.780821918,0,565,0,0,290,0,185,0,0,0,0,0,0,0,285,0,0,0.341176471,0,0.217647059,0,0,0,0,0,0,0,0.335294118
ottawa_industrial_east_3057,3057,NA,NA,NA,NA,NA,NA,NA,NA,NA,NA,NA,NA,NA,NA,NA,NA,NA,NA,NA,NA,NA,NA,NA,NA,NA,NA,NA,NA,NA,NA,NA,NA,NA,NA,NA,NA,NA,NA,NA,NA,NA,NA,NA,NA,NA,NA,NA,NA,NA,NA,NA,NA,NA,NA,NA,NA,NA,NA,NA,NA,NA,NA,NA,NA,NA,NA,NA,NA,NA,NA,NA,NA,NA,NA,NA,NA,NA,NA,NA,NA,NA,NA,NA,NA,NA,NA,NA,NA,NA,NA,NA,NA,NA,NA,NA,NA
ottawa_iris_3058,3058,595,150,0.25210084,95,0.159663866,300,0.504201681,0.084033613,0.176470588,0.285714286,0.067226891,0.058823529,0,0,0.487394958,0.100840336,0.387096774,0.025210084,0.131147541,0.25210084,30.4,16800,9900,16000,13900,52,64,0.639344262,60,595,1,165,1,380,1,50,1,33.8,34,50,100,0.526315789,40,35,0,0,170,105,15,70,0.117647059,20,0.033613445,85,0.68,0,0,25,0.2,0,0,0,0,40,0.242424242,30,0.181818182,0.852459016,0,290,0,40,100,0,90,0,0,0,0,0,0,0,305,0,0.067226891,0.168067227,0,0.151260504,0,0,0,0,0,0,0,0.512605042
ottawa_island_park_wellington_village_3059,3059,145,0,0,0,0,45,0.310344828,0.172413793,0,0.103448276,0,0,0,0,0,0,NA,0,0,0.482758621,0,5900,23200,38500,48000,14.8,32,0.764705882,0,145,1,0,NA,95,1,30,1,42,42.8,25,0,0,0,0,0,0,15,0,0,0,0,0,0,0,0,0,0,0,0,0,0,0,0,50,0.666666667,0,0,0.941176471,0,0,0,0,0,0,0,0,0,0,0,0,0,0,125,0,0,0,0,0,0,0,0,0,0,0,0,0.862068966
ottawa_kanata_lakes_3060,3060,1305,320,0.245210728,160,0.122605364,605,0.463601533,0.164750958,0.187739464,0.517241379,0,0,0,0,0.670498084,0.042145594,0.083969466,0.107279693,0.040983607,0.16091954,14.5,11580,13450,17400,18100,31.7,47,0.844262295,55,1305,1,380,1,705,1,220,1,38.7,38,215,205,0.440860215,0,0,0,0,675,245,140,0,0,0,0,140,0.8,0,0,0,0,0,0,0,0,170,0.478873239,45,0.126760563,0.959016393,0,875,105,340,100,0,105,0,0,65,0,0,0,50,430,0.08045977,0.260536398,0.076628352,0,0.08045977,0,0,0.049808429,0,0,0,0.038314176,0.329501916
ottawa_katimavik_hazeldean_3061,3061,530,135,0.254716981,25,0.047169811,250,0.471698113,0.226415094,0.188679245,0.462264151,0,0,0,0,0.471698113,0.141509434,0.357142857,0.122641509,0.117647059,0.264150943,14.3,18300,9900,20600,19400,40,65,0.725490196,75,535,1,155,1,260,1,120,1,41.7,42.4,120,70,0.424242424,0,0,0,0,245,100,65,0,0,0,0,85,0.85,0,0,0,0,0,0,0,0,20,0.166666667,45,0.375,0.882352941,0,250,0,55,0,0,100,0,0,0,0,0,0,0,280,0,0.103773585,0,0,0.188679245,0,0,0,0,0,0,0,0.528301887
ottawa_kinburn_3062,3062,155,40,0.258064516,0,0,0,0,0.290322581,0,0.129032258,0,0,0,0,0,0,NA,0,0,0.225806452,0,10600,18800,27200,26800,31,44,0.615384615,0,155,1,40,1,75,1,40,1,43.2,43.2,45,0,0,0,0,0,0,20,0,0,0,0,0,0,45,1,0,0,0,0,0,0,0,0,0,0,0,0,0.923076923,0,0,0,0,0,0,0,0,0,0,0,0,0,0,155,0,0,0,0,0,0,0,0,0,0,0,0,1
ottawa_laurentian_3063,3063,750,115,0.153333333,70,0.093333333,405,0.54,0.24,0.08,0.253333333,0.02,0,0,0,0.286666667,0,0,0,0.088607595,0.346666667,25.5,14250,15200,29400,55000,22.4,54.4,0.670886076,0,755,1,130,1,435,1,180,1,45,44.4,180,50,0.303030303,15,0,0,0,190,60,0,65,0.086666667,0,0,55,0.578947368,30,0.315789474,0,0,0,0,0,0,80,0.457142857,15,0.085714286,0.911392405,0,215,55,40,0,0,25,0,0,0,0,0,0,0,540,0.073333333,0.053333333,0,0,0.033333333,0,0,0,0,0,0,0,0.72
NA,NA,NA,NA,NA,NA,NA,NA,NA,NA,NA,NA,NA,NA,NA,NA,NA,NA,NA,NA,NA,NA,NA,NA,NA,NA,NA,NA,NA,NA,NA,NA,NA,NA,NA,NA,NA,NA,NA,NA,NA,NA,NA,NA,NA,NA,NA,NA,NA,NA,NA,NA,NA,NA,NA,NA,NA,NA,NA,NA,NA,NA,NA,NA,NA,NA,NA,NA,NA,NA,NA,NA,NA,NA,NA,NA,NA,NA,NA,NA,NA,NA,NA,NA,NA,NA,NA,NA,NA,NA,NA,NA,NA,NA,NA,NA,NA,NA
ottawa_ledbury_heron_gate_ridgemont_3065,3065,3330,970,0.291291291,455,0.136636637,1410,0.423423423,0.151651652,0.128935532,0.458770615,0.022488756,0,0.016491754,0,0.727136432,0.238738739,0.559859155,0.086956522,0.325,0.231231231,28.5,19120,7760,18600,14400,66,83,0.457142857,795,3335,1,1105,1,1720,1,505,1,34.4,31.8,505,660,0.515625,75,0,55,0,1530,430,290,290,0.086956522,170,0.050974513,295,0.578431373,170,0.333333333,25,0.049019608,0,0,0,0,55,0.093220339,180,0.305084746,0.678571429,0.12745098,2425,130,105,1260,0,720,50,20,70,0,0,0,35,910,0.03898051,0.031484258,0.377811094,0,0.215892054,0.014992504,0.005997001,0.020989505,0,0,0,0.010494753,0.272863568
ottawa_leslie_park_bruce_farm_3066,3066,180,0,0,0,0,15,0.083333333,0.333333333,0.222222222,0.611111111,0,0,0,0,0.472222222,0,0,0.166666667,0,0.277777778,0,18400,6700,19600,14000,52,74,0.705882353,0,180,1,30,1,90,1,55,1,50.2,50.4,60,15,0.3,0,0,0,0,110,40,30,0,0,0,0,15,0.6,0,0,0,0,0,0,0,0,20,0.4,0,0,1,0,85,0,0,0,0,0,0,0,0,0,0,0,0,95,0,0,0,0,0,0,0,0,0,0,0,0,0.527777778
ottawa_lowertown_east_3067,3067,1805,275,0.152354571,285,0.157894737,855,0.473684211,0.216066482,0.091160221,0.389502762,0.033149171,0.019337017,0.008287293,0,0.577348066,0.16066482,0.432835821,0.046961326,0.238372093,0.493074792,27,17160,7240,16220,11720,70.8,82.6,0.488372093,290,1810,1,325,1,1095,1,390,1,41.8,40.4,390,250,0.632911392,60,35,15,0,705,165,85,450,0.248618785,180,0.099447514,85,0.361702128,100,0.425531915,40,0.170212766,0,0,0,0,120,0.328767123,60,0.164383562,0.761627907,0.085106383,1045,105,85,620,0,110,45,15,40,0,0,0,0,765,0.05801105,0.046961326,0.342541436,0,0.060773481,0.024861878,0.008287293,0.022099448,0,0,0,0,0.422651934
ottawa_lowertown_west_3068,3068,865,50,0.057803468,230,0.265895954,480,0.554913295,0.12716763,0.063583815,0.25433526,0.057803468,0.052023121,0,0,0.398843931,0.057803468,0.277777778,0,0.125,0.549132948,24.2,15000,9480,16120,13950,43.6,61.4,0.708333333,50,865,1,60,1,695,1,110,1,39.7,33.6,110,50,0.666666667,50,45,0,0,220,55,0,160,0.184971098,20,0.023121387,45,0.219512195,70,0.341463415,80,0.390243902,0,0,0,0,125,0.367647059,25,0.073529412,0.875,0,345,40,50,60,0,90,0,0,40,0,0,0,0,520,0.046242775,0.057803468,0.069364162,0,0.104046243,0,0,0.046242775,0,0,0,0,0.601156069
ottawa_manor_park_3069,3069,1370,205,0.149635036,115,0.083941606,615,0.448905109,0.317518248,0.124087591,0.354014599,0.054744526,0.02189781,0.02189781,0,0.445255474,0.142335766,0.458823529,0.02919708,0.254098361,0.368613139,26.2,18200,9240,16280,11000,69.2,77.2,0.516393443,195,1370,1,250,1,685,1,430,1,47.4,50.8,435,175,0.573770492,75,30,30,0,485,170,40,305,0.222627737,135,0.098540146,85,0.472222222,55,0.305555556,15,0.083333333,0,0,0,0,65,0.265306122,55,0.224489796,0.754098361,0.111111111,610,30,0,275,0,170,0,0,0,0,0,0,0,760,0.02189781,0,0.200729927,0,0.124087591,0,0,0,0,0,0,0,0.554744526
ottawa_manotick_3070,3070,440,105,0.238636364,30,0.068181818,210,0.477272727,0.215909091,0,0.295454545,0,0,0,0,0.25,0,0,0,0,0.193181818,25,14900,14300,23600,24200,25.2,53,0.714285714,0,440,1,130,1,215,1,90,1,42.4,46,95,45,0.321428571,0,0,0,0,130,0,0,0,0,0,0,65,0.928571429,0,0,0,0,0,0,0,0,55,0.44,25,0.2,0.928571429,0,110,0,0,0,0,40,0,0,0,0,0,0,0,325,0,0,0,0,0.090909091,0,0,0,0,0,0,0,0.738636364
ottawa_marlborough_3071,3071,120,25,0.208333333,0,0,0,0,0.291666667,0,0.208333333,0,0,0,0,0,0,NA,0,0,0.25,0,16400,6400,22800,16000,44,72,0.636363636,0,125,1,30,1,60,1,35,1,47.2,53.2,35,0,0,0,0,0,0,25,0,0,0,0,0,0,20,1,0,0,0,0,0,0,0,0,0,0,0,0,0.909090909,0,0,0,0,0,0,0,0,0,0,0,0,0,0,110,0,0,0,0,0,0,0,0,0,0,0,0,0.916666667
ottawa_merivale_gardens_grenfell_glen_pineglen_country_place_3072,3072,95,0,0,0,0,0,0,0,0,0.333333333,0,0,0,0,0,0,NA,0,0,0.157894737,0,12400,9200,18500,24000,36,72,0.75,0,90,1,0,NA,55,1,0,NA,47.2,52,0,0,NA,0,0,0,0,30,0,0,0,0,0,0,0,NA,0,NA,0,NA,0,NA,0,NA,0,0,0,0,1,NA,0,0,0,0,0,0,0,0,0,0,0,0,0,70,0,0,0,0,0,0,0,0,0,0,0,0,0.777777778
ottawa_metcalfe_3073,3073,280,30,0.107142857,25,0.089285714,155,0.553571429,0.196428571,0,0.214285714,0.089285714,0,0,0,0.196428571,0,0,0,0.242424242,0.232142857,12,5960,8000,-520,24000,36,64,0.424242424,0,280,1,45,1,175,1,55,1,46.6,50,55,25,0.5,25,0,0,0,60,0,0,0,0,0,0,50,0.833333333,0,0,0,0,0,0,0,0,50,0.454545455,50,0.454545455,0.757575758,0,55,0,0,0,0,0,0,0,0,0,0,0,0,220,0,0,0,0,0,0,0,0,0,0,0,0,0.785714286
ottawa_munster_ashton_3075,3075,175,35,0.2,0,0,25,0.142857143,0.2,0,0.114285714,0,0,0,0,0,0,NA,0,0,0.257142857,0,17600,14800,22400,22000,40,56,0.529411765,0,170,1,45,1,95,1,30,1,41.2,50.4,35,20,0.333333333,0,0,0,0,20,0,0,0,0,0,0,35,1,0,0,0,0,0,0,0,0,20,0.363636364,25,0.454545455,0.882352941,0,0,0,0,0,0,0,0,0,0,0,0,0,0,170,0,0,0,0,0,0,0,0,0,0,0,0,0.971428571
ottawa_richmond_3074,3074,300,40,0.133333333,0,0,85,0.283333333,0.3,0,0.15,0,0,0,0,0,0,NA,0,0.178571429,0.4,15.4,14000,6900,19600,17600,41,74,0.535714286,0,300,1,50,1,160,1,90,1,48.8,50,90,20,0.285714286,0,0,0,0,45,0,0,0,0,0,0,55,0.916666667,0,0,0,0,0,0,0,0,55,0.47826087,30,0.260869565,0.821428571,0,0,0,0,0,0,0,0,0,0,0,0,0,0,285,0,0,0,0,0,0,0,0,0,0,0,0,0.95
ottawa_navan_sarsfield_3076,3076,205,55,0.268292683,0,0,20,0.097560976,0.292682927,0,0,0,0,0,0,0,0,NA,0,0.357142857,0.243902439,0,18800,11200,18400,14400,54,70,0.428571429,0,200,1,60,1,80,1,65,1,42.6,42.8,60,45,0.6,0,0,0,0,0,0,0,85,0.425,40,0.2,35,0.875,0,0,0,0,0,0,0,0,0,0,15,0.333333333,0.714285714,0,0,0,0,0,0,0,0,0,0,0,0,0,0,155,0,0,0,0,0,0,0,0,0,0,0,0,0.756097561
ottawa_new_edinburgh_3077,3077,370,65,0.175675676,55,0.148648649,190,0.513513514,0.162162162,0.054054054,0.256756757,0,0,0,0,0.256756757,0.040540541,0.25,0,0.128205128,0.418918919,22.6,15400,8000,21000,18000,33.5,64,0.743589744,15,370,1,80,1,235,1,55,1,39.8,42,60,80,0.761904762,0,0,0,0,95,20,0,90,0.243243243,0,0,30,0.375,0,0,25,0.3125,0,0,0,0,45,0.375,20,0.166666667,0.897435897,0,95,0,0,45,0,0,0,0,0,0,0,0,0,270,0,0,0.121621622,0,0,0,0,0,0,0,0,0,0.72972973
ottawa_north_gower_kars_3078,3078,160,30,0.1875,0,0,0,0,0.28125,0,0.225806452,0,0,0,0,0.129032258,0,NA,0,0.2,0.3125,0,17200,9200,25600,27000,37,70,0.533333333,0,155,1,30,1,80,1,45,1,44.4,50,45,0,0,0,0,0,0,35,0,0,0,0,0,0,25,0.714285714,0,0,0,0,0,0,0,0,0,0,15,0.428571429,0.8,0,20,0,0,0,0,0,0,0,0,0,0,0,0,135,0,0,0,0,0,0,0,0,0,0,0,0,0.870967742
ottawa_old_barrhaven_east_3079,3079,1405,380,0.270462633,160,0.113879004,675,0.480427046,0.138790036,0.192170819,0.498220641,0.014234875,0,0,0,0.647686833,0.145907473,0.299270073,0.117437722,0.214814815,0.142348754,28.9,16520,9240,16560,13600,51.6,66,0.592592593,205,1410,1,460,1,755,1,195,1,37.1,38.8,195,235,0.431192661,20,0,0,0,700,270,165,0,0,0,0,140,0.777777778,0,0,20,0.111111111,0,0,0,0,90,0.333333333,60,0.222222222,0.785185185,0,910,80,165,95,0,365,0,0,0,65,0,0,25,500,0.056939502,0.117437722,0.067615658,0,0.259786477,0,0,0,0.046263345,0,0,0.017793594,0.355871886
ottawa_old_barrhaven_west_3080,3080,1120,340,0.303571429,140,0.125,535,0.477678571,0.09375,0.089285714,0.290178571,0.017857143,0,0,0,0.517857143,0.058035714,0.224137931,0.048888889,0.074074074,0.111607143,21.3,18300,14450,22200,26800,26,52,0.75,65,1125,1,415,1,605,1,110,1,33.8,32.4,105,205,0.422680412,20,0,0,0,325,100,55,0,0,0,0,150,0.857142857,0,0,0,0,0,0,0,0,125,0.431034483,55,0.189655172,0.925925926,0,580,80,80,50,0,200,35,0,0,0,0,0,85,545,0.071428571,0.071428571,0.044642857,0,0.178571429,0.03125,0,0,0,0,0,0.075892857,0.486607143
ottawa_old_hunt_club_3081,3081,1675,500,0.298507463,240,0.143283582,680,0.405970149,0.16119403,0.128358209,0.4,0.014925373,0.011940299,0,0,0.686567164,0.149253731,0.406504065,0.059701493,0.253731343,0.164179104,34.9,18400,9840,17960,13900,58.2,71.6,0.514925373,250,1675,1,575,1,830,1,275,1,35.2,31.6,270,325,0.492424242,25,20,0,0,670,215,100,125,0.074626866,45,0.026865672,160,0.666666667,60,0.25,15,0.0625,0,0,0,0,35,0.127272727,55,0.2,0.746268657,0.083333333,1150,30,80,540,35,390,25,0,0,0,0,0,15,530,0.017910448,0.047761194,0.32238806,0.020895522,0.232835821,0.014925373,0,0,0,0,0,0.008955224,0.31641791
ottawa_old_ottawa_east_3082,3082,1125,55,0.048888889,520,0.462222222,460,0.408888889,0.075555556,0.075555556,0.191111111,0.022222222,0,0,0,0.715555556,0.044444444,0.25,0,0.043478261,0.302222222,27.4,11500,10780,12680,14800,23.4,43,0.858695652,50,1125,1,65,1,975,1,85,1,32.4,24.8,85,40,0.571428571,25,0,0,0,215,85,0,125,0.111111111,0,0,85,0.369565217,115,0.5,0,0,0,0,0,0,160,0.41025641,40,0.102564103,0.956521739,0,805,65,400,160,0,60,20,0,0,0,0,0,0,315,0.057777778,0.355555556,0.142222222,0,0.053333333,0.017777778,0,0,0,0,0,0,0.28
ottawa_old_ottawa_south_3083,3083,315,50,0.158730159,75,0.238095238,110,0.349206349,0.174603175,0,0.238095238,0,0,0,0,0.365079365,0.047619048,0.3,0,0.142857143,0.380952381,33.3,16200,12900,19600,20800,35.5,55,0.821428571,15,320,1,65,1,200,1,50,1,39.8,41.2,55,60,0.75,0,0,0,0,75,0,0,0,0,0,0,25,0.714285714,0,0,0,0,0,0,0,0,45,0.6,0,0,0.892857143,0,115,0,0,35,0,35,0,0,0,0,0,0,0,205,0,0,0.111111111,0,0.111111111,0,0,0,0,0,0,0,0.650793651
ottawa_orleans_industrial_3084,3084,NA,NA,NA,NA,NA,NA,NA,NA,NA,NA,NA,NA,NA,NA,NA,NA,NA,NA,NA,NA,NA,NA,NA,NA,NA,NA,NA,NA,NA,NA,NA,NA,NA,NA,NA,NA,NA,NA,NA,NA,NA,NA,NA,NA,NA,NA,NA,NA,NA,NA,NA,NA,NA,NA,NA,NA,NA,NA,NA,NA,NA,NA,NA,NA,NA,NA,NA,NA,NA,NA,NA,NA,NA,NA,NA,NA,NA,NA,NA,NA,NA,NA,NA,NA,NA,NA,NA,NA,NA,NA,NA,NA,NA,NA,NA,NA
ottawa_orleans_village_chateauneuf_3085,3085,375,60,0.16,40,0.106666667,215,0.573333333,0.133333333,0,0.293333333,0,0,0,0,0.506666667,0,0,0,0.11627907,0.2,23.1,13600,12400,20400,20000,28.4,49,0.604651163,0,370,1,75,1,250,1,50,1,41.5,44,50,25,0.2,0,0,0,0,110,0,0,35,0.093333333,0,0,55,0.785714286,0,0,0,0,0,0,0,0,20,0.2,15,0.15,0.860465116,0,190,0,0,60,0,0,0,0,0,0,0,0,0,190,0,0,0.16,0,0,0,0,0,0,0,0,0,0.506666667
ottawa_osgoode_vernon_3086,3086,250,35,0.14,0,0,75,0.3,0.3,0,0,0,0,0,0,0,0,NA,0,0.222222222,0.3,0,16600,4680,18000,11600,55,78,0.555555556,0,255,1,35,1,145,1,75,1,50.2,57.2,75,0,0,0,0,0,0,0,0,0,0,0,0,0,60,1,0,0,0,0,0,0,0,0,30,0.352941176,25,0.294117647,0.740740741,0,0,0,0,0,0,0,0,0,0,0,0,0,0,230,0,0,0,0,0,0,0,0,0,0,0,0,0.92
ottawa_overbrook_3087,3087,4085,1010,0.247246022,615,0.150550796,1905,0.466340269,0.138310894,0.132190942,0.367197062,0.052631579,0.030599755,0.008567931,0.011015912,0.559363525,0.1750306,0.505300353,0.05752754,0.25984252,0.275397797,36.2,18040,8860,17460,15440,63,78.8,0.472440945,715,4090,1,1215,1,2305,1,565,1,35.9,33.6,565,875,0.622775801,215,125,35,45,1500,540,235,720,0.17625459,215,0.052631579,200,0.421052632,175,0.368421053,75,0.157894737,0,0,20,0.042105263,140,0.224,120,0.192,0.734908136,0.168421053,2285,165,85,1040,0,605,100,35,110,0,0,45,50,1800,0.040391677,0.020807834,0.254589963,0,0.148102815,0.024479804,0.008567931,0.026927785,0,0,0.011015912,0.012239902,0.440636475
ottawa_parkwood_hills_3088,3088,1380,450,0.326086957,225,0.163043478,620,0.449275362,0.06884058,0.322463768,0.5,0.032608696,0.018115942,0,0,0.739130435,0.315217391,0.649253731,0.112318841,0.254098361,0.134057971,28.6,19440,9800,16640,14550,58,72.4,0.516393443,435,1380,1,490,1,790,1,95,1,28.1,25.4,95,235,0.401709402,45,25,0,0,690,445,155,100,0.072463768,55,0.039855072,105,0.488372093,70,0.325581395,40,0.186046512,0,0,0,0,45,0.166666667,50,0.185185185,0.737704918,0.11627907,1020,135,0,405,0,400,0,0,0,0,0,0,0,360,0.097826087,0,0.293478261,0,0.289855072,0,0,0,0,0,0,0,0.260869565
ottawa_pineview_3089,3089,470,110,0.234042553,70,0.14893617,165,0.35106383,0.223404255,0.138297872,0.468085106,0.063829787,0.053191489,0,0,0.574468085,0.20212766,0.5,0.042553191,0.162162162,0.276595745,22.7,18400,7750,18800,14200,64,80,0.324324324,95,465,1,130,1,235,1,105,1,37.6,35.2,105,80,0.470588235,30,25,0,0,220,65,20,15,0.031914894,0,0,40,0.615384615,0,0,0,0,0,0,0,0,25,0.294117647,15,0.176470588,0.837837838,0,270,55,0,55,0,90,20,0,0,0,0,0,0,200,0.117021277,0,0.117021277,0,0.191489362,0.042553191,0,0,0,0,0,0,0.425531915
ottawa_playfair_park_guildwood_estates_3090,3090,420,85,0.202380952,0,0,130,0.30952381,0.357142857,0.119047619,0.44047619,0,0,0,0,0.476190476,0.178571429,0.5,0,0,0.321428571,20,18400,5680,16600,9400,69,82,0.617647059,75,425,1,90,1,180,1,150,1,46.8,48.8,150,20,0.181818182,0,0,0,0,185,50,0,25,0.05952381,0,0,55,0.733333333,0,0,0,0,0,0,0,0,20,0.19047619,15,0.142857143,0.882352941,0,200,0,0,0,0,150,0,0,0,0,0,0,0,220,0,0,0,0,0.357142857,0,0,0,0,0,0,0,0.523809524
ottawa_portobello_south_3091,3091,1360,430,0.316176471,190,0.139705882,510,0.375,0.169117647,0.169117647,0.485294118,0,0,0,0,0.643382353,0.095588235,0.211382114,0.047794118,0.116504854,0.139705882,21.6,18920,9880,17920,14100,51,66,0.689320388,130,1360,1,490,1,635,1,230,1,34.6,31.4,230,275,0.474137931,0,0,0,0,660,230,65,275,0.202205882,90,0.066176471,215,0.826923077,20,0.076923077,0,0,0,0,0,0,80,0.231884058,70,0.202898551,0.873786408,0.096153846,875,140,55,270,0,225,35,0,40,0,0,0,40,485,0.102941176,0.040441176,0.198529412,0,0.165441176,0.025735294,0,0.029411765,0,0,0,0.029411765,0.356617647
ottawa_qualicum_redwood_3092,3092,440,120,0.272727273,40,0.090909091,205,0.465909091,0.125,0.056818182,0.352272727,0,0,0,0,0.5,0.102272727,0.346153846,0.08045977,0.325581395,0.215909091,54.5,19000,7900,20600,19600,50,80,0.488372093,45,440,1,130,1,255,1,55,1,36.1,37.6,55,115,0.676470588,0,0,0,0,155,25,35,0,0,0,0,0,0,0,0,0,0,0,0,0,0,25,0.5,0,0,0.674418605,0,220,0,0,70,0,0,0,0,0,0,0,0,0,220,0,0,0.159090909,0,0,0,0,0,0,0,0,0,0.5
ottawa_queensway_terrace_north_3093,3093,195,25,0.128205128,35,0.179487179,60,0.307692308,0.128205128,0,0.282051282,0,0,0,0,0.41025641,0,0,0,0.142857143,0.205128205,0,-48800,47000,6950,98000,6.2,21,0.619047619,0,195,1,30,1,140,1,25,1,38.4,32,25,20,0.444444444,0,0,0,0,55,0,0,0,0,0,0,25,0.833333333,0,0,0,0,0,0,0,0,40,0.571428571,0,0,0.80952381,0,80,0,0,0,0,0,0,0,0,0,0,0,0,115,0,0,0,0,0,0,0,0,0,0,0,0,0.58974359
ottawa_queenswood_chatelaine_3094,3094,190,70,0.368421053,0,0,50,0.263157895,0.105263158,0,0.447368421,0,0,0,0,0.421052632,0,0,0,0,0.184210526,23.5,19200,7400,23200,20000,42,78,0.736842105,0,195,1,75,1,100,1,15,1,29.8,29.8,20,0,0,0,0,0,0,85,0,0,0,0,0,0,20,0.571428571,0,0,0,0,0,0,0,0,25,0.416666667,0,0,0.842105263,0,80,0,0,0,0,0,0,0,0,0,0,0,0,105,0,0,0,0,0,0,0,0,0,0,0,0,0.552631579
ottawa_queenswood_heights_3095,3095,465,120,0.258064516,55,0.11827957,205,0.440860215,0.182795699,0,0.322580645,0,0,0,0,0.344086022,0,0,0,0.19047619,0.215053763,31.3,16900,15600,18000,15300,51,56,0.571428571,0,470,1,135,1,250,1,85,1,39,41.6,85,90,0.620689655,0,0,0,0,150,0,0,85,0.182795699,0,0,60,0.857142857,0,0,0,0,0,0,0,0,40,0.347826087,0,0,0.80952381,0.214285714,160,0,0,55,0,65,0,0,0,0,0,0,0,310,0,0,0.11827957,0,0.139784946,0,0,0,0,0,0,0,0.666666667
ottawa_rideaucrest_davidson_heights_3097,3097,690,160,0.231884058,125,0.18115942,285,0.413043478,0.18115942,0.057553957,0.410071942,0,0,0,0,0.669064748,0.036231884,0.1,0.079136691,0.140350877,0.123188406,20,17100,9800,17400,16200,43.6,65,0.666666667,25,695,1,200,1,365,1,125,1,38,36.4,125,115,0.450980392,0,0,0,0,285,40,55,0,0,0,0,85,0.894736842,0,0,0,0,0,0,0,0,40,0.285714286,20,0.142857143,0.842105263,0,465,0,80,0,0,185,0,0,0,0,0,0,0,230,0,0.115107914,0,0,0.26618705,0,0,0,0,0,0,0,0.330935252
ottawa_riverside_park_mooneys_bay_3098,3098,635,135,0.212598425,105,0.165354331,255,0.401574803,0.220472441,0.251968504,0.472440945,0,0,0,0,0.535433071,0.236220472,0.555555556,0.078740157,0.20754717,0.25984252,35,17100,8000,19000,15900,53.2,72.5,0.547169811,150,630,1,145,1,350,1,140,1,38.4,34,140,65,0.361111111,0,0,0,0,300,160,50,35,0.05511811,0,0,70,0.777777778,20,0.222222222,0,0,0,0,0,0,40,0.296296296,35,0.259259259,0.79245283,0,340,25,30,60,0,170,0,0,35,0,0,0,0,300,0.039370079,0.047244094,0.094488189,0,0.267716535,0,0,0.05511811,0,0,0,0,0.472440945
ottawa_riverside_park_south_revelstoke_3099,3099,95,0,0,0,0,15,0.157894737,0.210526316,0,0.157894737,0,0,0,0,0,0,NA,0,0,0.578947368,0,18000,8800,17000,14400,40,60,0.625,0,95,1,0,NA,55,1,20,1,43.2,43.2,20,0,NA,0,0,0,0,15,0,0,0,0,0,0,10,0.5,0,0,0,0,0,0,0,0,0,0,15,0.428571429,0.75,0,0,0,0,0,0,0,0,0,0,0,0,0,0,80,0,0,0,0,0,0,0,0,0,0,0,0,0.842105263
ottawa_riverside_south_leitrim_3100,3100,865,225,0.260115607,100,0.115606936,405,0.468208092,0.150289017,0.167630058,0.549132948,0,0,0,0,0.693641618,0.069364162,0.137931034,0.080924855,0.048192771,0.132947977,23,14750,8840,15150,13450,36,60.8,0.698795181,60,860,1,270,1,465,1,130,1,35.7,33.2,130,105,0.323076923,0,0,0,0,475,145,70,0,0,0,0,135,0.931034483,0,0,0,0,0,0,0,0,85,0.354166667,40,0.166666667,0.927710843,0,600,50,150,50,0,270,0,0,0,0,0,0,0,260,0.057803468,0.173410405,0.057803468,0,0.312138728,0,0,0,0,0,0,0,0.300578035
ottawa_riverview_3101,3101,2275,370,0.162637363,585,0.257142857,930,0.408791209,0.171428571,0.081318681,0.294505495,0.015384615,0.010989011,0,0,0.681318681,0.079120879,0.295081967,0.057142857,0.129032258,0.287912088,34.5,16700,11220,16180,13880,47.2,62.7,0.698924731,180,2275,1,425,1,1460,1,390,1,36.1,27.8,390,230,0.484210526,35,25,0,0,670,185,130,170,0.074725275,115,0.050549451,205,0.532467532,115,0.298701299,55,0.142857143,0,0,0,0,155,0.28440367,55,0.100917431,0.876344086,0.064935065,1550,230,295,410,0,345,85,0,70,0,0,0,65,725,0.101098901,0.12967033,0.18021978,0,0.151648352,0.037362637,0,0.030769231,0,0,0,0.028571429,0.318681319
ottawa_rockcliffe_park_3102,3102,80,30,0.375,0,0,0,0,0,0,0.333333333,0,0,0,0,0.6,0,0,0,0,0,0,-8800,104000,90000,180000,2.8,7,0.833333333,0,80,1,40,1,40,1,0,NA,26,16.8,0,40,0.8,0,0,0,0,25,0,0,0,0,0,0,0,NA,0,NA,0,NA,0,NA,0,NA,0,NA,0,NA,1,NA,45,0,0,0,0,0,0,0,0,0,0,0,0,0,0,0,0,0,0,0,0,0,0,0,0,0,0
ottawa_rothwell_heights_beacon_hill_north_3103,3103,505,135,0.267326733,70,0.138613861,220,0.435643564,0.138613861,0.188118812,0.386138614,0,0,0,0,0.415841584,0.138613861,0.388888889,0.04950495,0.130434783,0.217821782,26.5,15200,15900,19200,28400,32.5,56,0.695652174,70,505,1,165,1,275,1,70,1,37.5,41.2,70,80,0.390243902,0,0,0,0,195,95,25,55,0.108910891,15,0.02970297,60,0.8,0,0,0,0,0,0,0,0,50,0.4,20,0.16,0.891304348,0,210,0,50,55,0,0,0,0,0,0,0,0,0,300,0,0.099009901,0.108910891,0,0,0,0,0,0,0,0,0,0.594059406
ottawa_sandy_hill_3104,3104,3060,345,0.112745098,1240,0.405228758,1175,0.383986928,0.094771242,0.076797386,0.253267974,0.04248366,0.016339869,0.02124183,0,0.529411765,0.078431373,0.340425532,0.017973856,0.109243697,0.357843137,32.3,15180,8980,12880,11370,37.1,57.7,0.75210084,240,3065,1,390,1,2385,1,290,1,31.8,24.6,290,230,0.534883721,130,50,65,0,775,235,55,485,0.158496732,150,0.049019608,160,0.25,200,0.3125,195,0.3046875,50,0.078125,0,0,345,0.350253807,125,0.126903553,0.890756303,0.046875,1620,125,310,535,0,340,90,35,90,15,0,40,25,1440,0.040849673,0.10130719,0.174836601,0,0.111111111,0.029411765,0.011437908,0.029411765,0.004901961,0,0.013071895,0.008169935,0.470588235
ottawa_south_keys_3105,3105,295,65,0.220338983,60,0.203389831,90,0.305084746,0.118644068,0,0.305084746,0,0,0,0,0.677966102,0.169491525,0.666666667,0,0,0.322033898,30,15700,6000,17600,17200,32,72,0.576923077,50,300,1,70,1,195,1,30,1,35.2,27.6,35,0,0,0,0,0,0,90,0,0,0,0,0,0,50,1,0,0,0,0,0,0,0,0,0,0,0,0,0.923076923,0,200,0,50,0,0,85,0,0,0,0,0,0,0,100,0,0.169491525,0,0,0.288135593,0,0,0,0,0,0,0,0.338983051
ottawa_stittsville_3106,3106,500,95,0.19,30,0.06,205,0.41,0.29,0.07,0.36,0,0,0,0,0.33,0,0,0,0.136363636,0.31,0,10320,16000,30400,35200,24.2,48,0.727272727,0,505,1,115,1,245,1,145,1,46,48.8,145,60,0.461538462,0,0,0,0,180,35,0,0,0,0,0,75,0.882352941,0,0,0,0,0,0,0,0,65,0.448275862,30,0.206896552,0.840909091,0,165,0,30,0,0,40,0,0,0,0,0,0,0,340,0,0.06,0,0,0.08,0,0,0,0,0,0,0,0.68
ottawa_stittsville_east_3107,3107,520,195,0.375,50,0.096153846,225,0.432692308,0.057692308,0.085714286,0.361904762,0,0,0,0,0.428571429,0.067307692,0.2,0.104761905,0,0.115384615,34.3,17800,11600,43200,73000,10.6,56,0.765957447,35,525,1,220,1,265,1,35,1,30,25.8,30,125,0.5,0,0,0,0,190,45,55,0,0,0,0,45,0.692307692,0,0,0,0,0,0,0,0,40,0.347826087,20,0.173913043,0.936170213,0,225,0,45,0,0,60,0,0,0,0,0,0,0,300,0,0.085714286,0,0,0.114285714,0,0,0,0,0,0,0,0.571428571
ottawa_stittsville_north_3108,3108,595,175,0.294117647,35,0.058823529,265,0.445378151,0.168067227,0.177966102,0.406779661,0.042372881,0,0,0,0.372881356,0,0,0.050847458,0.117647059,0.134453782,18.8,14500,10700,17200,18400,33,56.4,0.764705882,0,595,1,200,1,290,1,100,1,36.3,35.6,100,95,0.422222222,25,0,0,0,240,105,30,0,0,0,0,55,0.733333333,0,0,0,0,0,0,0,0,50,0.384615385,15,0.115384615,0.901960784,0,220,0,60,0,0,0,0,0,0,0,0,0,0,375,0,0.101694915,0,0,0,0,0,0,0,0,0,0,0.63559322
ottawa_stonebridge_half_moon_bay_3109,3109,1590,500,0.314465409,170,0.106918239,755,0.474842767,0.097484277,0.144654088,0.443396226,0,0,0,0,0.764150943,0.056603774,0.134328358,0.075471698,0.072368421,0.122641509,23.1,16320,8560,18840,18500,31.5,63.4,0.815789474,90,1585,1,600,1,830,1,155,1,32.3,32.4,155,265,0.401515152,0,0,0,0,705,230,120,0,0,0,0,205,0.911111111,0,0,0,0,0,0,0,0,170,0.409638554,65,0.156626506,0.927631579,0,1215,150,385,150,0,335,55,25,40,0,0,0,0,370,0.094339623,0.242138365,0.094339623,0,0.210691824,0.034591195,0.01572327,0.025157233,0,0,0,0,0.232704403
ottawa_trend_arlington_3110,3110,190,0,0,0,0,55,0.289473684,0.184210526,0,0.5,0,0,0,0,0.394736842,0.315789474,0.75,0,0.272727273,0.342105263,0,14400,10600,20800,21200,35,60,0.636363636,60,195,1,35,1,120,1,35,1,42.2,39.2,35,20,0.4,0,0,0,0,95,0,0,0,0,0,0,20,0.666666667,0,0,0,0,0,0,0,0,20,0.4,0,0,0.727272727,0,75,0,0,0,0,0,0,0,0,0,0,0,0,120,0,0,0,0,0,0,0,0,0,0,0,0,0.631578947
ottawa_vanier_north_3111,3111,1780,325,0.18258427,240,0.134831461,995,0.558988764,0.126404494,0.064606742,0.20505618,0.109550562,0.050561798,0.033707865,0,0.328651685,0.039325843,0.233333333,0.028089888,0.257575758,0.362359551,25,17520,8020,16480,12420,60.8,76,0.52020202,70,1775,1,380,1,1170,1,220,1,38.6,37.2,225,245,0.563218391,195,90,60,0,365,115,50,370,0.207865169,90,0.050561798,185,0.528571429,100,0.285714286,45,0.128571429,0,0,0,0,110,0.23655914,95,0.204301075,0.742424242,0,585,35,30,345,0,60,45,0,0,0,0,0,0,1190,0.019662921,0.016853933,0.193820225,0,0.033707865,0.025280899,0,0,0,0,0,0,0.668539326
ottawa_vanier_south_3112,3112,1565,200,0.127795527,225,0.143769968,750,0.479233227,0.249201278,0.127795527,0.319488818,0.057507987,0.03514377,0.015974441,0,0.415335463,0.111821086,0.406976744,0.031948882,0.253333333,0.444089457,25.3,17800,7700,16520,10880,67.2,76.8,0.5,175,1560,1,240,1,930,1,390,1,44.4,45.2,390,170,0.548387097,90,55,25,0,500,200,50,390,0.249201278,135,0.086261981,135,0.490909091,95,0.345454545,20,0.072727273,0,0,25,0.090909091,85,0.22972973,65,0.175675676,0.746666667,0,650,35,0,345,0,165,0,35,0,0,0,0,0,915,0.022364217,0,0.220447284,0,0.10543131,0,0.022364217,0,0,0,0,0,0.584664537
ottawa_vars_3113,3113,130,0,0,0,0,0,0,0.384615385,0,0,0,0,0,0,0,0,NA,0,0,0.269230769,0,15800,7400,22400,23200,32,68,0.615384615,0,130,1,0,NA,70,1,50,1,53.2,58.4,50,20,0.666666667,0,0,0,0,0,0,0,60,0.461538462,0,0,35,1,0,0,0,0,0,0,0,0,0,0,0,0,0.846153846,0,0,0,0,0,0,0,0,0,0,0,0,0,0,135,0,0,0,0,0,0,0,0,0,0,0,0,1
ottawa_waterridge_village_3114,3114,315,65,0.206349206,30,0.095238095,120,0.380952381,0.111111111,0.095238095,0.333333333,0.063492063,0,0,0,0.492063492,0.174603175,0.523809524,0,0.205882353,0.285714286,0,17000,13200,16200,12600,66,72,0.617647059,55,320,1,75,1,210,1,40,1,38.8,36,35,50,0.588235294,20,0,0,0,105,30,0,65,0.206349206,30,0.095238095,25,0.555555556,0,0,0,0,0,0,0,0,0,0,0,0,0.764705882,0,155,0,0,50,0,30,0,0,0,0,0,0,0,160,0,0,0.158730159,0,0.095238095,0,0,0,0,0,0,0,0.507936508
ottawa_west_centretown_3115,3115,1915,205,0.107049608,280,0.146214099,820,0.428198433,0.321148825,0.060052219,0.378590078,0.054830287,0.023498695,0.007832898,0,0.464751958,0.09921671,0.306451613,0.140992167,0.233128834,0.506527415,31.4,17980,8220,17740,13960,65.4,80.8,0.533742331,190,1910,1,230,1,1070,1,615,1,47.6,50.8,615,140,0.518518519,105,45,15,0,725,115,270,120,0.062663185,0,0,90,0.36,85,0.34,60,0.24,0,0,0,0,105,0.295774648,65,0.183098592,0.779141104,0.16,890,30,250,185,0,110,0,170,0,0,0,0,45,1025,0.015665796,0.130548303,0.096605744,0,0.057441253,0,0.088772846,0,0,0,0,0.023498695,0.535248042
ottawa_westboro_3116,3116,1375,150,0.109090909,135,0.098181818,565,0.410909091,0.370909091,0.069090909,0.367272727,0.029090909,0.014545455,0.010909091,0,0.385454545,0.094545455,0.295454545,0.083941606,0.189655172,0.538181818,28.6,15400,12000,21240,20200,51,70.4,0.594827586,130,1375,1,190,1,670,1,510,1,51.3,58,510,115,0.5,40,20,15,0,505,95,115,165,0.120437956,90,0.065693431,95,0.655172414,30,0.206896552,15,0.103448276,0,0,0,0,150,0.5,35,0.116666667,0.801724138,0,530,35,125,235,0,85,20,0,0,0,0,0,0,840,0.025454545,0.090909091,0.170909091,0,0.061818182,0.014545455,0,0,0,0,0,0,0.610909091
ottawa_whitehaven_woodpark_glabar_park_3117,3117,1130,70,0.061946903,135,0.119469027,560,0.495575221,0.327433628,0.053097345,0.296460177,0.039823009,0.022123894,0.017699115,0,0.256637168,0.066371681,0.288461538,0.030973451,0.145454545,0.526548673,34.8,17320,8360,16440,14500,57,76,0.6,75,1125,1,100,1,660,1,365,1,51.1,58.4,370,90,0.666666667,45,25,20,0,335,60,35,10,0.008849558,0,0,75,0.6,25,0.2,15,0.12,0,0,0,0,85,0.395348837,40,0.186046512,0.854545455,0.16,290,20,40,140,0,0,30,0,25,0,0,0,15,835,0.017699115,0.03539823,0.123893805,0,0,0.026548673,0,0.022123894,0,0,0,0.013274336,0.738938053
