name,VAR_ID,ind or hh,airport_3001,alta_vista_3002,bayshore_3003,beacon_hill_south_cardinal_heights_3004,beaverbrook_3005,beechwood_cemetery_3006,bells_corners_east_3007,bells_corners_west_3008,billings_bridge_heron_park_3009,blackburn_hamlet_3010,blossom_park_timbermill_3011,borden_farm_fisher_glen_3012,braemar_park_belair_heights_copeland_park_3013,bridlewood_emerald_meadows_3014,britannia_3015,brookside_briarbrook_morgans_grant_3016,cardinal_creek_3017,carleton_heights_courtland_park_3018,carleton_university_3019,carlington_3020,carp_3021,carson_grove_carson_meadows_3022,centrepointe_briargreen_3023,centretown_3024,chapel_hill_north_3025,chapel_hill_south_3026,chapman_mills_3027,city_view_3028,civic_hospital_3029,colonnade_business_park_3030,constance_bay_3031,convent_glen_orleans_woods_3032,corkery_3033,craig_henry_manordale_3034,crestview_tanglewood_3035,crystal_bay_lakeview_park_3036,cumberland_3037,dunrobin_3038,edwards_carlsbad_springs_3039,elmvale_canterbury_3040,emerald_woods_sawmill_creek_3041,experimental_farm_3042,fallingbrook_3043,findlay_creek_3044,fisher_heights_3045,fitzroy_3046,glebe_dows_lake_3047,glen_cairn_3048,greely_3049,greenbelt_east_3050,greenbelt_west_3051,greenboro_east_3052,greenboro_west_3053,hawthorn_meadows_sheffield_glen_3054,hintonburg_mechanicsville_3055,hunt_club_park_3056,industrial_east_3057,iris_3058,island_park_wellington_village_3059,kanata_lakes_3060,katimavik_hazeldean_3061,kinburn_3062,laurentian_3063,NA,ledbury_heron_gate_ridgemont_3065,leslie_park_bruce_farm_3066,lowertown_east_3067,lowertown_west_3068,manor_park_3069,manotick_3070,marlborough_3071,merivale_gardens_grenfell_glen_pineglen_country_place_3072,metcalfe_3073,munster_ashton_3075,richmond_3074,navan_sarsfield_3076,new_edinburgh_3077,north_gower_kars_3078,old_barrhaven_east_3079,old_barrhaven_west_3080,old_hunt_club_3081,old_ottawa_east_3082,old_ottawa_south_3083,orleans_industrial_3084,orleans_village_chateauneuf_3085,osgoode_vernon_3086,overbrook_3087,parkwood_hills_3088,pineview_3089,playfair_park_guildwood_estates_3090,portobello_south_3091,qualicum_redwood_3092,queensway_terrace_north_3093,queenswood_chatelaine_3094,queenswood_heights_3095,rideaucrest_davidson_heights_3097,riverside_park_mooneys_bay_3098,riverside_park_south_revelstoke_3099,riverside_south_leitrim_3100,riverview_3101,rockcliffe_park_3102,rothwell_heights_beacon_hill_north_3103,sandy_hill_3104,south_keys_3105,stittsville_3106,stittsville_east_3107,stittsville_north_3108,stonebridge_half_moon_bay_3109,trend_arlington_3110,vanier_north_3111,vanier_south_3112,vars_3113,waterridge_village_3114,west_centretown_3115,westboro_3116,whitehaven_woodpark_glabar_park_3117
ONS_ID,VAR200,oth,3001,3002,3003,3004,3005,3006,3007,3008,3009,3010,3011,3012,3013,3014,3015,3016,3017,3018,3019,3020,3021,3022,3023,3024,3025,3026,3027,3028,3029,3030,3031,3032,3033,3034,3035,3036,3037,3038,3039,3040,3041,3042,3043,3044,3045,3046,3047,3048,3049,3050,3051,3052,3053,3054,3055,3056,3057,3058,3059,3060,3061,3062,3063,NA,3065,3066,3067,3068,3069,3070,3071,3072,3073,3075,3074,3076,3077,3078,3079,3080,3081,3082,3083,3084,3085,3086,3087,3088,3089,3090,3091,3092,3093,3094,3095,3097,3098,3099,3100,3101,3102,3103,3104,3105,3106,3107,3108,3109,3110,3111,3112,3113,3114,3115,3116,3117
total_population,VAR1,ind,295,7775,14255,7700,6780,NA,5005,4155,5875,8040,9290,8195,8975,25705,8445,15480,12910,8190,NA,15650,6335,10320,9100,31355,11755,14245,12205,6325,5575,NA,2200,14400,3825,8670,8275,3965,4405,5755,2950,8175,5610,NA,18030,14240,4380,3985,13255,12270,10540,265,150,6180,5445,6765,10725,8515,NA,5690,5460,19390,11135,2680,10945,NA,14000,2915,6770,5315,8150,10375,2255,2950,5845,3905,8490,2990,5285,4995,23825,22415,16455,8420,6430,NA,11225,5610,20735,5980,6210,6115,29890,4370,3235,4270,10020,14305,4545,2930,19055,12725,1645,10525,13390,2700,21985,10525,12710,27255,4780,10290,7085,2820,2550,8350,12095,10805
percent_of_pop_that_are_seniors_age_65,VAR2,ind,0.254237288,0.195498392,0.133988074,0.187662338,0.220501475,NA,0.218781219,0.167268351,0.176170213,0.208955224,0.128094726,0.295302013,0.202785515,0.123127796,0.229129663,0.090439276,0.116576297,0.170940171,NA,0.115654952,0.181531176,0.204457364,0.187912088,0.129484931,0.188855806,0.107406107,0.088897993,0.154940711,0.160538117,NA,0.179545455,0.242361111,0.137254902,0.183967705,0.18489426,0.250945776,0.212258797,0.177237185,0.218644068,0.2,0.173796791,NA,0.156683306,0.068469101,0.192922374,0.21706399,0.198038476,0.147106764,0.152751423,0.132075472,0.166666667,0.120550162,0.141414141,0.135994087,0.137529138,0.146212566,NA,0.15026362,0.181318681,0.190562145,0.178715761,0.151119403,0.20740064,NA,0.0975,0.20754717,0.17577548,0.171213547,0.254601227,0.220722892,0.181818182,0.3,0.145423439,0.195902689,0.184923439,0.180602007,0.265846736,0.188188188,0.102833158,0.140084765,0.198116074,0.144299287,0.15474339,NA,0.204454343,0.171122995,0.156016397,0.08361204,0.150563607,0.25838103,0.089662094,0.155606407,0.171561051,0.238875878,0.239520958,0.098566935,0.217821782,0.267918089,0.094463395,0.191355599,0.234042553,0.233254157,0.120612397,0.240740741,0.169433705,0.065558195,0.097560976,0.086956522,0.228033473,0.162779397,0.228652082,0.163120567,0.137254902,0.158083832,0.209177346,0.287829708
number_of_seniors_age_65,VAR3,ind,75,1520,1910,1445,1495,NA,1095,695,1035,1680,1190,2420,1820,3165,1935,1400,1505,1400,NA,1810,1150,2110,1710,4060,2220,1530,1085,980,895,NA,395,3490,525,1595,1530,995,935,1020,645,1635,975,NA,2825,975,845,865,2625,1805,1610,35,25,745,770,920,1475,1245,NA,855,990,3695,1990,405,2270,NA,1365,605,1190,910,2075,2290,410,885,850,765,1570,540,1405,940,2450,3140,3260,1215,995,NA,2295,960,3235,500,935,1580,2680,680,555,1020,2400,1410,990,785,1800,2435,385,2455,1615,650,3725,690,1240,2370,1090,1675,1620,460,350,1320,2530,3110
average_age_of_the_population,VAR4,ind,50.6,42.4,37,41.3,43.3,NA,45.1,41.2,40.1,42.3,38.8,47.6,42.4,38.3,44.1,35.9,38,40.1,NA,37.8,41.8,43,42.4,39.9,41.7,37.3,35.4,38.2,40.8,NA,44.8,44.2,40.9,40.3,41.5,46,45.3,42.5,46.2,43.2,39.4,NA,41.1,33.4,41.4,44.8,42.4,38.9,41,43.2,44,39.1,38.8,38.6,39.7,39.7,NA,39.4,41.8,42.5,41.4,40.6,43.4,NA,34.4,44.8,39.4,43.8,46.2,44.2,42.8,48.3,41,43.2,41.5,42.2,46.8,41.7,37.3,39.2,41.1,39.1,40.2,NA,43.5,41.9,39.4,32,39.5,45.4,35,40.7,41.4,44.7,45,38.1,43.2,45.9,35.8,40.5,44.5,43.8,36.5,43.9,40.9,32.2,35.9,34.3,43.8,41.1,44.9,42.7,37.9,40.4,43.5,47.7
median_age_of_the_population,VAR5,ind,54.8,43.6,33.2,40,44,NA,47.6,39.6,34.4,42.8,38.8,49.2,39.6,39.2,42.4,37.2,39.2,35.6,NA,36.8,45.2,42.8,43.2,34.8,43.2,37.2,34.8,31.8,40.4,NA,48.8,46,44,39.2,39.2,48.8,49.6,46.4,50.8,43.6,37.2,NA,42.8,32.8,38.8,49.6,41.2,38,44,47.6,46.4,38,37.6,36.4,36,39.2,NA,36,43.2,44.8,41.6,42,45.6,NA,31.8,45.6,35.2,40.4,47.6,48,45.6,52.4,43.6,46.4,43.6,44.8,48,44,37.2,40,39.6,35.6,41.6,NA,46,43.6,37.6,28.4,38.4,46.4,35.2,38.8,40,46,47.2,40,41.6,47.2,36.4,35.2,50,46,29.8,42,43.2,32,36.4,34.8,45.2,38.8,44,46,35.6,36.4,42.8,50.4
number_of_children_living_in_one_parent_families,VAR6,hh,25,325,1890,720,615,NA,340,465,530,710,885,455,540,1445,915,1040,930,715,NA,1670,255,1140,670,915,915,930,715,390,215,NA,170,1095,145,820,565,210,185,150,190,590,530,NA,1285,970,305,155,540,920,445,0,0,600,795,720,555,1115,NA,500,135,870,860,90,695,NA,2180,245,855,205,610,375,100,135,235,165,395,110,315,210,2030,1465,1560,295,320,NA,740,265,2610,585,700,405,2335,420,255,290,685,990,265,135,1250,870,75,860,700,175,1145,675,720,1515,305,895,535,130,225,445,605,550
percent_of_children_living_in_one_parent_families,VAR7,hh,0.3125,0.144124169,0.408648649,0.319290466,0.288056206,NA,0.259541985,0.370517928,0.445378151,0.273076923,0.256150507,0.230964467,0.256532067,0.156639566,0.452970297,0.17035217,0.196202532,0.37434555,NA,0.360691145,0.120283019,0.384485666,0.253308129,0.302479339,0.231939163,0.180407371,0.148186528,0.266211604,0.155797101,NA,0.306306306,0.255841121,0.114624506,0.27749577,0.234927235,0.202898551,0.141762452,0.079575597,0.2375,0.268181818,0.263027295,NA,0.208434712,0.163989856,0.244,0.144859813,0.180602007,0.23028786,0.123955432,0,0,0.268456376,0.388753056,0.340425532,0.311797753,0.332339791,NA,0.363636364,0.08490566,0.137876387,0.246418338,0.100558659,0.220285261,NA,0.418426104,0.342657343,0.513513514,0.5,0.334246575,0.114854518,0.147058824,0.160714286,0.126344086,0.142857143,0.146025878,0.117647059,0.276315789,0.12962963,0.230028329,0.186862245,0.287822878,0.182662539,0.162849873,NA,0.214804064,0.15497076,0.403400309,0.281927711,0.335731415,0.221917808,0.199657973,0.3099631,0.289772727,0.260089686,0.252302026,0.182152714,0.222689076,0.162650602,0.176678445,0.325842697,0.12195122,0.246418338,0.357142857,0.286885246,0.148797921,0.184174625,0.161616162,0.144768275,0.211805556,0.43872549,0.461206897,0.153846154,0.306122449,0.333333333,0.231357553,0.227272727
number_of_people_living_alone,VAR8,ind,25,655,1795,1025,710,NA,600,590,1280,710,620,1350,1270,1360,2085,660,745,1195,NA,2815,360,1575,810,12285,770,720,510,565,820,NA,295,1370,110,625,755,355,225,270,250,1085,595,NA,1005,615,425,290,2480,955,420,20,20,550,350,1160,3245,560,NA,795,625,1680,890,145,1535,NA,1885,455,1950,1990,1835,605,130,200,320,230,565,195,1040,265,1330,1210,1545,1245,590,NA,665,300,3300,630,505,800,1650,395,340,515,885,700,705,240,1045,2340,70,840,3690,395,1240,445,860,1380,400,2510,2060,170,370,2450,2740,2340
percent_of_people_living_alone,VAR9,ind,0.084745763,0.084244373,0.12592073,0.133116883,0.104719764,NA,0.11988012,0.141997593,0.21787234,0.088308458,0.066738428,0.164734594,0.141504178,0.052907995,0.246891652,0.042635659,0.057707204,0.145909646,NA,0.179872204,0.056827151,0.152616279,0.089010989,0.39180354,0.065504041,0.050544051,0.041786153,0.089328063,0.147085202,NA,0.134090909,0.095138889,0.02875817,0.072087659,0.091238671,0.089533417,0.05107832,0.046915725,0.084745763,0.132721713,0.106060606,NA,0.055740433,0.043188202,0.097031963,0.072772898,0.187099208,0.077832111,0.039848197,0.075471698,0.133333333,0.088996764,0.064279155,0.171470806,0.302564103,0.065766295,NA,0.139718805,0.114468864,0.086642599,0.079928154,0.054104478,0.140246688,NA,0.134642857,0.156089194,0.288035451,0.374412041,0.225153374,0.058313253,0.057649667,0.06779661,0.054747648,0.058898848,0.066548881,0.065217391,0.196783349,0.053053053,0.055823715,0.053981709,0.093892434,0.147862233,0.091757387,NA,0.059242762,0.053475936,0.159151194,0.105351171,0.081320451,0.130825838,0.055202409,0.090389016,0.105100464,0.120608899,0.088323353,0.048933939,0.155115512,0.081911263,0.054841249,0.18388998,0.042553191,0.079809976,0.27557879,0.146296296,0.056402092,0.042280285,0.067663257,0.050632911,0.083682008,0.243926142,0.290755116,0.060283688,0.145098039,0.293413174,0.226539893,0.216566404
number_of_after_tax_income_recipients_age_15,VAR10,ind,275,6265,11070,6190,5390,NA,4170,3425,5070,6305,7125,7050,7545,19720,7070,11305,9950,6895,NA,12350,5030,8570,7530,28860,9400,10950,8950,5240,4505,NA,1865,11695,3050,6825,6710,3290,3705,4595,2495,6710,4285,NA,14440,10175,3505,3300,11345,9485,8235,230,NA,4940,4255,5360,9275,6770,NA,4735,4380,15150,8905,2145,8805,NA,10380,2455,5470,4990,6875,8370,1815,2500,4635,3165,6630,2370,4500,3950,18285,17275,13050,7085,5190,NA,9205,4505,16225,4340,4970,4975,21950,3545,2675,3545,8375,11230,3770,2435,14045,10585,1355,8410,11725,2300,17140,7590,9460,19475,3840,8710,6200,2320,2015,7245,10075,9190
average_after_tax_income_in_2020_among_recipients,VAR11,ind,51600,64000,37600,43720,52100,NA,47200,43040,39280,51300,48960,48920,47200,55800,42800,54200,56300,46920,NA,43680,68600,46440,56450,57750,57000,56400,47560,43520,74400,NA,49880,51900,57400,45840,44400,59100,56750,61850,46560,48240,37280,NA,52900,51250,49920,55600,66500,48120,60600,38400,NA,45000,43680,37400,53800,44800,NA,43160,86500,59850,50800,50440,63400,NA,34040,50400,40560,53150,48240,69500,52500,64700,53600,55300,59600,52150,72200,54550,49120,51750,49120,62900,72700,NA,51450,51160,39960,33040,43720,58750,53400,53000,45840,48360,48640,52200,46680,68300,61900,45080,121800,56800,45480,42000,59400,54600,56850,55350,55750,45640,37600,50360,50880,44560,64700,53600
number_of_market_income_recipients_age_15,VAR12,ind,235,5955,9130,5480,5035,NA,3800,3020,4270,5850,6465,6535,6895,18450,6085,10450,9455,6265,NA,10405,4815,7570,7020,26400,8825,10295,7990,4780,4270,NA,1680,11005,2870,6075,6155,3055,3435,4340,2270,6135,3410,NA,13400,9325,3230,3105,10850,8770,7775,210,NA,4405,3740,4395,8355,5795,NA,4365,4185,14155,8275,2020,8280,NA,7995,2280,4380,4575,5875,7960,1705,2340,4390,2965,6265,2240,4285,3720,16815,16085,11700,6665,4960,NA,8730,4200,13235,3530,4385,4620,20430,3215,2470,3315,7725,10385,3370,2320,13145,9425,1320,7745,10700,2095,16280,7080,8830,18085,3570,7535,5115,2140,1750,6015,9210,8335
average_market_income_in_2020_among_recipients,VAR13,ind,65000,83800,39040,46120,58350,NA,51250,45840,42760,55900,54300,53050,51550,66200,45480,65600,64900,53050,NA,49440,85600,50880,66900,72400,66700,66800,54650,48360,96900,NA,58200,56850,69200,50280,46520,71100,67900,77200,51450,52000,38200,NA,60950,59000,54750,66000,87600,52600,73900,37200,NA,50320,46880,39240,64100,52550,NA,45640,118300,74100,56950,58200,78900,NA,33480,54500,44680,63150,56200,88300,59750,78500,63000,65300,72100,59000,91700,62350,56050,59350,54900,80000,92800,NA,56500,58200,42520,30760,46720,70100,61300,63550,58800,50960,53100,62250,51350,82200,75400,50560,186400,66100,51850,42120,71200,64200,68500,66100,63900,51400,38080,57350,60500,52800,83500,62300
percent_of_income_from_government_transfers_2020,VAR14,ind,14.6,8.6,24.8,19.8,13.8,NA,16.8,18.5,21.3,15.3,16,16.2,15.8,10.2,21.7,9.8,10.2,15.6,NA,19,7.7,18.2,11.2,9.2,11.7,10,13.6,15.9,6.6,NA,13.8,14.7,9.8,18.1,18.1,10.6,11.2,8.6,16.4,16.6,28.2,NA,11.9,12.1,15,12.1,7.4,14.8,9.5,24.4,NA,16,19.5,24.6,11.3,17.7,NA,16.8,5,9.3,13.1,12.4,9.5,NA,31.8,15,23.6,11.5,17.4,8.4,13,10.6,10.2,11.3,10.2,11.8,7.7,12,12.6,11.9,16.2,7.8,6.7,NA,13.5,13.5,24.7,31.2,18.7,11.8,11.5,12.9,12.7,16.4,15.4,10.4,17,9.2,8.7,16.1,2.6,13.1,13.8,21.1,9.5,10,9.1,10.5,13.3,17.4,26.8,12.2,14.6,17.4,9.2,14.7
average_after_tax_income_in_2019_among_recipients,VAR15,ind,70500,63550,33840,40720,49160,NA,44200,39000,35560,48760,45560,46680,44920,53300,39640,50920,54000,41040,NA,40640,61950,43400,53900,49880,53350,53600,44680,39480,67400,NA,49120,50160,57600,43640,41640,58350,55700,61550,46320,45160,33880,NA,51160,48320,47240,54450,65800,45880,58750,36000,NA,42920,41040,34600,49320,42400,NA,26400,80800,57300,48840,49520,62150,NA,29840,45720,36920,49720,45360,67300,50880,64600,51750,54400,57750,50200,69600,53300,45920,50440,46200,58400,68700,NA,49120,48720,36920,28200,41600,56400,50320,50320,46240,45920,47000,50480,43880,59000,56750,41280,132000,55050,40720,39160,56950,51400,54600,52950,52550,42080,34080,47760,48200,40040,62600,51300
average_market_income_in_2019_among_recipients,VAR16,ind,105000,80700,38440,46040,57400,NA,49600,44120,40840,56650,53500,53150,51850,65300,44760,63850,64700,51400,NA,49000,78300,49880,66100,62750,64600,65900,55000,46320,88400,NA,58350,57300,70800,50760,47240,70300,68500,79900,53800,51300,38880,NA,60850,58500,54250,69000,86800,51850,73200,38000,NA,50600,47600,39120,60900,51600,NA,44240,107500,71700,56900,58600,79300,NA,33480,52000,44120,62450,56150,88200,59050,81900,63350,66000,70300,58100,89100,62650,54850,59900,55350,77400,88200,NA,56750,57200,43160,30440,49320,68700,59900,63050,58800,50840,53150,62700,50520,71300,69800,48240,202000,66800,49240,42560,69900,63150,67600,65800,62150,50200,38120,57850,60150,48960,80700,62850
percent_of_income_from_government_transfers_2019,VAR17,ind,6.6,6.2,17.3,14.1,10.4,NA,12.4,13.6,14.6,11.1,10.7,13,11.3,7,16.5,6.3,7.1,10,NA,12.6,6.3,13.6,7.6,6.2,8.9,6.3,7.8,10.9,4.8,NA,9.6,11,6.5,13.2,12.6,8.2,8.1,6.1,11.8,12.3,20.3,NA,8.3,7.6,11.3,8.6,4.9,10.9,6.8,14.2,NA,10,12.4,16.9,7.9,11.6,NA,12,4.1,6.9,9.4,8.9,6.8,NA,22.6,11.1,17.6,6.9,13.1,5.9,9.1,7.8,7.6,8.5,7.8,9.2,6,8.7,8.1,8,11.5,5.1,4.7,NA,9.6,9.6,17.6,21.4,12.2,9.3,7.6,9.2,9.2,12.5,11.9,6.2,12.6,8.8,5.6,11.7,1.6,9.5,8,14.4,7.1,6.1,5.9,6.3,10,12.6,19.6,9.1,10.2,12,7,11.2
number_of_people_in_low_income_based_on_lim_at,VAR18,ind,35,390,2515,865,575,NA,290,425,1355,550,730,725,655,1175,1445,820,285,1080,NA,2905,280,1190,630,4940,610,505,790,770,490,NA,185,595,130,880,475,170,135,120,145,680,1190,NA,550,870,460,205,1010,720,355,55,NA,650,560,1185,1435,850,NA,595,145,1305,530,155,755,NA,3335,180,1810,865,1365,445,125,95,280,170,300,205,375,155,1410,1125,1675,1125,315,NA,375,255,4090,1380,470,425,1360,440,200,190,470,690,630,95,860,2270,80,505,3065,300,505,520,595,1585,195,1775,1560,130,320,1915,1375,1125
percent_of_people_in_low_income_based_on_lim_at,VAR19,ind,0.120689655,0.050160772,0.176429323,0.112337662,0.084870849,NA,0.058,0.102286402,0.230834753,0.06840796,0.078579117,0.088414634,0.072980501,0.045719844,0.171208531,0.052988691,0.02207591,0.131948687,NA,0.185563718,0.044198895,0.115310078,0.069192751,0.15752551,0.051892812,0.035451035,0.064754098,0.121835443,0.087892377,NA,0.084090909,0.041319444,0.033942559,0.101557992,0.057401813,0.042875158,0.030646992,0.020833333,0.049069374,0.083180428,0.212121212,NA,0.030504714,0.061095506,0.105022831,0.051442911,0.076226415,0.058703628,0.033681214,0.203703704,NA,0.105263158,0.102846648,0.175166297,0.133799534,0.099882491,NA,0.10456942,0.026581118,0.067302733,0.047576302,0.057728119,0.06898127,NA,0.238214286,0.061643836,0.267553585,0.162746943,0.167484663,0.042912247,0.055432373,0.03220339,0.047904192,0.043533931,0.035335689,0.068676717,0.071022727,0.031,0.059181532,0.050189605,0.101761847,0.133610451,0.048989114,NA,0.03342246,0.045495094,0.197251025,0.230962343,0.07568438,0.069501226,0.045492557,0.100686499,0.061823802,0.044444444,0.046906188,0.048234883,0.138613861,0.032423208,0.045132511,0.178388998,0.048632219,0.047980998,0.228987673,0.111111111,0.022975432,0.049406176,0.046813533,0.058154467,0.040837696,0.172581429,0.220028209,0.046017699,0.125736739,0.229341317,0.11368334,0.104118464
number_of_people_0_17_in_low_income_based_on_lim_at,VAR20,ind,0,60,855,270,155,NA,55,125,205,225,305,80,85,350,325,320,95,250,NA,830,50,295,115,440,190,115,240,175,80,NA,30,135,30,345,120,50,0,0,0,135,470,NA,135,300,165,0,65,230,90,0,NA,220,170,315,180,295,NA,165,0,380,155,40,135,NA,1105,35,325,60,250,130,30,0,45,45,50,60,75,35,460,415,580,65,65,NA,75,35,1215,490,130,90,490,130,30,75,135,200,145,0,270,425,40,165,390,70,115,220,200,600,40,380,240,0,75,230,190,100
percent_of_people_0_17_in_low_income_based_on_lim_at,VAR21,ind,0,0.038585209,0.281713344,0.182432432,0.10877193,NA,0.067484663,0.176056338,0.262820513,0.133531157,0.142191142,0.071748879,0.060714286,0.0562249,0.255905512,0.074505239,0.030015798,0.218340611,NA,0.261829653,0.034482759,0.172011662,0.074193548,0.199546485,0.077393075,0.034431138,0.074188563,0.180412371,0.078431373,NA,0.083333333,0.048736462,0.035714286,0.185483871,0.078688525,0.073529412,0,0,0,0.095070423,0.376,NA,0.036,0.073349633,0.194117647,0,0.032828283,0.080843585,0.0375,0,NA,0.178137652,0.149779736,0.235955056,0.129496403,0.173020528,NA,0.188571429,0,0.089411765,0.067391304,0.069565217,0.061643836,NA,0.307799443,0.075268817,0.262096774,0.260869565,0.199203187,0.061176471,0.065217391,0,0.034615385,0.058064516,0.024752475,0.093023256,0.092592593,0.031111111,0.080843585,0.080270793,0.169838946,0.054852321,0.048507463,NA,0.036231884,0.031390135,0.280924855,0.31511254,0.105263158,0.082949309,0.059574468,0.153846154,0.052631579,0.102040816,0.077809798,0.061255743,0.194630872,0,0.052478134,0.22972973,0.117647059,0.076212471,0.284671533,0.184210526,0.022308438,0.076388889,0.059347181,0.074487896,0.043478261,0.250825083,0.298136646,0,0.142857143,0.238341969,0.098191214,0.062893082
number_of_people_18_64_in_low_income_based_on_lim_at,VAR22,ind,25,245,1325,435,315,NA,180,200,750,265,370,340,430,660,855,405,140,740,NA,1725,150,660,420,3680,345,250,405,510,395,NA,120,295,70,455,290,90,90,80,100,385,570,NA,250,480,250,105,715,375,220,40,NA,340,305,705,865,425,NA,380,95,705,260,75,435,NA,1720,95,1095,695,685,220,60,55,175,95,160,80,235,80,755,605,830,970,200,NA,250,145,2300,790,235,180,635,250,140,100,250,365,350,55,465,1460,40,270,2385,195,245,270,290,830,120,1170,930,70,210,1070,670,660
percent_of_people_18_64_in_low_income_based_on_lim_at,VAR23,ind,0.138888889,0.05212766,0.142396561,0.091004184,0.081606218,NA,0.058064516,0.072727273,0.184501845,0.056745182,0.062132662,0.072961373,0.074652778,0.04045357,0.163323782,0.041411043,0.016979988,0.13108946,NA,0.161592506,0.040106952,0.101694915,0.071917808,0.146671981,0.048763251,0.026652452,0.051330798,0.116571429,0.107923497,NA,0.083044983,0.036218539,0.028397566,0.087415946,0.055555556,0.03930131,0.03364486,0.023021583,0.054495913,0.075195313,0.168639053,NA,0.021824531,0.052316076,0.092936803,0.043209877,0.082706767,0.049180328,0.033690658,0.210526316,NA,0.080856124,0.086158192,0.15631929,0.109980928,0.076438849,NA,0.09608091,0.028831563,0.061572052,0.03798393,0.043859649,0.067077872,NA,0.190055249,0.051630435,0.252595156,0.166666667,0.142116183,0.036943745,0.043165468,0.034267913,0.047425474,0.040169133,0.032653061,0.04432133,0.076672104,0.027303754,0.048135161,0.042892591,0.08482371,0.161129568,0.048840049,NA,0.03646973,0.041018388,0.174639332,0.201273885,0.058240397,0.052173913,0.033438652,0.087719298,0.066350711,0.03968254,0.042480884,0.037882719,0.12455516,0.03343465,0.038398018,0.172985782,0.043478261,0.045685279,0.229326923,0.116766467,0.018695155,0.038793103,0.035802469,0.049331352,0.043399638,0.164788732,0.199143469,0.038043478,0.125373134,0.17671346,0.087753766,0.10801964
number_of_people_65_in_low_income_based_on_lim_at,VAR24,ind,0,85,340,155,110,NA,55,110,400,55,50,305,140,165,265,100,50,95,NA,350,80,230,95,825,60,140,150,90,15,NA,35,170,25,80,60,30,30,35,35,165,150,NA,160,90,55,90,225,115,50,0,NA,80,90,165,390,130,NA,50,30,220,120,45,180,NA,505,55,390,110,430,95,35,0,55,35,85,65,60,45,195,110,275,85,50,NA,50,75,565,95,105,150,230,55,25,20,85,130,140,20,130,390,0,70,290,30,145,35,100,155,35,220,390,50,35,615,510,365
percent_of_people_65_in_low_income_based_on_lim_at,VAR25,ind,0,0.056105611,0.178010471,0.107266436,0.073578595,NA,0.050458716,0.15942029,0.388349515,0.032738095,0.042194093,0.125773196,0.077134986,0.052132701,0.136950904,0.071428571,0.033333333,0.067857143,NA,0.192837466,0.069868996,0.108747045,0.055555556,0.20320197,0.027027027,0.091503268,0.138888889,0.091836735,0.016666667,NA,0.08974359,0.048780488,0.048076923,0.05,0.039215686,0.03030303,0.031914894,0.034313725,0.053846154,0.100609756,0.153061224,NA,0.056637168,0.092783505,0.06547619,0.104046243,0.085551331,0.063888889,0.031152648,0,NA,0.108108108,0.116883117,0.178378378,0.265306122,0.104,NA,0.058479532,0.03030303,0.059620596,0.060301508,0.1125,0.079295154,NA,0.371323529,0.090163934,0.327731092,0.120879121,0.207729469,0.041394336,0.086419753,0,0.064327485,0.045454545,0.054140127,0.12037037,0.042553191,0.047619048,0.079429735,0.035087719,0.084355828,0.070247934,0.050251256,NA,0.021786492,0.078125,0.174652241,0.191919192,0.112299465,0.094936709,0.085981308,0.080882353,0.045045045,0.019704433,0.035490605,0.092198582,0.140703518,0.025316456,0.072022161,0.160164271,0,0.028513238,0.179566563,0.046153846,0.038978495,0.050724638,0.08097166,0.065263158,0.032110092,0.131343284,0.241486068,0.10989011,0.1,0.464150943,0.201980198,0.117552335
number_of_pop_living_alone_i_e_1_person_household,VAR26,hh,25,655,1795,1020,710,NA,600,595,1275,705,625,1345,1270,1360,2080,660,745,1190,NA,2820,360,1570,810,12285,765,715,505,565,820,NA,290,1370,115,625,755,355,220,270,255,1085,600,NA,1010,620,420,295,2485,960,420,20,20,555,345,1160,3245,555,NA,795,625,1685,890,145,1535,NA,1880,460,1950,1990,1840,600,125,200,315,230,560,195,1040,265,1330,1215,1545,1245,590,NA,660,300,3305,630,505,800,1650,395,335,520,885,695,700,245,1045,2345,65,840,3690,390,1240,450,865,1380,400,2505,2055,170,375,2450,2745,2345
average_household_size,VAR27,hh,2.4,2.5,2.5,2.4,2.5,NA,2.4,2.3,2,2.5,2.9,2.2,2.3,2.9,1.9,3.1,2.9,2.3,NA,2.2,2.8,2.2,2.5,1.5,2.7,2.9,3.2,2.7,2.2,NA,2.2,2.5,3,2.8,2.6,2.5,2.7,2.9,2.4,2.3,2.7,NA,2.8,3.2,2.6,2.5,2.1,2.6,2.9,2.4,2.6,2.8,2.8,2.3,1.7,2.9,NA,2.3,2.4,2.7,2.6,2.8,2.3,NA,2.5,2.2,1.9,1.5,1.9,2.7,2.7,2.6,2.7,2.7,2.7,2.7,2,2.8,2.9,2.9,2.6,2.1,2.6,NA,2.7,2.7,2.3,2.7,2.7,2.4,3,2.5,2.4,2.3,2.4,3,2.2,2.5,2.9,2.1,3,2.6,1.8,2.3,2.8,3,2.8,3.1,2.5,1.9,1.8,2.7,2.3,1.8,1.9,2
number_of_owner_households,VAR28,hh,110,2405,1395,2195,2035,NA,1795,1295,960,2410,2460,2550,2405,7825,1420,4065,3990,1800,NA,2865,2105,2320,2520,5025,3515,4200,2720,1190,1655,NA,875,4915,1240,1990,2210,1350,1480,1920,1045,2030,890,NA,5970,3840,1085,1490,3130,3815,3350,30,25,1730,1340,1105,2085,2220,NA,1105,1735,4985,3525,905,2805,NA,1270,990,510,1145,2040,3550,760,1085,1890,1355,2800,915,1420,1610,6385,6970,3945,1955,1830,NA,3800,1850,3190,280,1530,1830,8245,1200,940,1505,3530,3935,1085,1085,5665,2285,540,3335,1845,895,7095,2630,3705,7225,1460,1950,1075,980,470,1150,2885,3060
percent_of_owner_households,VAR29,hh,0.916666667,0.785947712,0.243668122,0.680620155,0.73465704,NA,0.842723005,0.709589041,0.323232323,0.760252366,0.761609907,0.672823219,0.613520408,0.876259798,0.323831243,0.820383451,0.887652948,0.495867769,NA,0.402953586,0.931415929,0.503800217,0.701949861,0.247110893,0.802511416,0.864197531,0.71957672,0.501052632,0.654150198,NA,0.888324873,0.837308348,0.97254902,0.637820513,0.701587302,0.835913313,0.916408669,0.952853598,0.860082305,0.564673157,0.425837321,NA,0.923433875,0.874715262,0.632653061,0.93125,0.486780715,0.816916488,0.934449093,0.272727273,0.454545455,0.770601336,0.683673469,0.378424658,0.335748792,0.755102041,NA,0.441117764,0.776286353,0.682876712,0.813148789,0.932989691,0.584375,NA,0.229864253,0.733333333,0.140302613,0.329971182,0.480565371,0.929319372,0.904761905,0.951754386,0.88317757,0.931271478,0.88748019,0.839449541,0.533834586,0.899441341,0.784398034,0.889597958,0.61640625,0.496192893,0.724752475,NA,0.902612827,0.898058252,0.355629877,0.125279642,0.658064516,0.707930368,0.826566416,0.685714286,0.688644689,0.820163488,0.853688029,0.836344315,0.530562347,0.935344828,0.874228395,0.375513558,0.972972973,0.83375,0.249155976,0.764957265,0.911368015,0.74084507,0.809836066,0.808165548,0.774535809,0.353581142,0.26875,0.924528302,0.421524664,0.242360379,0.461969576,0.567717996
percent_of_renter_households,VAR30,hh,0.083333333,0.210784314,0.756331878,0.317829457,0.26534296,NA,0.15258216,0.290410959,0.678451178,0.239747634,0.23993808,0.327176781,0.385204082,0.123180291,0.676168757,0.178607467,0.112347052,0.504132231,NA,0.597046414,0.068584071,0.496199783,0.299442897,0.752889107,0.197488584,0.136831276,0.279100529,0.503157895,0.345849802,NA,0.106598985,0.162691652,0.02745098,0.360576923,0.296825397,0.164086687,0.083591331,0.047146402,0.139917695,0.435326843,0.574162679,NA,0.076566125,0.125284738,0.370262391,0.06875,0.513219285,0.184154176,0.065550907,0.727272727,0.545454545,0.229398664,0.316326531,0.621575342,0.664251208,0.244897959,NA,0.558882236,0.223713647,0.317123288,0.186851211,0.067010309,0.415625,NA,0.769230769,0.266666667,0.858321871,0.670028818,0.520612485,0.070680628,0.095238095,0.052631579,0.114485981,0.068728522,0.110935024,0.160550459,0.464285714,0.100558659,0.215601966,0.110402042,0.38359375,0.502538071,0.273267327,NA,0.097387173,0.101941748,0.644370123,0.876957494,0.344086022,0.290135397,0.172932331,0.314285714,0.311355311,0.182561308,0.147521161,0.163655685,0.469437653,0.068965517,0.12654321,0.624486442,0.027027027,0.165,0.750844024,0.235042735,0.087989724,0.26056338,0.189071038,0.191834452,0.225464191,0.646418858,0.73125,0.075471698,0.569506726,0.75658588,0.536429143,0.432282004
percent_of_households_living_in_core_housing_need,VAR31,hh,0.181818182,0.046979866,0.240790656,0.161137441,0.110497238,NA,0.078199052,0.136111111,0.18815331,0.100638978,0.103937008,0.114911081,0.135170604,0.050339367,0.235294118,0.060699588,0.042696629,0.154401154,NA,0.200145033,0.04805492,0.134894091,0.086206897,0.157378741,0.050984936,0.042708333,0.093369418,0.130530973,0.081761006,NA,0.09947644,0.087931034,0.04,0.120915033,0.085760518,0.062893082,0.038461538,0.038265306,0.072649573,0.141242938,0.281862745,NA,0.045347928,0.087962963,0.110778443,0.082236842,0.094931617,0.066160521,0.034090909,0,NA,0.110344828,0.108527132,0.219251337,0.153399668,0.118055556,NA,0.151452282,0.058690745,0.063965885,0.07629108,0.05,0.136315229,NA,0.278765201,0.096654275,0.20729927,0.156534954,0.170673077,0.038873995,0.06918239,0.048672566,0.050847458,0.054347826,0.057377049,0.085308057,0.089494163,0.054913295,0.08089608,0.051646223,0.118536197,0.093922652,0.054878049,NA,0.035971223,0.075757576,0.194046938,0.321016166,0.111111111,0.115913556,0.060559796,0.113702624,0.092936803,0.065934066,0.071078431,0.069742489,0.199488491,0.052401747,0.054815975,0.168421053,0,0.067173638,0.157698057,0.135135135,0.038411458,0.06312769,0.053932584,0.064979873,0.078590786,0.216572505,0.286085826,0.058823529,0.118721461,0.214994487,0.122213047,0.15699334
number_of_households_living_in_core_housing_need,VAR32,hh,20,140,1340,510,300,NA,165,245,540,315,330,420,515,445,1000,295,190,535,NA,1380,105,605,300,3050,220,205,345,295,195,NA,95,510,50,370,265,100,60,75,85,500,575,NA,290,380,185,125,590,305,120,0,NA,240,210,615,925,340,NA,365,130,450,325,45,640,NA,1490,130,710,515,710,145,55,55,105,75,175,90,230,95,650,400,745,340,135,NA,150,150,1695,695,255,295,595,195,125,120,290,325,390,60,350,960,0,265,1055,150,295,220,240,565,145,1150,1100,60,130,975,740,825
percent_of_owner_households_in_core_housing_need,VAR33,hh,0,2.5,11.8,8.5,6.9,NA,4.5,7.5,7.3,3.8,6,6.6,6.7,3.5,11.2,3.5,3,8.5,NA,5.7,2.7,6.5,4.6,5.1,2,2.9,5.2,6.9,3.4,NA,7.6,4,3.3,4.8,5.1,3.3,2.4,3.5,4.5,4,12.5,NA,3,7,5.1,6,3.2,4.2,2.4,0,0,6.5,6,10.7,5.3,7.1,NA,2.7,2.6,3.5,4.7,4.2,2.7,NA,13.2,7.6,6.1,5.5,7.5,2.6,6.9,4.7,2.2,5,3.3,5.1,2.5,3.2,5.8,3.2,5.8,2.8,1.7,NA,2.4,4.8,7.9,23.2,5.6,5,4,4.2,4.3,3.4,3.9,4.9,7.5,3.7,4.3,5.1,0,4.4,2.6,10.3,2.9,3.8,3.3,4.4,2.4,6,13.4,4.2,0,8.3,3.5,6.4
median_monthly_shelter_costs_for_owned_dwellings,VAR34,hh,1010,1370,1000,1260,1290,NA,800,1410,1180,1290,1520,1150,900,1680,1120,1740,1820,1180,NA,1470,1600,1160,1020,1800,1160,1940,1760,950,1720,NA,1260,1240,1640,950,1050,1070,1450,1640,1130,1190,1000,NA,1600,2080,990,1380,1660,1550,1780,1640,NA,1290,1430,1380,1720,1520,NA,980,1510,1570,1360,1440,1360,NA,1360,1320,1500,1700,1280,1490,1340,1120,1620,1570,1600,1240,1540,1460,1600,1580,1360,1740,1760,NA,1250,1540,1320,840,1440,1040,2000,1280,1450,1480,1280,1660,1060,1230,1940,1460,3000,1240,1780,970,1680,2160,1940,2020,1150,1600,1090,1410,2140,1550,1860,1220
average_monthly_shelter_costs_for_owned_dwellings,VAR35,hh,1880,1866,1302,1372,1456,NA,1225,1336,1404,1426,1614,1428,1366,1650,1456,1698,1840,1618,NA,1450,1876,1428,1462,1898,1436,1886,1768,1520,1992,NA,1348,1400,1756,1330,1364,1532,1758,1886,1376,1376,1372,NA,1588,2072,1432,1428,2184,1454,1920,1600,2200,1426,1486,1456,1812,1558,NA,1308,2056,1776,1398,1484,1926,NA,1380,1336,1720,1832,1596,1978,1448,1588,1670,1708,1706,1644,2008,1510,1572,1588,1502,2056,2048,NA,1384,1524,1418,1140,1418,1550,1950,1536,1472,1404,1376,1692,1404,1668,1922,1526,3720,1576,1914,1300,1766,2108,1940,2050,1474,1614,1332,1564,2270,1652,2108,1578
number_of_tenant_households,VAR36,hh,0,645,4330,1025,730,NA,330,530,2010,760,775,1240,1515,1105,2960,890,505,1830,NA,4245,155,2290,1070,15310,865,660,1060,1190,875,NA,110,960,35,1125,935,265,140,100,170,1565,1200,NA,495,555,635,105,3295,855,235,75,25,520,620,1815,4125,720,NA,1395,500,2315,815,60,2000,NA,4255,365,3120,2330,2210,270,75,60,240,100,350,170,1240,175,1760,870,2450,1980,690,NA,410,210,5780,1955,795,755,1725,545,425,335,605,765,960,75,815,3795,0,665,5560,270,685,920,870,1710,425,3560,2920,80,640,3595,3355,2325
percent_of_tenant_households_living_in_subsidized_housing,VAR37,hh,NA,5.4,14,7.3,12.3,NA,0,34.9,28.4,11.2,14.2,20.6,2.3,11.3,18.6,7.3,0,10.4,NA,27,16.1,22.9,13.6,12.5,9.2,2.3,0,2.9,3.4,NA,0,6.8,0,8.4,0,0,0,0,0,6.1,9.2,NA,6.1,4.5,4.7,0,3.3,8.2,0,0,0,24,44.4,31.1,16.5,47.2,NA,8.2,0,1.1,8,0,2.5,NA,31.4,0,38,12,27.8,13,0,0,14.6,0,14.3,14.7,2,14.3,10.5,4.6,27.3,4,10.1,NA,9.8,14.3,28.1,8.4,8.8,6,0,33,0,0,5.8,2.6,2.1,0,0,13,NA,0,12.1,0,4.4,0,0,0,0,8.6,11.3,0,34.4,22.8,21.6,14.6
percent_of_renter_households_in_core_housing_need,VAR38,hh,NA,13.4,28.1,32.7,23.2,NA,25,28.6,24.3,29.7,25,22.2,24.8,16.3,29.3,19.2,14.4,22.3,NA,29.9,34.5,21,18.5,19.4,17.3,12.4,19.9,20,19,NA,33.3,33.2,0,25.5,17.4,20.4,16,0,27.3,27.5,40.3,NA,22.9,21.9,21.7,33.3,15.8,18.1,15.9,0,0,27.1,21.3,28.8,20.6,25.7,NA,26,18.4,13.3,20.3,0,29.7,NA,32.5,15.3,23.2,20.5,26.1,22.4,0,0,28.9,0,24.6,26.5,16.2,26.5,16.5,20.7,21.8,17,16.2,NA,15,31,26,33.4,21.3,28.6,16.1,27.4,20.7,21.2,25.6,18.5,34.8,26.7,15.3,24.4,NA,19.5,20.3,23.4,13.5,13.7,15.7,15.6,26.8,30.5,34.5,33.3,20.6,26,20,28.3
median_monthly_shelter_costs_for_rented_dwellings,VAR39,hh,NA,1470,1350,1300,1600,NA,1550,1300,1120,1310,1560,1330,1470,1940,1250,2020,1920,1240,NA,1100,1110,1390,1600,1350,1840,2000,1940,1620,1520,NA,970,1510,NA,1620,1600,1780,1290,1760,1250,1300,1360,NA,1740,2180,1570,1280,1430,1640,1620,1700,NA,1370,1160,1200,1340,1220,NA,1410,1450,2120,1510,1110,1310,NA,1180,1680,1100,1300,1160,1620,1120,1900,1210,1660,1230,980,1500,1080,1860,1860,1240,1360,1550,NA,1520,1010,1210,1430,1460,1400,2000,1290,1390,1760,1300,1900,1260,1900,2120,1300,NA,1520,1340,1590,2040,2200,2180,2080,1450,1140,1100,1100,1250,1160,1300,1150
average_monthly_shelter_costs_for_rented_dwellings,VAR40,hh,NA,1580,1328,1364,1516,NA,1540,1240,1129,1304,1616,1644,1504,1768,1227,1868,2030,1288,NA,1100,1360,1402,1564,1360,1744,1880,1908,1640,1648,NA,1120,1504,1200,1580,1592,1820,1280,2120,1320,1358,1352,NA,1720,2010,1690,1200,1584,1520,1540,1650,1700,1315,1108,1089,1354,1172,NA,1408,1690,2218,1488,1000,1394,NA,1121,1720,1103,1346,1134,1860,1120,1850,1180,1640,1264,1080,1676,1100,1746,1812,1318,1436,1704,NA,1440,1270,1237,1454,1392,1400,1952,1188,1495,1810,1415,1904,1364,1750,2032,1320,NA,1564,1406,1560,2224,2108,2308,2036,1445,1197,1132,1200,1268,1261,1414,1229
average_size_of_census_families,VAR41,hh,2.5,2.9,3,2.9,2.9,NA,2.7,2.8,2.7,2.9,3.2,2.7,2.7,3.1,2.7,3.3,3.1,2.8,NA,2.9,3,2.8,2.9,2.4,3,3.1,3.3,2.8,2.8,NA,2.7,2.8,3,3.1,3,2.7,2.8,3,2.7,2.8,3.2,NA,3,3.4,2.9,2.7,2.8,2.9,3,2.8,3,3.1,3,3.1,2.5,3.2,NA,2.7,3,3,2.9,3.1,2.9,NA,3.3,2.7,2.9,2.2,2.6,2.9,2.8,2.8,2.9,2.9,3,3,2.6,3,3.1,3,3,2.7,3,NA,2.9,2.9,3,3.3,3,2.9,3.2,2.9,2.7,2.7,2.7,3.2,2.8,2.8,3.2,2.7,3.2,3,2.6,2.7,3.1,3.1,3.1,3.3,2.8,2.6,2.5,2.8,2.9,2.5,2.7,2.7
percent_of_census_families_that_are_one_parent_families,VAR42,hh,0.19047619,0.100656455,0.273239437,0.225247525,0.209476309,NA,0.155932203,0.299145299,0.249056604,0.188679245,0.203921569,0.154347826,0.158995816,0.121352785,0.245192308,0.138211382,0.151271754,0.21025641,NA,0.249047014,0.083116883,0.234042553,0.164092664,0.111710324,0.158485273,0.130277443,0.13740458,0.184931507,0.091205212,NA,0.165413534,0.17114094,0.090909091,0.201284797,0.165116279,0.111111111,0.101754386,0.045584046,0.145945946,0.176972281,0.20979021,NA,0.143904675,0.134564644,0.146443515,0.103846154,0.112554113,0.171703297,0.089783282,0,0,0.211940299,0.292207792,0.253125,0.157587549,0.255813953,NA,0.211805556,0.051612903,0.098765432,0.1634757,0.068322981,0.153354633,NA,0.347893916,0.219512195,0.316901408,0.131687243,0.217977528,0.078220859,0.127659574,0.102150538,0.096685083,0.076612903,0.097465887,0.071428571,0.142857143,0.091503268,0.183763838,0.136192626,0.197611292,0.101654846,0.133704735,NA,0.126961484,0.101694915,0.288557214,0.257692308,0.247093023,0.150289017,0.166866747,0.21031746,0.191709845,0.159090909,0.151658768,0.145341615,0.155462185,0.106741573,0.130755064,0.173553719,0.091836735,0.178571429,0.18875502,0.169117647,0.107551487,0.125407166,0.12431694,0.125661376,0.146757679,0.253438114,0.255737705,0.101123596,0.236641221,0.178861789,0.128440367,0.14516129
number_of_one_parent_families,VAR43,hh,20,230,970,455,420,NA,230,350,330,450,520,355,380,915,510,595,565,410,NA,980,160,660,425,725,565,540,450,270,140,NA,110,765,110,470,355,135,145,80,135,415,300,NA,785,510,175,135,390,625,290,0,0,355,450,405,405,605,NA,305,80,560,555,55,480,NA,1115,180,450,160,485,255,90,95,175,95,250,65,220,140,1245,905,910,215,240,NA,445,180,1450,335,425,260,1390,265,185,210,480,585,185,95,710,525,45,550,470,115,705,385,455,950,215,645,390,90,155,330,420,405
percent_of_all_census_families_that_are_one_parent_families,VAR44,hh,0.19047619,0.100656455,0.273239437,0.225247525,0.209476309,NA,0.155932203,0.299145299,0.249056604,0.188679245,0.203921569,0.154347826,0.158995816,0.121352785,0.245192308,0.138211382,0.151271754,0.21025641,NA,0.249047014,0.083116883,0.234042553,0.164092664,0.111710324,0.158485273,0.130277443,0.13740458,0.184931507,0.091205212,NA,0.165413534,0.17114094,0.090909091,0.201284797,0.165116279,0.111111111,0.101754386,0.045584046,0.145945946,0.176972281,0.20979021,NA,0.143904675,0.134564644,0.146443515,0.103846154,0.112554113,0.171703297,0.089783282,0,0,0.211940299,0.292207792,0.253125,0.157587549,0.255813953,NA,0.211805556,0.051612903,0.098765432,0.1634757,0.068322981,0.153354633,NA,0.347893916,0.219512195,0.316901408,0.131687243,0.217977528,0.078220859,0.127659574,0.102150538,0.096685083,0.076612903,0.097465887,0.071428571,0.142857143,0.091503268,0.183763838,0.136192626,0.197611292,0.101654846,0.133704735,NA,0.126961484,0.101694915,0.288557214,0.257692308,0.247093023,0.150289017,0.166866747,0.21031746,0.191709845,0.159090909,0.151658768,0.145341615,0.155462185,0.106741573,0.130755064,0.173553719,0.091836735,0.178571429,0.18875502,0.169117647,0.107551487,0.125407166,0.12431694,0.125661376,0.146757679,0.253438114,0.255737705,0.101123596,0.236641221,0.178861789,0.128440367,0.14516129
average_number_of_children_in_census_families_with_children,VAR45,hh,1.5,1.8,2,1.8,1.7,NA,1.7,1.6,1.7,1.8,2,1.7,1.6,1.8,1.8,1.9,1.9,1.7,NA,1.9,1.9,1.8,1.7,1.5,1.9,1.9,2,1.7,1.8,NA,1.6,1.7,1.8,2,1.9,1.7,1.7,1.9,1.6,1.7,2.2,NA,1.8,2.1,1.8,1.7,1.8,1.7,1.9,1.8,1.4,1.9,1.9,2,1.6,2,NA,1.8,1.8,1.8,1.7,1.8,1.7,NA,2.2,1.6,2,1.3,1.5,1.8,1.8,1.7,1.8,1.7,1.8,2,1.6,1.9,1.8,1.9,1.9,1.6,1.7,NA,1.8,1.7,2,2.3,1.9,1.8,2,1.7,1.6,1.6,1.6,1.9,1.7,1.7,1.9,1.8,2.2,1.8,1.7,1.9,1.9,1.8,1.8,1.9,1.7,1.6,1.6,1.7,1.7,1.6,1.7,1.7
average_after_tax_income_of_all_economic_families,VAR46,hh,134000,158000,81600,98700,116200,NA,109500,95600,89700,114800,119300,114100,108500,133200,90100,132000,135400,114100,NA,98600,169400,105300,138600,130600,135000,136400,119600,112900,174000,NA,112000,118400,144000,111100,106300,135600,141800,154200,110000,108700,89700,NA,128600,127200,114200,131200,159400,107600,151000,92000,NA,114600,101500,88900,115600,113100,NA,97900,214800,142600,116800,120600,148200,NA,76000,106600,86700,106800,101800,166600,125600,154000,126800,129600,142600,126200,159800,132000,119700,123400,113200,154000,179000,NA,122900,122900,89300,71300,104300,137800,127500,124000,101000,106000,110000,135000,107800,163200,146800,103100,307000,134800,108200,99400,142800,123300,130400,130000,128800,92100,76100,121800,113800,98100,144600,124700
average_after_tax_income_of_couple_with_children_economic_families,VAR47,hh,NA,172000,89000,108000,135000,NA,124000,114000,108000,131000,122000,145000,137000,141000,98000,137000,146000,138000,NA,108000,174000,123000,153000,117000,144000,145000,129000,138000,186000,NA,127000,139000,153000,118000,121000,157000,162000,162000,131000,112000,90000,NA,141000,136000,135000,143000,198000,116000,166000,110000,NA,127000,113000,94000,135000,130000,NA,111000,184000,158000,135000,136000,178000,NA,83000,116000,98000,113000,111000,172000,137000,170000,140000,147000,147000,139000,168000,145000,129000,136000,117000,182000,184000,NA,136000,137000,96000,73500,114000,168000,137000,144000,122000,110000,130000,147000,120000,162000,144000,114000,286000,148000,136000,114000,157000,127000,135000,136000,159000,97000,85000,144000,136000,124000,162000,149000
average_after_tax_income_of_one_parent_economic_families,VAR48,hh,50000,91000,63400,72800,76000,NA,86000,67600,67500,70000,86400,82400,76000,86000,65600,86000,91600,81200,NA,67000,102000,71600,72000,69800,93200,101200,88400,75000,78000,NA,73000,88400,100000,76000,85600,112000,104000,132000,84000,82400,68000,NA,89400,90000,72500,80000,95200,81600,89000,NA,NA,74000,71600,66400,69600,78400,NA,73500,164000,89600,74800,74000,90800,NA,59900,84000,62000,60400,59800,103000,108000,114000,96000,73000,87000,58000,99000,94000,85600,83000,78600,94000,98000,NA,96400,86000,66800,61400,77600,97000,91200,62800,85000,84000,79200,91600,72000,96000,100800,72000,120000,86000,67200,92000,99600,81600,94000,83600,85000,63400,58200,70000,67000,58800,87600,80400
number_of_people_with_knowledge_of_only_french_as_an_official_language,VAR49,ind,0,65,230,290,25,NA,0,10,85,225,105,20,35,135,140,90,360,40,NA,325,0,520,25,210,285,460,75,0,10,NA,10,330,10,95,25,10,80,20,40,115,40,NA,470,130,0,0,60,80,35,0,0,75,35,215,95,160,NA,80,25,85,50,0,40,NA,535,15,420,105,365,25,0,0,15,0,0,110,35,0,105,130,225,85,10,NA,280,20,1055,155,145,70,1050,25,0,95,230,25,60,25,75,340,0,170,365,10,30,25,20,155,15,460,415,95,110,50,110,25
percent_of_people_with_knowledge_of_only_french_as_an_official_language,VAR50,ind,0,0.008365508,0.01613469,0.037662338,0.003687316,NA,0,0.002406739,0.014480409,0.028002489,0.011308562,0.002439024,0.00389755,0.005251897,0.016587678,0.005815832,0.02788536,0.004884005,NA,0.020760141,0,0.050387597,0.002747253,0.006697496,0.024245002,0.032292032,0.006145023,0,0.001792115,NA,0.004545455,0.022916667,0.002614379,0.010963647,0.003021148,0.002522068,0.01814059,0.003472222,0.013559322,0.014067278,0.007130125,NA,0.026067665,0.009129213,0,0,0.004526594,0.006519967,0.003320683,0,0,0.012145749,0.006427916,0.031781227,0.008857809,0.01879037,NA,0.01407212,0.004578755,0.004383703,0.004490346,0,0.003654637,NA,0.038227939,0.005136986,0.062084257,0.019755409,0.044785276,0.002409639,0,0,0.002568493,0,0,0.036789298,0.006628788,0,0.004407135,0.005799688,0.013673655,0.01010101,0.00155521,NA,0.024944321,0.003565062,0.050880154,0.025919732,0.023349436,0.011437908,0.03512293,0.005720824,0,0.022248244,0.022954092,0.001747641,0.01320132,0.008532423,0.003934942,0.026719057,0,0.016144349,0.027269331,0.003703704,0.001364877,0.002374169,0.001572945,0.00568703,0.003138075,0.044703596,0.058574453,0.033628319,0.043222004,0.005991612,0.009094667,0.002312673
percent_of_people_who_know_neither_english_nor_french,VAR51,ind,0,0.007078507,0.0298141,0.017532468,0.012536873,NA,0.005994006,0.009626955,0.023850085,0.004355943,0.01992461,0.017073171,0.008351893,0.014005057,0.015402844,0.018739903,0.005034857,0.027472527,NA,0.02874481,0.008681926,0.01501938,0.015934066,0.011800351,0.00935772,0.011232011,0.041376485,0.008695652,0.001792115,NA,0,0.004513889,0.002614379,0.017888055,0.012084592,0.002522068,0.003401361,0.003472222,0.008474576,0.013455657,0.045454545,NA,0.008042152,0.023525281,0.015981735,0.003768844,0.006789891,0.011409943,0.008064516,0,0,0.027530364,0.014692378,0.029563932,0.015850816,0.021139166,NA,0.00703606,0.004578755,0.033780299,0.014818141,0,0.009593422,NA,0.051804216,0.020547945,0.017738359,0.001881468,0.011656442,0.003855422,0,0.008474576,0.004280822,0.005121639,0,0,0.006628788,0,0.023294858,0.012937765,0.01519295,0.004753417,0.002332815,NA,0.002227171,0.005347594,0.023149265,0.045986622,0.012077295,0.009803922,0.015387188,0.010297483,0.007727975,0.008196721,0.003493014,0.020971688,0.02090209,0.005119454,0.021773347,0.018074656,0,0.004273504,0.009712365,0.007407407,0.005232029,0.036087369,0.012583563,0.027701339,0.016736402,0.008260447,0.017642908,0,0.017681729,0.051527861,0.014055395,0.011100833
number_of_people_who_know_neither_english_nor_french,VAR52,ind,0,55,425,135,85,NA,30,40,140,35,185,140,75,360,130,290,65,225,NA,450,55,155,145,370,110,160,505,55,10,NA,0,65,10,155,100,10,15,20,25,110,255,NA,145,335,70,15,90,140,85,0,0,170,80,200,170,180,NA,40,25,655,165,0,105,NA,725,60,120,10,95,40,0,25,25,20,0,0,35,0,555,290,250,40,15,NA,25,30,480,275,75,60,460,45,25,35,35,300,95,15,415,230,0,45,130,20,115,380,160,755,80,85,125,0,45,430,170,120
percent_of_pop_that_are_indigenous,VAR53,ind,0.068965517,0.009646302,0.027709576,0.035064935,0.029520295,NA,0.037,0.032490975,0.039182283,0.030472637,0.015069968,0.026829268,0.025069638,0.020428016,0.027251185,0.020348837,0.03020914,0.025641026,NA,0.039284574,0.030781373,0.037306202,0.018121911,0.028061224,0.028498511,0.024921025,0.010245902,0.037974684,0.014349776,NA,0.070454545,0.029166667,0.027415144,0.025389498,0.024183797,0.034047919,0.031782066,0.0234375,0.042301184,0.027522936,0.016934046,NA,0.02828619,0.014396067,0.017123288,0.031367629,0.016981132,0.032205463,0.029411765,0.074074074,0,0.012955466,0.021120294,0.042128603,0.028438228,0.011750881,NA,0.0456942,0.021081577,0.009283136,0.016606822,0.03538175,0.019186843,NA,0.022142857,0.042808219,0.03030303,0.039510818,0.03803681,0.025554484,0.035476718,0.016949153,0.045337896,0.037131882,0.030035336,0.055276382,0.021780303,0.029,0.022455404,0.02498327,0.028250304,0.021971496,0.01399689,NA,0.029411765,0.029438002,0.039064384,0.020083682,0.037037037,0.01635323,0.026425824,0.028604119,0.021638331,0.026900585,0.02994012,0.018524991,0.0330033,0.018771331,0.022041459,0.023182711,0.018237082,0.027553444,0.028389989,0.018518519,0.025250227,0.019477435,0.022029898,0.015226564,0.023012552,0.067087992,0.055007052,0.063716814,0.021611002,0.036526946,0.021496486,0.023600185
number_of_people_who_are_indigenous,VAR54,ind,20,75,395,270,200,NA,185,135,230,245,140,220,225,525,230,315,390,210,NA,615,195,385,165,880,335,355,125,240,80,NA,155,420,105,220,200,135,140,135,125,225,95,NA,510,205,75,125,225,395,310,20,0,80,115,285,305,100,NA,260,115,180,185,95,210,NA,310,125,205,210,310,265,80,50,265,145,255,165,115,145,535,560,465,185,90,NA,330,165,810,120,230,100,790,125,70,115,300,265,150,55,420,295,30,290,380,50,555,205,280,415,110,690,390,180,55,305,260,255
percent_of_pop_that_are_fn,VAR55,ind,0,0.003215434,0.016836198,0.016883117,0.013284133,NA,0.017,0.014440433,0.015332198,0.017412935,0.006458558,0.016463415,0.00724234,0.012256809,0.008293839,0.011950904,0.01045701,0.011599512,NA,0.021079527,0.01183899,0.025193798,0.008786381,0.014030612,0.011909826,0.008775009,0.004098361,0.021360759,0.006278027,NA,0.020454545,0.0125,0.019582245,0.012117715,0.012091898,0.021437579,0.017026107,0.009548611,0.013536379,0.017125382,0.013368984,NA,0.012756517,0.009480337,0.010273973,0.015056462,0.010943396,0.022013861,0.016129032,0,0,0.008906883,0.017447199,0.022912047,0.015850816,0.004112808,NA,0.029876977,0.010999083,0.003867973,0.011220826,0.005586592,0.010507081,NA,0.008571429,0.015410959,0.019955654,0.022577611,0.012883436,0.013982642,0,0.008474576,0.020530368,0.024327785,0.016489988,0.033500838,0.009469697,0.013,0.011752361,0.01226857,0.014884569,0.008313539,0.008553655,NA,0.012477718,0.022301517,0.021702435,0.013389121,0.02173913,0.006541292,0.011038635,0.010297483,0.00927357,0.011695906,0.014471058,0.012583013,0.01540154,0.005119454,0.010233535,0.01021611,0,0.016152019,0.011206575,0.007407407,0.012966333,0.010451306,0.01140834,0.005136672,0.017782427,0.033543996,0.033850494,0.031858407,0.013752456,0.019161677,0.009508061,0.011105969
number_of_people_who_are_fn,VAR56,ind,0,25,240,130,90,NA,85,60,90,140,60,135,65,315,70,185,135,95,NA,330,75,260,80,440,140,125,50,135,35,NA,45,180,75,105,100,85,75,55,40,140,75,NA,230,135,45,60,145,270,170,0,0,55,95,155,170,35,NA,170,60,75,125,15,115,NA,120,45,135,120,105,145,0,25,120,95,140,100,50,65,280,275,245,70,55,NA,140,125,450,80,135,40,330,45,30,50,145,180,70,15,195,130,0,170,150,20,285,110,145,140,85,345,240,90,35,160,115,120
percent_of_pop_that_are_metis,VAR57,ind,0,0.006430868,0.008067345,0.016233766,0.012546125,NA,0.018,0.013237064,0.014480409,0.009950249,0.008073197,0.007926829,0.013370474,0.007976654,0.014810427,0.007428941,0.016653757,0.009157509,NA,0.010539764,0.018153118,0.009689922,0.007138935,0.011001276,0.015737984,0.015444015,0.004918033,0.012658228,0.004484305,NA,0.047727273,0.014583333,0.007832898,0.010386613,0.005441354,0.010088272,0.013620885,0.009548611,0.027072758,0.009174312,0.002673797,NA,0.013311148,0.003511236,0.005707763,0.016311167,0.003773585,0.009376274,0.010436433,0,0,0.00242915,0.002754821,0.014781966,0.007925408,0.005875441,NA,0.014059754,0.007332722,0.004899433,0.004039497,0.020484171,0.005025126,NA,0.011071429,0.022260274,0.009608278,0.013170273,0.019631902,0.009161041,0.028824834,0.008474576,0.020530368,0.011523688,0.012367491,0.020100503,0.013257576,0.01,0.009653725,0.009591791,0.011543135,0.010095012,0.003888025,NA,0.015597148,0.005352364,0.009163251,0.005020921,0.010466989,0.007358953,0.01304566,0.016018307,0.007727975,0.011695906,0.013972056,0.00559245,0.01760176,0.006825939,0.010495933,0.01021611,0.009118541,0.009976247,0.015315652,0.003703704,0.012056415,0.008551069,0.007867821,0.008805724,0.005230126,0.020904229,0.014809591,0.028318584,0.007858546,0.008982036,0.010748243,0.010180472
number_of_people_who_are_metis,VAR58,ind,0,50,115,125,85,NA,90,55,85,80,75,65,120,205,125,115,215,75,NA,165,115,100,65,345,185,220,60,80,25,NA,105,210,30,90,45,40,60,55,80,75,15,NA,240,50,25,65,50,115,110,0,0,15,15,100,85,50,NA,80,40,95,45,55,55,NA,155,65,65,70,160,95,65,25,120,45,105,60,70,50,230,215,190,85,25,NA,175,30,190,30,65,45,390,70,25,50,140,80,80,20,200,130,15,105,205,10,265,90,100,240,25,215,105,80,20,75,130,110
percent_of_pop_that_are_inuit,VAR59,ind,0,0,0.001403016,0,0,NA,0,0.002406739,0.008517888,0,0,0.001829268,0,0,0.001777251,0,7.75E-04,0,NA,0.004790802,0,0.001453488,0,0.001913265,0,0,0.001229508,0.003164557,0,NA,0,0.001736111,0,0.001731102,0.004232164,0,0,0,0,0,0,NA,0.001663894,0.001053371,0,0,0.001132075,0,0,0,0,0,0,0.001478197,0.001864802,0,NA,0,0,0,0,0,0.001827318,NA,0.001785714,0.003424658,0,0,0.003680982,0,0,0,0.001710864,0,0,0,0,0.003,6.30E-04,0.001338389,9.11E-04,0.002375297,0,NA,0,0,0.006269592,0,0.004025765,0,0,0,0,0,0,0,0,0.005119454,0,7.86E-04,0,0,0,0.005555556,0,0,0,0,0,0.008750608,0.005641749,0,0,0.005389222,0,0
number_of_people_who_are_inuit,VAR60,ind,0,0,20,0,0,NA,0,10,50,0,0,15,0,0,15,0,10,0,NA,75,0,15,0,60,0,0,15,20,0,NA,0,25,0,15,35,0,0,0,0,0,0,NA,30,15,0,0,15,0,0,0,0,0,0,10,20,0,NA,0,0,0,0,0,20,NA,25,10,0,0,30,0,0,0,10,0,0,0,0,15,15,30,15,20,0,NA,0,0,130,0,25,0,0,0,0,0,0,0,0,15,0,10,0,0,0,15,0,0,0,0,0,90,40,0,0,45,0,0
percent_of_pop_that_are_immigrants,VAR61,ind,0.344827586,0.206430868,0.414591371,0.324675325,0.265682657,NA,0.178,0.240673887,0.277683135,0.166666667,0.299784715,0.251829268,0.208913649,0.263618677,0.307464455,0.367571059,0.198295895,0.298534799,NA,0.314595976,0.145224941,0.291182171,0.28390994,0.229910714,0.225010634,0.287118287,0.436885246,0.200949367,0.160538117,NA,0.077272727,0.167013889,0.108355091,0.293710329,0.247883918,0.201765448,0.098751419,0.1640625,0.089678511,0.234862385,0.440285205,NA,0.195507488,0.39255618,0.252283105,0.070263488,0.173584906,0.232776192,0.15370019,0.12962963,0.2,0.3951417,0.359963269,0.375461936,0.186013986,0.397179788,NA,0.235500879,0.139321723,0.407684373,0.227109515,0.055865922,0.182731841,NA,0.474285714,0.253424658,0.290465632,0.222953904,0.252147239,0.163934426,0.073170732,0.222033898,0.070145423,0.088348271,0.09540636,0.05360134,0.232954545,0.074,0.337460651,0.221280393,0.339914945,0.200118765,0.164852255,NA,0.177807487,0.08117752,0.312997347,0.455230126,0.295491143,0.238757155,0.302726208,0.234553776,0.193199382,0.16374269,0.160179641,0.304788535,0.335533553,0.177474403,0.280503805,0.306876228,0.212765957,0.247030879,0.240194247,0.285185185,0.156960874,0.401425178,0.252950433,0.365070629,0.251046025,0.191054934,0.259520451,0.046017699,0.341846758,0.244311377,0.201736255,0.219342897
number_of_immigrants,VAR62,ind,100,1605,5910,2500,1800,NA,890,1000,1630,1340,2785,2065,1875,6775,2595,5690,2560,2445,NA,4925,920,3005,2585,7210,2645,4090,5330,1270,895,NA,170,2405,415,2545,2050,800,435,945,265,1920,2470,NA,3525,5590,1105,280,2300,2855,1620,35,30,2440,1960,2540,1995,3380,NA,1340,760,7905,2530,150,2000,NA,6640,740,1965,1185,2055,1700,165,655,410,345,810,160,1230,370,8040,4960,5595,1685,1060,NA,1995,455,6490,2720,1835,1460,9050,1025,625,700,1605,4360,1525,520,5345,3905,350,2600,3215,770,3450,4225,3215,9950,1200,1965,1840,130,870,2040,2440,2370
percent_of_pop_that_are_recent_immigrants_arr_2016_2021,VAR63,ind,0,0.026366559,0.134689583,0.099350649,0.065682657,NA,0.028,0.045728039,0.06132879,0.027363184,0.06350915,0.025,0.041225627,0.038521401,0.07049763,0.064922481,0.01859024,0.039072039,NA,0.064196742,0.009471192,0.043120155,0.028555739,0.04161352,0.038706933,0.037908038,0.078278689,0.047468354,0.01793722,NA,0.006818182,0.023263889,0.003916449,0.095787651,0.046553809,0.011349306,0,0.021701389,0,0.043425076,0.144385027,NA,0.027454243,0.064606742,0.042237443,0.007528231,0.022641509,0.055034651,0.011385199,0.055555556,0,0.049392713,0.033057851,0.095343681,0.021445221,0.02173913,NA,0.061511424,0.010082493,0.071170707,0.042639138,0,0.033348561,NA,0.135714286,0.044520548,0.056171471,0.041392286,0.060736196,0.008196721,0,0.011864407,0.00855432,0.005121639,0.010600707,0,0.024621212,0.006,0.056033578,0.031229088,0.057411908,0.052850356,0.01088647,NA,0.015597148,0.002676182,0.088256571,0.226778243,0.036231884,0.033524121,0.042983777,0.042334096,0.043276662,0.01754386,0.016467066,0.029010835,0.093509351,0.010238908,0.038834951,0.080550098,0.006079027,0.031828979,0.050803138,0.083333333,0.023430391,0.121615202,0.058615264,0.068611264,0.031380753,0.050072922,0.096614951,0.003539823,0.05108055,0.036526946,0.033484911,0.035631652
number_of_recent_immigrants_arr_2016_2021,VAR64,ind,0,205,1920,765,445,NA,140,190,360,220,590,205,370,990,595,1005,240,320,NA,1005,60,445,260,1305,455,540,955,300,100,NA,15,335,15,830,385,45,0,125,0,355,810,NA,495,920,185,30,300,675,120,15,0,305,180,645,230,185,NA,350,55,1380,475,0,365,NA,1900,130,380,220,495,85,0,35,50,20,90,0,130,30,1335,700,945,445,70,NA,175,15,1830,1355,225,205,1285,185,140,75,165,415,425,30,740,1025,10,335,680,225,515,1280,745,1870,150,515,685,10,130,305,405,385
percent_of_pop_that_are_refugees,VAR65,ind,0,0.018649518,0.140652403,0.096753247,0.036135693,NA,0.021978022,0.055354994,0.074042553,0.036069652,0.08934338,0.021354484,0.032311978,0.039291967,0.095914742,0.055232558,0.03601859,0.057387057,NA,0.112460064,0.009471192,0.080426357,0.022527473,0.038909265,0.044236495,0.060723061,0.072101598,0.017391304,0.016143498,NA,0.011363636,0.019444444,0.014379085,0.108419839,0.056797583,0.017654477,0.007945516,0.013032146,0.018644068,0.056880734,0.185383244,NA,0.027731559,0.094101124,0.057077626,0,0.00980762,0.038712306,0.023719165,0,0,0.098705502,0.093663912,0.123429416,0.033100233,0.093364651,NA,0.052724077,0.005494505,0.023723569,0.03726987,0.003731343,0.015989036,NA,0.230357143,0.058319039,0.117429838,0.028222013,0.065030675,0.013493976,0,0.016949153,0.005132592,0.010243278,0.008244994,0.011705686,0.013245033,0.003003003,0.061070304,0.035467321,0.081434215,0.027315914,0.011664075,NA,0.020935412,0.006238859,0.117916566,0.237458194,0.093397746,0.041700736,0.06373369,0.052631579,0.043276662,0.025761124,0.013972056,0.044040545,0.130913091,0.015358362,0.041458935,0.076620825,0.006079027,0.042755344,0.054518297,0.064814815,0.013645668,0.054631829,0.032258065,0.044212071,0.046025105,0.039844509,0.072688779,0.007092199,0.1,0.064071856,0.034311699,0.034706155
percent_of_immigrants_that_are_refugees,VAR66,ind,0,0.133027523,0.367552704,0.334831461,0.173144876,NA,0.170542636,0.26744186,0.334615385,0.297435897,0.359307359,0.147058824,0.21402214,0.173241852,0.394160584,0.161473088,0.208988764,0.254054054,NA,0.405529954,0.086330935,0.321705426,0.097619048,0.202657807,0.248803828,0.235054348,0.175473579,0.117647059,0.135338346,NA,0.238095238,0.167664671,0.215686275,0.457420925,0.328671329,0.127272727,0.120689655,0.101351351,0.379310345,0.312080537,0.47597254,NA,0.179856115,0.253068933,0.318471338,0,0.089965398,0.191919192,0.20746888,0,0,0.286384977,0.293948127,0.36784141,0.219135802,0.28042328,NA,0.288461538,0.072289157,0.065902579,0.20906801,0.117647059,0.126353791,NA,0.520581114,0.285714286,0.439226519,0.153061224,0.309037901,0.14,0,0.14084507,0.133333333,0.205128205,0.142857143,0.388888889,0.084848485,0.081081081,0.203781513,0.189285714,0.281217209,0.171641791,0.109489051,NA,0.157718121,0.132075472,0.424479167,0.544061303,0.375404531,0.253731343,0.225844695,0.2875,0.314606742,0.205607477,0.123893805,0.165571616,0.470355731,0.142857143,0.164754953,0.290611028,0.052631579,0.22556391,0.27037037,0.299145299,0.12145749,0.142679901,0.143106457,0.129639591,0.268292683,0.251533742,0.326984127,0.222222222,0.333333333,0.313782991,0.224932249,0.220588235
number_of_refugees,VAR67,ind,0,145,2005,745,245,NA,110,230,435,290,830,175,290,1010,810,855,465,470,NA,1760,60,830,205,1220,520,865,880,110,90,NA,25,280,55,940,470,70,35,75,55,465,1040,NA,500,1340,250,0,130,475,250,0,0,610,510,835,355,795,NA,300,30,460,415,10,175,NA,3225,170,795,150,530,140,0,50,30,40,70,35,70,15,1455,795,1340,230,75,NA,235,35,2445,1420,580,255,1905,230,140,110,140,630,595,45,790,975,10,450,730,175,300,575,410,1205,220,410,515,20,255,535,415,375
percent_of_pop_that_are_visible_minority,VAR68,ind,0.189655172,0.218649518,0.605050859,0.417532468,0.260516605,NA,0.174,0.279181709,0.38330494,0.195895522,0.428955867,0.242073171,0.237883008,0.295136187,0.33471564,0.495801034,0.283113865,0.367521368,NA,0.437240498,0.120757695,0.391957364,0.349258649,0.271205357,0.291365376,0.40961741,0.627459016,0.367088608,0.206278027,NA,0.022727273,0.188194444,0.080939948,0.342181189,0.272067715,0.133669609,0.054483541,0.125868056,0.054145516,0.275840979,0.570409982,NA,0.247088186,0.578300562,0.345890411,0.028858218,0.142264151,0.272727273,0.151802657,0.185185185,0,0.566801619,0.49862259,0.512195122,0.229370629,0.564629847,NA,0.32513181,0.113657195,0.492779783,0.232046679,0.039106145,0.163088168,NA,0.691785714,0.239726027,0.413895048,0.263405456,0.272392638,0.118611379,0.017738359,0.179661017,0.05132592,0.04865557,0.058303887,0.061976549,0.149621212,0.041,0.448688353,0.299576177,0.422843256,0.292755344,0.15474339,NA,0.242424242,0.050847458,0.444899928,0.635146444,0.399355878,0.250204415,0.452082288,0.275743707,0.204018547,0.150877193,0.174650699,0.426424327,0.331133113,0.14334471,0.370768827,0.447937132,0.176291793,0.249881235,0.337317893,0.35,0.142402184,0.526365796,0.302517703,0.532929738,0.205020921,0.24647545,0.332863188,0.019469027,0.465618861,0.319161677,0.205870194,0.201295696
number_of_people_who_are_visible_minority,VAR69,ind,55,1700,8625,3215,1765,NA,870,1160,2250,1575,3985,1985,2135,7585,2825,7675,3655,3010,NA,6845,765,4045,3180,8505,3425,5835,7655,2320,1150,NA,50,2710,310,2965,2250,530,240,725,160,2255,3200,NA,4455,8235,1515,115,1885,3345,1600,50,0,3500,2715,3465,2460,4805,NA,1850,620,9555,2585,105,1785,NA,9685,700,2800,1400,2220,1230,40,530,300,190,495,185,790,205,10690,6715,6960,2465,995,NA,2720,285,9225,3795,2480,1530,13515,1205,660,645,1750,6100,1505,420,7065,5700,290,2630,4515,945,3130,5540,3845,14525,980,2535,2360,55,1185,2665,2490,2175
percent_of_pop_in_labour_force_participation_rate,VAR70,ind,0.517857143,0.652841782,0.627249357,0.605283605,0.601941748,NA,0.613689095,0.68,0.62487946,0.629375951,0.652402897,0.54564173,0.633269107,0.716360116,0.567951318,0.716847373,0.718629344,0.650760719,NA,0.659064554,0.669216061,0.585011186,0.640992998,0.74995762,0.60738083,0.728502837,0.707571802,0.665154265,0.671563484,NA,0.664041995,0.586447639,0.713153724,0.607843137,0.638373752,0.577092511,0.634210526,0.647739222,0.629126214,0.627240143,0.540659341,NA,0.660892738,0.736817761,0.627906977,0.637426901,0.689345315,0.671106557,0.683411215,0.571428571,0.64,0.682432432,0.628762542,0.626001781,0.738307935,0.631136045,NA,0.680161943,0.680355161,0.618691589,0.651891892,0.733031674,0.623644252,NA,0.60199456,0.648111332,0.562988705,0.715676728,0.561130742,0.62716763,0.680851064,0.566990291,0.685146444,0.642424242,0.679824561,0.655737705,0.615715823,0.676866585,0.718733783,0.673919031,0.609460946,0.692982456,0.672237697,NA,0.622163588,0.711373391,0.573220537,0.645021645,0.644787645,0.588803089,0.73119445,0.63760218,0.655172414,0.599179207,0.585946574,0.716018402,0.607188703,0.583501006,0.748731823,0.622818792,0.571428571,0.58399546,0.69183922,0.574112735,0.666666667,0.780625,0.748979592,0.726362082,0.611041405,0.641982183,0.574980575,0.664596273,0.647482014,0.672218521,0.653090561,0.558482613
number_of_pop_in_labour_force,VAR71,ind,145,4250,7320,3895,3410,NA,2645,2380,3240,4135,4955,3975,4930,14800,4200,8595,7445,4705,NA,8525,3500,5230,5035,22120,5925,8345,6775,3665,3200,NA,1265,7140,2250,4340,4475,1965,2410,3080,1620,4375,2460,NA,9920,7965,2295,2180,8055,6550,5850,140,80,3535,2820,3515,7025,4500,NA,3360,3065,9930,6030,1620,5750,NA,6640,1630,3240,3675,3970,5425,1280,1460,3275,2120,4650,1600,2860,2765,13850,12235,8310,5135,3620,NA,5895,3315,9825,2980,3340,3050,16865,2340,1805,2190,5045,8560,2365,1450,11070,6960,800,5145,8520,1375,11880,6245,7340,14865,2435,5765,3700,1605,1350,5045,6815,5300
unemployment_rate,VAR72,ind,0.068965517,0.085882353,0.162568306,0.114249037,0.104105572,NA,0.105860113,0.100840336,0.12808642,0.093107618,0.120080727,0.105660377,0.11663286,0.089527027,0.138095238,0.092495637,0.080591001,0.134962806,NA,0.129032258,0.074285714,0.102294455,0.117179742,0.100361664,0.09535865,0.077890953,0.109225092,0.09686221,0.0859375,NA,0.138339921,0.103641457,0.057777778,0.1140553,0.120670391,0.083969466,0.062240664,0.073051948,0.074074074,0.117714286,0.134146341,NA,0.078629032,0.109855618,0.078431373,0.075688073,0.098075729,0.096183206,0.08034188,0.142857143,0.1875,0.113154173,0.127659574,0.135135135,0.090391459,0.14,NA,0.132440476,0.066884176,0.098187311,0.101160862,0.061728395,0.099130435,NA,0.15436747,0.110429448,0.143518519,0.114285714,0.115869018,0.101382488,0.0859375,0.078767123,0.064122137,0.068396226,0.077419355,0.065625,0.078671329,0.072332731,0.107220217,0.10584389,0.11612515,0.102239533,0.102209945,NA,0.094995759,0.066365008,0.149618321,0.176174497,0.100299401,0.080327869,0.085976875,0.132478632,0.072022161,0.098173516,0.082259663,0.09521028,0.137420719,0.072413793,0.084462511,0.118534483,0.05625,0.114674441,0.17370892,0.174545455,0.085858586,0.09367494,0.083787466,0.091153717,0.112936345,0.108412836,0.158108108,0.049844237,0.07037037,0.125867195,0.078503302,0.099056604
number_of_pop_unemployed,VAR73,ind,10,365,1190,445,355,NA,280,240,415,385,595,420,575,1325,580,795,600,635,NA,1100,260,535,590,2220,565,650,740,355,275,NA,175,740,130,495,540,165,150,225,120,515,330,NA,780,875,180,165,790,630,470,20,15,400,360,475,635,630,NA,445,205,975,610,100,570,NA,1025,180,465,420,460,550,110,115,210,145,360,105,225,200,1485,1295,965,525,370,NA,560,220,1470,525,335,245,1450,310,130,215,415,815,325,105,935,825,45,590,1480,240,1020,585,615,1355,275,625,585,80,95,635,535,525
number_of_people_age_25_64_with_no_high_school_diploma,VAR74,ind,25,135,975,455,150,NA,215,260,275,325,505,180,365,520,520,180,305,370,NA,1055,85,460,185,975,290,275,370,250,55,NA,150,400,65,455,365,110,130,110,220,325,440,NA,415,515,160,150,160,365,360,40,30,295,275,645,325,420,NA,245,55,205,345,95,190,NA,1490,50,445,145,430,165,80,55,235,120,235,135,50,120,760,570,600,125,60,NA,315,285,1750,530,385,180,890,200,140,175,330,435,195,25,300,405,0,260,345,70,380,190,250,470,155,725,545,145,105,520,265,395
percent_of_people_age_25_64_with_no_high_school_diploma,VAR75,ind,0.15625,0.033877039,0.126131953,0.111519608,0.044510386,NA,0.078754579,0.109473684,0.087719298,0.080246914,0.099019608,0.045112782,0.075569358,0.036827195,0.115299335,0.021415824,0.043140028,0.089805825,NA,0.115553122,0.026521061,0.0835604,0.038262668,0.045592705,0.048013245,0.034310667,0.055597295,0.078125,0.017741935,NA,0.11627907,0.055749129,0.030023095,0.106060606,0.082672707,0.054054054,0.055319149,0.036423841,0.13253012,0.072302558,0.157989228,NA,0.041961577,0.065983344,0.070175439,0.069284065,0.022393282,0.052860246,0.06271777,0.242424242,0.315789474,0.084648494,0.093378608,0.166882277,0.045774648,0.093126386,NA,0.078025478,0.018739353,0.02086514,0.056883759,0.06440678,0.033421284,NA,0.202308215,0.02994012,0.124475524,0.041076487,0.097727273,0.032352941,0.06557377,0.041044776,0.07208589,0.057831325,0.053837342,0.085443038,0.01814882,0.046511628,0.057597575,0.046990932,0.072202166,0.026624068,0.01863354,NA,0.052852349,0.091492777,0.156950673,0.174055829,0.112737921,0.061433447,0.054400978,0.082987552,0.076502732,0.077433628,0.063157895,0.055343511,0.079591837,0.018181818,0.028288543,0.060902256,0,0.052261307,0.050364964,0.055555556,0.033928571,0.030254777,0.034650035,0.031778229,0.064583333,0.115629984,0.135235732,0.089506173,0.072413793,0.101463415,0.03804738,0.074952562
number_of_people_age_25_64_with_a_high_school_diploma,VAR76,ind,140,3850,6755,3625,3220,NA,2525,2115,2860,3720,4600,3805,4465,13605,3995,8225,6765,3755,NA,8075,3120,5040,4650,20415,5750,7740,6285,2945,3040,NA,1140,6780,2100,3835,4055,1925,2215,2910,1440,4170,2340,NA,9475,7285,2125,2015,6990,6545,5375,130,65,3195,2670,3220,6775,4085,NA,2890,2880,9620,5720,1375,5495,NA,5875,1615,3130,3380,3965,4940,1140,1285,3035,1950,4125,1445,2710,2465,12435,11560,7710,4570,3160,NA,5645,2830,9400,2515,3030,2750,15470,2205,1690,2090,4900,7420,2255,1350,10305,6245,720,4715,6505,1190,10815,6090,6965,14320,2240,5545,3485,1475,1345,4600,6700,4875
percent_of_people_age_25_64_with_a_high_school_diploma,VAR77,ind,0.875,0.966122961,0.873868047,0.888480392,0.955489614,NA,0.924908425,0.890526316,0.912280702,0.918518519,0.901960784,0.953634085,0.924430642,0.963526912,0.885809313,0.978584176,0.956859972,0.911407767,NA,0.884446878,0.973478939,0.915531335,0.961737332,0.954641104,0.951986755,0.965689333,0.944402705,0.9203125,0.980645161,NA,0.88372093,0.944947735,0.969976905,0.893939394,0.918459796,0.945945946,0.942553191,0.963576159,0.86746988,0.927697442,0.84021544,NA,0.958038423,0.933376041,0.932017544,0.930715935,0.978306508,0.947863867,0.93641115,0.787878788,0.684210526,0.916786227,0.906621392,0.833117723,0.954225352,0.905764967,NA,0.920382166,0.981260647,0.97913486,0.943116241,0.93220339,0.966578716,NA,0.797691785,0.967065868,0.875524476,0.957507082,0.901136364,0.968627451,0.93442623,0.958955224,0.930981595,0.939759036,0.945017182,0.914556962,0.983666062,0.955426357,0.942402425,0.953009068,0.927797834,0.973375932,0.98136646,NA,0.947147651,0.908507223,0.843049327,0.825944171,0.887262079,0.938566553,0.945599022,0.914937759,0.923497268,0.924778761,0.937799043,0.944020356,0.920408163,0.981818182,0.971711457,0.939097744,1,0.947738693,0.949635036,0.944444444,0.965625,0.969745223,0.965349965,0.968221771,0.933333333,0.884370016,0.864764268,0.910493827,0.927586207,0.897560976,0.96195262,0.925047438
number_of_people_age_25_64_with_a_postsecondary_degree_diploma_or_certificate,VAR78,ind,115,3365,5195,2755,2640,NA,2000,1525,2355,2950,3470,3070,3620,11655,3090,7035,5590,3080,NA,6420,2645,3895,4050,17890,4770,6445,5335,2305,2745,NA,810,5440,1640,2940,3015,1700,1735,2360,965,3340,1700,NA,7295,6070,1705,1390,6430,5170,4325,85,30,2520,2010,2350,5825,3085,NA,2290,2635,8690,4745,1045,4855,NA,4290,1325,2535,2975,3210,4150,865,1090,2240,1520,3380,1000,2510,1925,10210,9180,6145,4105,2940,NA,4415,2105,7060,1815,2215,2315,12790,1810,1420,1645,3715,6280,1795,1145,8945,5215,660,4020,5715,875,9230,5215,5900,12270,1885,4395,2535,1075,1160,3805,6040,4025
percent_of_people_age_25_64_with_a_postsecondary_degree_diploma_or_certificate,VAR79,ind,0.71875,0.844416562,0.672056921,0.675245098,0.783382789,NA,0.732600733,0.642105263,0.751196172,0.728395062,0.680392157,0.769423559,0.749482402,0.825424929,0.685144124,0.837001785,0.790664781,0.747572816,NA,0.703176342,0.825273011,0.707538601,0.837642192,0.836567688,0.789735099,0.80411728,0.801652893,0.7203125,0.885483871,NA,0.627906977,0.758188153,0.757505774,0.685314685,0.682899207,0.835380835,0.738297872,0.781456954,0.581325301,0.743047831,0.610412926,NA,0.737613751,0.777706598,0.747807018,0.642032333,0.899930021,0.748732802,0.753484321,0.515151515,0.315789474,0.723098996,0.682512733,0.608020699,0.820422535,0.684035477,NA,0.729299363,0.897785349,0.884478372,0.782357791,0.708474576,0.854001759,NA,0.582484725,0.793413174,0.709090909,0.842776204,0.729545455,0.81372549,0.709016393,0.813432836,0.687116564,0.73253012,0.774341352,0.632911392,0.91107078,0.746124031,0.773777946,0.756801319,0.739470517,0.874334398,0.913043478,NA,0.740771812,0.67576244,0.633183857,0.596059113,0.648609078,0.790102389,0.781784841,0.751037344,0.775956284,0.727876106,0.711004785,0.798982188,0.732653061,0.832727273,0.843470061,0.784210526,0.916666667,0.808040201,0.834306569,0.694444444,0.824107143,0.830414013,0.817740818,0.829614604,0.785416667,0.700956938,0.629032258,0.663580247,0.8,0.742439024,0.867193108,0.763757116
number_of_workers_age_15_who_work_at_home,VAR80,ind,40,2060,1915,1235,1475,NA,915,720,1200,1605,1490,1570,1705,6560,1435,3900,3100,1605,NA,2930,1535,1980,1945,11480,2340,3470,2510,1025,1665,NA,365,2675,925,1455,1405,890,905,1405,450,1700,650,NA,4025,3020,915,660,4005,2260,2260,40,35,1185,885,755,3630,1365,NA,935,1820,4955,2395,515,2810,NA,1415,630,1235,1730,1410,2310,365,635,980,735,1700,460,1500,925,5085,4555,2730,2455,1900,NA,2195,1075,2710,490,945,1315,6530,855,800,745,1755,3395,830,695,4755,2430,365,2115,3370,420,5035,2820,3315,6435,1015,2005,985,480,515,2150,3545,2085
percent_of_workers_age_15_who_work_at_home,VAR81,ind,0.296296296,0.53024453,0.312653061,0.357452967,0.484400657,NA,0.386892178,0.337236534,0.425531915,0.428,0.342135476,0.442253521,0.391504018,0.486827458,0.396957123,0.500320718,0.452885318,0.394348894,NA,0.394878706,0.473765432,0.421276596,0.437570304,0.576884422,0.436567164,0.45094217,0.415907208,0.309667674,0.569230769,NA,0.334862385,0.41796875,0.437352246,0.378413524,0.357506361,0.495821727,0.401330377,0.492119089,0.3,0.439844761,0.305164319,NA,0.440371991,0.425952045,0.434679335,0.328358209,0.550894085,0.381756757,0.420465116,0.333333333,0.538461538,0.378594249,0.359756098,0.247947455,0.568075117,0.35316947,NA,0.320205479,0.637478109,0.553631285,0.442289935,0.339933993,0.542471042,NA,0.251779359,0.435986159,0.445045045,0.531490015,0.401709402,0.473846154,0.311965812,0.473880597,0.320261438,0.371212121,0.396732789,0.308724832,0.570342205,0.360623782,0.411075182,0.416552355,0.371681416,0.533116178,0.583717358,NA,0.411048689,0.34733441,0.324356673,0.2,0.314475874,0.469642857,0.423613364,0.421182266,0.47761194,0.376262626,0.379049676,0.438347321,0.405867971,0.516728625,0.469166256,0.396411093,0.486666667,0.464324918,0.479374111,0.368421053,0.463627993,0.498233216,0.492936803,0.476490189,0.468822171,0.390077821,0.316211878,0.314754098,0.410358566,0.486976217,0.564490446,0.436649215
number_of_workers_age_15_who_have_no_fixed_workplace_address,VAR82,ind,10,330,755,385,270,NA,240,195,285,290,485,330,445,870,375,555,470,370,NA,680,350,315,350,750,385,710,575,480,105,NA,215,580,270,510,520,135,290,315,330,295,315,NA,780,600,170,210,320,555,520,45,15,310,240,385,350,385,NA,375,80,495,355,190,300,NA,800,170,245,180,325,375,210,160,405,300,525,225,115,355,1090,995,770,250,185,NA,480,545,990,380,390,190,1160,125,150,220,545,570,205,120,820,510,35,305,495,110,860,425,445,1010,170,585,360,220,90,390,285,385
percent_of_workers_age_15_who_have_no_fixed_workplace_address,VAR83,ind,0.074074074,0.084942085,0.123265306,0.111432706,0.088669951,NA,0.101479915,0.091334895,0.10106383,0.077333333,0.111366246,0.092957746,0.102181401,0.064564007,0.10373444,0.071199487,0.068663258,0.090909091,NA,0.091644205,0.108024691,0.067021277,0.078740157,0.037688442,0.071828358,0.092267706,0.095277548,0.145015106,0.035897436,NA,0.197247706,0.090625,0.127659574,0.132639792,0.132315522,0.075208914,0.128603104,0.11033275,0.22,0.076326003,0.147887324,NA,0.085339168,0.084626234,0.080760095,0.104477612,0.044016506,0.09375,0.096744186,0.375,0.230769231,0.099041534,0.097560976,0.126436782,0.054773083,0.099611902,NA,0.128424658,0.028021016,0.055307263,0.065558633,0.125412541,0.057915058,NA,0.142348754,0.117647059,0.088288288,0.055299539,0.092592593,0.076923077,0.179487179,0.119402985,0.132352941,0.151515152,0.12252042,0.151006711,0.043726236,0.138401559,0.088116411,0.090992227,0.10483322,0.054288817,0.056835637,NA,0.08988764,0.176090468,0.118491921,0.155102041,0.129783694,0.067857143,0.075251379,0.061576355,0.089552239,0.111111111,0.117710583,0.073595868,0.100244499,0.089219331,0.080907745,0.08319739,0.046666667,0.066959385,0.070412518,0.096491228,0.079189687,0.075088339,0.066171004,0.074787116,0.07852194,0.11381323,0.115569823,0.144262295,0.071713147,0.088335221,0.045382166,0.080628272
number_of_workers_age_15_who_commute_by_car_truck_or_van,VAR84,ind,75,1365,2890,1480,1235,NA,1190,1090,1070,1675,2400,1585,1990,6040,1400,3260,3175,1790,NA,3115,1550,1800,1805,3170,2460,3725,3005,1480,755,NA,690,2935,1105,1850,1975,710,1240,1370,975,1545,1005,NA,4235,3555,970,1260,1795,3170,2895,70,30,1635,1235,1545,1450,2205,NA,1505,555,3375,2490,920,1630,NA,2860,615,690,535,1355,2360,755,635,1945,1185,2390,950,645,1515,5840,5385,3685,1145,815,NA,2655,1890,3780,1210,1585,1070,7450,935,685,1040,2385,3645,850,520,4770,2170,310,1920,1395,465,5225,2465,2950,6100,915,1970,1270,955,560,1090,1835,1870
percent_of_workers_age_15_who_commute_by_car_truck_or_van,VAR85,ind,0.789473684,0.756232687,0.687277051,0.677345538,0.78913738,NA,0.826388889,0.770318021,0.660493827,0.78271028,0.842105263,0.800505051,0.753787879,0.874728458,0.642201835,0.840206186,0.854643338,0.741200828,NA,0.698430493,0.914454277,0.665434381,0.736734694,0.380095923,0.824120603,0.887961859,0.858571429,0.649122807,0.611336032,NA,0.958333333,0.791105121,0.928571429,0.775681342,0.780632411,0.797752809,0.918518519,0.951388889,0.9375,0.715277778,0.686006826,NA,0.831207066,0.879950495,0.818565401,0.936802974,0.554012346,0.868493151,0.935379645,0.875,1,0.840616967,0.786624204,0.68061674,0.527272727,0.889112903,NA,0.76010101,0.538834951,0.856598985,0.825870647,0.924623116,0.689217759,NA,0.685851319,0.75,0.450980392,0.355481728,0.648325359,0.921875,0.937888199,0.90070922,0.932853717,0.951807229,0.92815534,0.922330097,0.57079646,0.929447853,0.807187284,0.848699764,0.801086957,0.536299766,0.605947955,NA,0.845541401,0.940298507,0.674397859,0.622107969,0.771289538,0.718120805,0.844671202,0.795744681,0.782857143,0.845528455,0.832460733,0.841801386,0.708333333,0.79389313,0.893258427,0.588873813,0.861111111,0.795031056,0.383768913,0.64137931,0.900862069,0.888288288,0.871491876,0.87517934,0.799126638,0.635483871,0.600472813,0.918269231,0.756756757,0.481236203,0.678373383,0.700374532
number_of_workers_age_15_who_commute_by_public_transit,VAR86,ind,0,120,965,465,160,NA,135,160,340,275,265,180,385,355,510,215,305,405,NA,835,50,525,365,1280,265,255,335,645,125,NA,0,445,25,355,355,60,45,25,15,245,220,NA,550,215,110,0,285,190,20,0,0,140,190,445,545,180,NA,260,160,230,205,0,320,NA,940,125,370,270,395,20,15,15,0,10,45,20,110,20,785,460,595,460,125,NA,245,20,1135,520,310,205,785,135,105,110,230,355,225,70,225,860,0,245,875,150,245,150,165,515,130,550,460,15,95,470,355,465
percent_of_workers_age_15_who_commute_by_public_transit,VAR87,ind,0,0.066481994,0.229488704,0.212814645,0.102236422,NA,0.09375,0.113074205,0.209876543,0.128504673,0.092982456,0.090909091,0.145833333,0.05141202,0.233944954,0.055412371,0.082099596,0.167701863,NA,0.187219731,0.029498525,0.194085028,0.148979592,0.153477218,0.088777219,0.060786651,0.095714286,0.282894737,0.101214575,NA,0,0.119946092,0.021008403,0.14884696,0.140316206,0.06741573,0.033333333,0.017361111,0.014423077,0.113425926,0.150170648,NA,0.10794897,0.053217822,0.092827004,0,0.087962963,0.052054795,0.006462036,0,0,0.071979434,0.121019108,0.196035242,0.198181818,0.072580645,NA,0.131313131,0.155339806,0.058375635,0.067993367,0,0.135306554,NA,0.225419664,0.152439024,0.241830065,0.179401993,0.188995215,0.0078125,0.01863354,0.021276596,0,0.008032129,0.017475728,0.019417476,0.097345133,0.012269939,0.108500346,0.07249803,0.129347826,0.215456674,0.092936803,NA,0.078025478,0.009950249,0.20249777,0.267352185,0.150851582,0.137583893,0.089002268,0.114893617,0.12,0.089430894,0.080279232,0.081986143,0.1875,0.106870229,0.042134831,0.233378562,0,0.101449275,0.240715268,0.206896552,0.042241379,0.054054054,0.048744461,0.073888092,0.113537118,0.177419355,0.21749409,0.014423077,0.128378378,0.207505519,0.131238447,0.174157303
number_of_workers_age_15_who_commute_by_walking,VAR88,ind,10,180,205,150,80,NA,90,100,130,120,75,95,140,230,175,225,110,115,NA,245,35,250,125,3160,155,90,75,85,225,NA,15,170,10,65,130,50,20,15,35,230,130,NA,135,95,65,55,770,175,40,0,0,50,45,155,445,60,NA,140,215,130,140,45,255,NA,200,60,355,570,175,90,0,20,50,10,95,25,215,70,270,255,130,310,250,NA,110,65,415,135,105,90,230,60,35,25,115,200,65,25,90,395,20,120,1025,60,155,75,120,115,50,380,255,45,55,515,320,195
percent_of_workers_age_15_who_commute_by_walking,VAR89,ind,0.105263158,0.099722992,0.048751486,0.068649886,0.051118211,NA,0.0625,0.070671378,0.080246914,0.056074766,0.026315789,0.047979798,0.053030303,0.033309196,0.080275229,0.057989691,0.02960969,0.047619048,NA,0.054932735,0.020648968,0.092421442,0.051020408,0.378896882,0.051926298,0.021454112,0.021428571,0.037280702,0.182186235,NA,0.020833333,0.045822102,0.008403361,0.027253669,0.051383399,0.056179775,0.014814815,0.010416667,0.033653846,0.106481481,0.088737201,NA,0.026496565,0.023514851,0.054852321,0.040892193,0.237654321,0.047945205,0.012924071,0,0,0.025706941,0.02866242,0.068281938,0.161818182,0.024193548,NA,0.070707071,0.208737864,0.032994924,0.046434494,0.045226131,0.10782241,NA,0.047961631,0.073170732,0.232026144,0.378737542,0.083732057,0.03515625,0,0.028368794,0.023980815,0.008032129,0.036893204,0.024271845,0.190265487,0.042944785,0.03731859,0.040189125,0.02826087,0.145199063,0.185873606,NA,0.035031847,0.032338308,0.074041035,0.06940874,0.051094891,0.060402685,0.026077098,0.05106383,0.04,0.020325203,0.040139616,0.046189376,0.054166667,0.038167939,0.016853933,0.107191316,0.055555556,0.049689441,0.281980743,0.082758621,0.026724138,0.027027027,0.035450517,0.016499283,0.043668122,0.122580645,0.120567376,0.043269231,0.074324324,0.227373068,0.118299445,0.073033708
number_of_workers_age_15_who_commute_by_bicycle,VAR90,ind,0,55,35,20,40,NA,0,10,10,15,15,40,70,30,25,40,20,45,NA,105,0,45,25,410,25,10,10,30,70,NA,0,30,10,15,25,20,0,0,0,45,15,NA,25,10,15,0,235,15,25,0,0,30,45,65,180,10,NA,25,85,45,30,0,70,NA,40,0,60,50,70,10,0,10,0,0,10,0,85,0,60,50,25,140,115,NA,25,0,125,35,10,30,15,20,10,0,15,10,20,10,15,120,0,35,200,15,45,15,30,40,10,110,40,0,10,110,85,25
percent_of_workers_age_15_who_commute_by_bicycle,VAR91,ind,0,0.030470914,0.008323424,0.009153318,0.025559105,NA,0,0.007067138,0.00617284,0.007009346,0.005263158,0.02020202,0.026515152,0.004344678,0.01146789,0.010309278,0.00538358,0.01863354,NA,0.023542601,0,0.01663586,0.010204082,0.049160671,0.008375209,0.00238379,0.002857143,0.013157895,0.056680162,NA,0,0.008086253,0.008403361,0.006289308,0.009881423,0.02247191,0,0,0,0.020833333,0.010238908,NA,0.004906771,0.002475248,0.012658228,0,0.072530864,0.004109589,0.008077544,0,0,0.015424165,0.02866242,0.028634361,0.065454545,0.004032258,NA,0.012626263,0.082524272,0.01142132,0.009950249,0,0.029598309,NA,0.009592326,0,0.039215686,0.033222591,0.033492823,0.00390625,0,0.014184397,0,0,0.003883495,0,0.075221239,0,0.00829302,0.007880221,0.005434783,0.06557377,0.085501859,NA,0.007961783,0,0.022301517,0.017994859,0.00486618,0.020134228,0.00170068,0.017021277,0.011428571,0,0.005235602,0.002309469,0.016666667,0.015267176,0.002808989,0.03256445,0,0.014492754,0.055020633,0.020689655,0.007758621,0.005405405,0.008862629,0.005738881,0.008733624,0.035483871,0.01891253,0,0.013513514,0.048565121,0.03142329,0.009363296
number_of_workers_age_15_who_commute_by_other_means,VAR92,ind,0,85,100,75,55,NA,25,50,65,55,100,85,50,250,65,140,105,65,NA,160,50,90,130,325,85,120,70,40,70,NA,20,120,35,100,40,50,40,25,20,90,95,NA,145,160,20,15,155,105,120,10,0,90,55,55,120,35,NA,50,15,165,145,25,80,NA,125,20,45,85,95,80,30,15,75,40,35,25,85,20,280,200,155,80,40,NA,100,35,150,50,50,85,350,25,45,55,125,115,35,30,235,135,25,85,145,30,130,75,125,195,40,105,90,25,25,80,110,120
percent_of_workers_age_15_who_commute_by_other_means,VAR93,ind,0,0.047091413,0.023781213,0.034324943,0.03514377,NA,0.017361111,0.035335689,0.040123457,0.025700935,0.035087719,0.042929293,0.018939394,0.036205648,0.029816514,0.036082474,0.028263795,0.026915114,NA,0.035874439,0.029498525,0.033271719,0.053061224,0.038968825,0.028475712,0.028605483,0.02,0.01754386,0.056680162,NA,0.027777778,0.032345013,0.029411765,0.041928721,0.015810277,0.056179775,0.02962963,0.017361111,0.019230769,0.041666667,0.064846416,NA,0.028459274,0.03960396,0.016877637,0.011152416,0.047839506,0.028767123,0.038772213,0.125,0,0.046272494,0.035031847,0.024229075,0.043636364,0.014112903,NA,0.025252525,0.014563107,0.041878173,0.048092869,0.025125628,0.033826638,NA,0.029976019,0.024390244,0.029411765,0.056478405,0.045454545,0.03125,0.037267081,0.021276596,0.035971223,0.032128514,0.013592233,0.024271845,0.075221239,0.012269939,0.03870076,0.031520883,0.033695652,0.037470726,0.029739777,NA,0.031847134,0.017412935,0.02676182,0.025706941,0.0243309,0.05704698,0.03968254,0.021276596,0.051428571,0.044715447,0.043630017,0.026558891,0.029166667,0.045801527,0.044007491,0.036635007,0.069444444,0.035196687,0.039889959,0.04137931,0.022413793,0.027027027,0.036927622,0.027977044,0.034934498,0.033870968,0.042553191,0.024038462,0.033783784,0.035320088,0.040665434,0.04494382
percent_of_workers_age_15_who_commute_for_60_minutes_and_over,VAR94,ind,0,0.019390582,0.077288942,0.075514874,0.054313099,NA,0.038194444,0.067137809,0.037037037,0.037383178,0.047368421,0.035353535,0.039772727,0.044170891,0.052752294,0.067010309,0.068640646,0.043478261,NA,0.048206278,0.053097345,0.053604436,0.051020408,0.037170264,0.045226131,0.044100119,0.051428571,0.085526316,0.032388664,NA,0.090277778,0.055256065,0.079831933,0.033542977,0.043478261,0.016853933,0.033333333,0.048611111,0.014423077,0.032407407,0.054607509,NA,0.065750736,0.037128713,0.033755274,0.085501859,0.032407407,0.047945205,0.032310178,0,0,0.028277635,0.041401274,0.068281938,0.045454545,0.022177419,NA,0.037878788,0.029126214,0.057106599,0.029850746,0.030150754,0.038054968,NA,0.073141487,0.06097561,0.065359477,0.053156146,0.062200957,0.033203125,0.086956522,0.021276596,0.026378897,0.040160643,0.044660194,0.038834951,0.022123894,0.030674847,0.06081548,0.052009456,0.047826087,0.037470726,0.040892193,NA,0.054140127,0.049751244,0.074041035,0.100257069,0.03649635,0.043624161,0.075963719,0.029787234,0.022857143,0.048780488,0.062827225,0.048498845,0.058333333,0.022900763,0.041198502,0.042062415,0,0.037267081,0.052269601,0.068965517,0.049137931,0.054054054,0.056129985,0.06384505,0.052401747,0.067741935,0.056737589,0.048076923,0.047297297,0.072847682,0.040665434,0.06928839
number_of_youth_age_15_24,VAR95,ind,40,1010,2025,915,805,NA,490,435,1020,840,1300,875,1140,3375,940,2180,1795,1705,NA,1985,880,1320,1310,4050,1495,1910,1835,1330,765,NA,220,1510,465,1250,1060,385,510,715,265,845,795,NA,2300,2035,530,395,1905,1045,1215,30,0,950,775,825,945,1375,NA,945,580,2535,1195,335,1270,NA,2300,240,990,700,605,1250,245,355,665,460,910,325,475,555,3630,2885,2065,1505,1170,NA,1215,585,2760,1075,825,675,4035,585,370,375,985,2690,455,315,2380,2090,300,1380,3845,480,2895,1030,1355,3300,490,1030,785,330,290,1060,940,1115
percent_of_pop_that_are_youth_age_15_24,VAR96,ind,0.13559322,0.129903537,0.142055419,0.118831169,0.118731563,NA,0.097902098,0.104693141,0.173617021,0.104477612,0.139935414,0.106772422,0.127019499,0.131297413,0.111308467,0.140826873,0.139039504,0.208180708,NA,0.126837061,0.138910813,0.127906977,0.143956044,0.129166002,0.127179923,0.134082134,0.150348218,0.21027668,0.137219731,NA,0.1,0.104861111,0.121568627,0.144175317,0.128096677,0.097099622,0.115777526,0.124239791,0.089830508,0.103363914,0.14171123,NA,0.127565169,0.142907303,0.121004566,0.099121706,0.143719351,0.085167074,0.115275142,0.113207547,0,0.153721683,0.142332415,0.12195122,0.088111888,0.161479742,NA,0.166080844,0.106227106,0.130737494,0.107319264,0.125,0.116034719,NA,0.164285714,0.082332762,0.146233383,0.131702728,0.074233129,0.120481928,0.10864745,0.120338983,0.113772455,0.117797695,0.107184923,0.108695652,0.08987701,0.111111111,0.152360965,0.128708454,0.125493771,0.178741093,0.181959565,NA,0.108240535,0.104278075,0.133108271,0.179765886,0.132850242,0.110384301,0.134994982,0.133867277,0.114374034,0.087822014,0.098303393,0.188046138,0.100110011,0.107508532,0.124901601,0.164243615,0.182370821,0.13111639,0.287154593,0.177777778,0.131680691,0.097862233,0.106608969,0.121078701,0.10251046,0.100097182,0.110797459,0.117021277,0.11372549,0.126946108,0.077718065,0.103192966
number_of_people_with_french_as_a_language_most_spoken_at_home,VAR97,ind,0,785,940,1775,190,NA,100,130,405,1255,875,330,465,1185,650,830,4045,420,NA,1140,175,2945,250,2635,3015,3955,660,305,290,NA,40,3245,145,340,320,185,1420,205,455,790,350,NA,4570,1070,115,45,840,410,690,10,0,495,440,975,705,765,NA,380,230,660,395,70,390,NA,1530,155,1675,995,2180,365,60,85,330,20,210,1045,820,155,1145,885,1485,865,385,NA,3120,155,4835,380,1085,800,8370,255,130,1015,2540,685,355,250,1200,1545,65,1735,2370,160,655,485,405,1295,170,2685,1965,1145,670,585,625,435
percent_of_people_with_french_as_a_language_most_spoken_at_home,VAR98,ind,0,0.101029601,0.065941775,0.230519481,0.028023599,NA,0.01998002,0.031287605,0.068994889,0.156191661,0.094238018,0.040243902,0.051781737,0.046099981,0.077014218,0.053634895,0.313323005,0.051282051,NA,0.072820185,0.027624309,0.285368217,0.027472527,0.084037634,0.256486601,0.277641278,0.054076198,0.048221344,0.051971326,NA,0.018181818,0.225347222,0.037908497,0.039238315,0.038670695,0.04665826,0.321995465,0.035590278,0.154237288,0.096636086,0.062388592,NA,0.253466445,0.075140449,0.026255708,0.011306533,0.063372312,0.033414833,0.065464896,0.037037037,0,0.080161943,0.080808081,0.144124169,0.065734266,0.089841456,NA,0.066842568,0.042124542,0.034038164,0.035473731,0.026070764,0.035632709,NA,0.109324759,0.053082192,0.247597931,0.187206021,0.267484663,0.035180723,0.026607539,0.028813559,0.056506849,0.005121639,0.024749558,0.349498328,0.15530303,0.031,0.048058762,0.039482489,0.090246126,0.102792632,0.059875583,NA,0.277951002,0.027629234,0.233180612,0.063545151,0.174718196,0.130718954,0.27997993,0.058352403,0.040185471,0.237704918,0.253493014,0.047885355,0.078107811,0.085324232,0.062959077,0.121414538,0.039513678,0.164767331,0.177063877,0.059259259,0.029799818,0.046058879,0.031852143,0.047514218,0.035564854,0.260932945,0.277346507,0.405309735,0.263261297,0.070101857,0.051674246,0.040240518
pop,VAR201,oth,general,general,general,general,general,general,general,general,general,general,general,general,general,general,general,general,general,general,general,general,general,general,general,general,general,general,general,general,general,general,general,general,general,general,general,general,general,general,general,general,general,general,general,general,general,general,general,general,general,general,general,general,general,general,general,general,general,general,general,general,general,general,general,general,general,general,general,general,general,general,general,general,general,general,general,general,general,general,general,general,general,general,general,general,general,general,general,general,general,general,general,general,general,general,general,general,general,general,general,general,general,general,general,general,general,general,general,general,general,general,general,general,general,general,general,general
