name,ONS_ID,total_population,percent_of_pop_that_are_seniors_age_65,number_of_seniors_age_65,average_age_of_the_population,median_age_of_the_population,number_of_people_living_alone,percent_of_people_living_alone,number_of_after_tax_income_recipients_age_15,average_after_tax_income_in_2020_among_recipients,number_of_market_income_recipients_age_15,average_market_income_in_2020_among_recipients,percent_of_income_from_government_transfers_2020,average_after_tax_income_in_2019_among_recipients,average_market_income_in_2019_among_recipients,percent_of_income_from_government_transfers_2019,number_of_people_in_low_income_based_on_lim_at,percent_of_people_in_low_income_based_on_lim_at,number_of_people_0_17_in_low_income_based_on_lim_at,percent_of_people_0_17_in_low_income_based_on_lim_at,number_of_people_18_64_in_low_income_based_on_lim_at,percent_of_people_18_64_in_low_income_based_on_lim_at,number_of_people_65_in_low_income_based_on_lim_at,percent_of_people_65_in_low_income_based_on_lim_at,number_of_people_with_knowledge_of_only_french_as_an_official_language,percent_of_people_with_knowledge_of_only_french_as_an_official_language,percent_of_people_who_know_neither_english_nor_french,number_of_people_who_know_neither_english_nor_french,percent_of_pop_that_are_indigenous,number_of_people_who_are_indigenous,percent_of_pop_that_are_fn,number_of_people_who_are_fn,percent_of_pop_that_are_metis,number_of_people_who_are_metis,percent_of_pop_that_are_inuit,number_of_people_who_are_inuit,percent_of_pop_that_are_immigrants,number_of_immigrants,percent_of_pop_that_are_recent_immigrants_arr_2016_2021,number_of_recent_immigrants_arr_2016_2021,percent_of_pop_that_are_refugees,percent_of_immigrants_that_are_refugees,number_of_refugees,percent_of_pop_that_are_visible_minority,number_of_people_who_are_visible_minority,percent_of_pop_in_labour_force_participation_rate,number_of_pop_in_labour_force,unemployment_rate,number_of_pop_unemployed,number_of_people_age_25_64_with_no_high_school_diploma,percent_of_people_age_25_64_with_no_high_school_diploma,number_of_people_age_25_64_with_a_high_school_diploma,percent_of_people_age_25_64_with_a_high_school_diploma,number_of_people_age_25_64_with_a_postsecondary_degree_diploma_or_certificate,percent_of_people_age_25_64_with_a_postsecondary_degree_diploma_or_certificate,number_of_workers_age_15_who_work_at_home,percent_of_workers_age_15_who_work_at_home,number_of_workers_age_15_who_have_no_fixed_workplace_address,percent_of_workers_age_15_who_have_no_fixed_workplace_address,number_of_workers_age_15_who_commute_by_car_truck_or_van,percent_of_workers_age_15_who_commute_by_car_truck_or_van,number_of_workers_age_15_who_commute_by_public_transit,percent_of_workers_age_15_who_commute_by_public_transit,number_of_workers_age_15_who_commute_by_walking,percent_of_workers_age_15_who_commute_by_walking,number_of_workers_age_15_who_commute_by_bicycle,percent_of_workers_age_15_who_commute_by_bicycle,number_of_workers_age_15_who_commute_by_other_means,percent_of_workers_age_15_who_commute_by_other_means,percent_of_workers_age_15_who_commute_for_60_minutes_and_over,number_of_youth_age_15_24,percent_of_pop_that_are_youth_age_15_24,number_of_people_with_french_as_a_language_most_spoken_at_home,percent_of_people_with_french_as_a_language_most_spoken_at_home,pop
VAR_ID,VAR200,VAR1,VAR2,VAR3,VAR4,VAR5,VAR8,VAR9,VAR10,VAR11,VAR12,VAR13,VAR14,VAR15,VAR16,VAR17,VAR18,VAR19,VAR20,VAR21,VAR22,VAR23,VAR24,VAR25,VAR49,VAR50,VAR51,VAR52,VAR53,VAR54,VAR55,VAR56,VAR57,VAR58,VAR59,VAR60,VAR61,VAR62,VAR63,VAR64,VAR65,VAR66,VAR67,VAR68,VAR69,VAR70,VAR71,VAR72,VAR73,VAR74,VAR75,VAR76,VAR77,VAR78,VAR79,VAR80,VAR81,VAR82,VAR83,VAR84,VAR85,VAR86,VAR87,VAR88,VAR89,VAR90,VAR91,VAR92,VAR93,VAR94,VAR95,VAR96,VAR97,VAR98,VAR201
type,NA,Number,Percentage 2,Number,Average,Median,Number,Percentage 2,Number,Average,Number,Average,Percentage 1,Average,Average,Percentage 1,Number,Percentage 2,Number,Percentage 2,Number,Percentage 2,Number,Percentage 2,Number,Percentage 2,Percentage 2,Number,Percentage 2,Number,Percentage 2,Number,Percentage 2,Number,Percentage 2,Number,Percentage 2,Number,Percentage 2,Number,Percentage 2,Percentage 2,Number,Percentage 2,Number,Percentage 2,Number,Percentage 2,Number,Number,Percentage 2,Number,Percentage 2,Number,Percentage 2,Number,Percentage 2,Number,Percentage 2,Number,Percentage 2,Number,Percentage 2,Number,Percentage 2,Number,Percentage 2,Number,Percentage 2,Percentage 2,Number,Percentage 1,Number,Percentage 2,NA
category,NA,Demographics,Demographics,Demographics,Demographics,Demographics,Family comp,Family comp,Income/work,Income/work,Income/work,Income/work,Income/work,Income/work,Income/work,Income/work,Income/work,Income/work,Income/work,Income/work,Income/work,Income/work,Income/work,Income/work,Language,Language,Language,Language,Indigenous,Indigenous,Indigenous,Indigenous,Indigenous,Indigenous,Indigenous,Indigenous,Immigration,Immigration,Immigration,Immigration,Immigration,Immigration,Immigration,Demographics,Demographics,Income/work,Income/work,Income/work,Income/work,Education,Education,Education,Education,Education,Education,Income/work,Income/work,Income/work,Income/work,Commuting,Commuting,Commuting,Commuting,Commuting,Commuting,Commuting,Commuting,Commuting,Commuting,Commuting,Demographics,Demographics,Language,Language,NA
ottawa_airport_3001,3001,75,1,75,74,72.5,0,0,75,52000,65,48000,28,48000,50000,26,0,0,0,0,0,0,75,1,0,0,0,0,0,0,0,0,0,0,0,0,0.6,45,0,0,0,0,0,0,0,0,0,NA,0,0,NA,0,NA,0,NA,0,NA,0,NA,0,NA,0,NA,0,NA,0,NA,0,NA,NA,0,0,0,0,age_65plus
ottawa_alta_vista_3002,3002,1520,1,1520,74.8,74,295,0.194078947,1515,64600,1415,71700,19,61050,66300,17.9,80,0.052805281,0,0,0,0,1515,1,0,0,0.02310231,35,0.01320132,20,0,0,0.00990099,15,0,0,0.320132013,485,0,0,0,0,0,0.102310231,155,0.194719472,295,0.050847458,15,0,NA,0,NA,0,NA,135,0.482142857,20,0.071428571,95,0.678571429,0,0,35,0.25,0,0,15,0.107142857,0.107142857,0,0,135,0.089108911,age_65plus
ottawa_bayshore_3003,3003,1910,1,1910,74.8,74,655,0.342931937,1900,35440,1340,30360,45.6,34640,32120,39.7,335,0.17539267,0,0,0,0,1910,1,40,0.020942408,0.078534031,150,0.018324607,35,0.013089005,25,0,0,0,0,0.494764398,945,0.018324607,35,0.123036649,0.385245902,235,0.348167539,665,0.123036649,235,0.127659574,30,0,NA,0,NA,0,NA,45,0.225,25,0.125,105,0.677419355,35,0.225806452,10,0.064516129,0,0,0,0,0.129032258,0,0,110,0.057591623,age_65plus
ottawa_beacon_hill_south_cardinal_heights_3004,3004,1445,1,1445,75.1,73.5,460,0.3183391,1435,41800,1200,37400,34.8,40360,37100,31.5,160,0.110726644,0,0,0,0,1445,1,50,0.034602076,0.034602076,50,0.024221453,35,0.010380623,15,0.01384083,20,0,0,0.349480969,505,0.020761246,30,0.051903114,0.254237288,75,0.235294118,340,0.148788927,215,0.139534884,30,0,NA,0,NA,0,NA,25,0.138888889,15,0.083333333,85,0.607142857,40,0.285714286,10,0.071428571,0,0,10,0.071428571,0.071428571,0,0,370,0.256055363,age_65plus
ottawa_beaverbrook_3005,3005,1495,1,1495,75.6,75,375,0.25083612,1495,46760,1370,42360,29.3,45320,43160,26.7,105,0.070234114,0,0,0,0,1495,1,0,0,0.030100334,45,0.016722408,25,0.010033445,15,0.006688963,10,0,0,0.337792642,505,0.016722408,25,0.023411371,0.194444444,35,0.123745819,185,0.110738255,165,0.090909091,15,0,NA,0,NA,0,NA,65,0.433333333,15,0.1,75,0.833333333,10,0.111111111,0,0,0,0,0,0,0,0,0,35,0.023411371,age_65plus
ottawa_beechwood_cemetery_3006,3006,NA,NA,NA,NA,NA,NA,NA,NA,NA,NA,NA,NA,NA,NA,NA,NA,NA,NA,NA,NA,NA,NA,NA,NA,NA,NA,NA,NA,NA,NA,NA,NA,NA,NA,NA,NA,NA,NA,NA,NA,NA,NA,NA,NA,NA,NA,NA,NA,NA,NA,NA,NA,NA,NA,NA,NA,NA,NA,NA,NA,NA,NA,NA,NA,NA,NA,NA,NA,NA,NA,NA,NA,NA,age_65plus
ottawa_bells_corners_east_3007,3007,1095,1,1095,75.5,74,280,0.255707763,1090,43700,985,36800,34,41500,35500,31.9,55,0.050458716,0,0,0,0,1090,1,0,0,0.018348624,20,0.013761468,15,0.009174312,10,0,0,0,0,0.23853211,260,0,0,0.02283105,0.333333333,25,0.064220183,70,0.123853211,135,0.074074074,10,0,NA,0,NA,0,NA,50,0.4,10,0.08,50,0.714285714,0,0,10,0.142857143,0,0,10,0.142857143,0,0,0,10,0.009174312,age_65plus
ottawa_bells_corners_west_3008,3008,695,1,695,73.5,71,250,0.35971223,690,40000,550,35600,37.2,36900,33600,35.6,110,0.15942029,0,0,0,0,690,1,0,0,0.028985507,20,0,0,0,0,0,0,0,0,0.333333333,230,0,0,0.035971223,0.172413793,25,0.188405797,130,0.18115942,125,0,0,0,NA,0,NA,0,NA,35,0.28,10,0.08,55,0.611111111,0,0,20,0.222222222,0,0,10,0.111111111,0,0,0,15,0.02173913,age_65plus
ottawa_billings_bridge_heron_park_3009,3009,1035,1,1035,75.7,74.5,505,0.487922705,1030,34600,700,32600,44.6,32900,32400,41.8,400,0.388349515,0,0,0,0,1030,1,40,0.038834951,0.097087379,100,0,0,0,0,0,0,0,0,0.504854369,520,0.019417476,20,0.09178744,0.351851852,95,0.296116505,305,0.106796117,110,0.181818182,20,0,NA,0,NA,0,NA,25,0.277777778,15,0.166666667,40,0.571428571,15,0.214285714,0,0,0,0,10,0.142857143,0,0,0,55,0.053398058,age_65plus
ottawa_blackburn_hamlet_3010,3010,1680,1,1680,75.8,74.5,335,0.199404762,1670,52200,1535,49040,27,48720,47800,25.1,55,0.032738095,0,0,0,0,1680,1,40,0.023809524,0.017857143,30,0.005952381,10,0.005952381,10,0,0,0,0,0.258928571,435,0.005952381,10,0.020833333,0.21875,35,0.095238095,160,0.151785714,255,0.058823529,15,0,NA,0,NA,0,NA,120,0.5,25,0.104166667,85,0.739130435,10,0.086956522,10,0.086956522,0,0,10,0.086956522,0,0,0,235,0.139880952,age_65plus
ottawa_blossom_park_timbermill_3011,3011,1190,1,1190,74.1,72,205,0.172268908,1165,43700,1045,35500,36.2,39700,34100,32.8,50,0.042016807,0,0,0,0,1190,1,15,0.012658228,0.050632911,60,0.016877637,20,0,0,0.012658228,15,0,0,0.443037975,525,0.008438819,10,0.042016807,0.212765957,50,0.257383966,305,0.17721519,210,0.214285714,45,0,NA,0,NA,0,NA,55,0.34375,10,0.0625,85,0.772727273,10,0.090909091,0,0,0,0,10,0.090909091,0,0,0,75,0.063291139,age_65plus
ottawa_borden_farm_fisher_glen_3012,3012,2420,1,2420,77,76,825,0.340909091,2410,45280,2175,40000,32.9,44120,40840,30.2,305,0.126033058,0,0,0,0,2420,1,0,0,0.039256198,95,0.012396694,30,0.004132231,10,0.008264463,20,0,0,0.402892562,975,0.004132231,10,0.010330579,0.111111111,25,0.159090909,385,0.096907216,235,0.127659574,30,0,NA,0,NA,0,NA,55,0.268292683,35,0.170731707,130,0.866666667,0,0,10,0.066666667,0,0,0,0,0.066666667,0,0,105,0.04338843,age_65plus
ottawa_braemar_park_belair_heights_copeland_park_3013,3013,1820,1,1820,76.2,74.5,575,0.315934066,1810,43600,1640,36000,35.3,42480,37080,31.4,145,0.079889807,0,0,0,0,1815,1,0,0,0.019283747,35,0.013774105,25,0,0,0.013774105,25,0,0,0.330578512,600,0,0,0.019230769,0.205882353,35,0.134986226,245,0.115702479,210,0.214285714,45,0,NA,0,NA,0,NA,75,0.483870968,0,0,70,0.875,0,0,10,0.125,0,0,0,0,0,0,0,80,0.044077135,age_65plus
ottawa_bridlewood_emerald_meadows_3014,3014,3165,1,3165,74,72,480,0.151658768,3135,46000,2755,42680,30.3,44440,42520,27.1,170,0.05371248,0,0,0,0,3165,1,10,0.003159558,0.055292259,175,0.012638231,40,0.009478673,30,0.003159558,10,0,0,0.393364929,1245,0.015797788,50,0.050552923,0.233576642,160,0.218009479,690,0.178515008,565,0.132743363,75,0,NA,0,NA,0,NA,185,0.37755102,40,0.081632653,245,0.816666667,20,0.066666667,20,0.066666667,0,0,15,0.05,0.033333333,0,0,75,0.023696682,age_65plus
ottawa_britannia_3015,3015,1935,1,1935,75.4,74,880,0.454780362,1925,44200,1685,39120,33.8,43600,39960,30.8,260,0.134366925,0,0,0,0,1935,1,10,0.005167959,0.031007752,60,0.015503876,30,0,0,0.012919897,25,0,0,0.333333333,645,0.023255814,45,0.03875969,0.3,75,0.11369509,220,0.128865979,250,0.16,40,0,NA,0,NA,0,NA,75,0.365853659,30,0.146341463,95,0.703703704,20,0.148148148,10,0.074074074,0,0,0,0,0.111111111,0,0,100,0.051679587,age_65plus
ottawa_brookside_briarbrook_morgans_grant_3016,3016,1405,1,1405,73.2,71.5,160,0.113879004,1375,40120,1115,39600,32.3,38080,41100,27.8,100,0.071428571,0,0,0,0,1400,1,0,0,0.128571429,180,0.007142857,10,0,0,0,0,0,0,0.542857143,760,0.060714286,85,0.060498221,0.154545455,85,0.392857143,550,0.178571429,250,0.16,40,0,NA,0,NA,0,NA,115,0.534883721,25,0.11627907,85,0.85,0,0,15,0.15,0,0,0,0,0,0,0,20,0.014285714,age_65plus
ottawa_cardinal_creek_3017,3017,1505,1,1505,74,73,290,0.19269103,1500,49600,1375,45640,28.8,49000,47440,25.2,50,0.033222591,0,0,0,0,1505,1,75,0.05,0.016666667,25,0.023333333,35,0.013333333,20,0.006666667,10,0,0,0.24,360,0.01,15,0.023255814,0.194444444,35,0.13,195,0.133333333,200,0.2,40,0,NA,0,NA,0,NA,90,0.5625,10,0.0625,50,0.666666667,25,0.333333333,0,0,0,0,0,0,0.133333333,0,0,490,0.326666667,age_65plus
ottawa_carleton_heights_courtland_park_3018,3018,1400,1,1400,75.6,74,390,0.278571429,1390,49760,1255,47600,28.1,45160,44000,26.9,100,0.071684588,0,0,0,0,1395,1,10,0.007142857,0.064285714,90,0.007142857,10,0,0,0,0,0,0,0.517857143,725,0,0,0.046428571,0.288888889,65,0.2,280,0.171428571,240,0.104166667,25,0,NA,0,NA,0,NA,55,0.261904762,10,0.047619048,140,0.903225806,0,0,10,0.064516129,0,0,0,0,0,0,0,45,0.032142857,age_65plus
ottawa_carleton_university_3019,3019,NA,NA,NA,NA,NA,NA,NA,NA,NA,NA,NA,NA,NA,NA,NA,NA,NA,NA,NA,NA,NA,NA,NA,NA,NA,NA,NA,NA,NA,NA,NA,NA,NA,NA,NA,NA,NA,NA,NA,NA,NA,NA,NA,NA,NA,NA,NA,NA,NA,NA,NA,NA,NA,NA,NA,NA,NA,NA,NA,NA,NA,NA,NA,NA,NA,NA,NA,NA,NA,NA,NA,NA,NA,age_65plus
ottawa_carlington_3020,3020,1810,1,1810,74,72.5,710,0.392265193,1800,39080,1380,34080,40.5,35480,32440,37,355,0.196132597,0,0,0,0,1810,1,25,0.013774105,0.101928375,185,0.013774105,25,0.005509642,10,0.008264463,15,0,0,0.490358127,890,0.013774105,25,0.077348066,0.294736842,140,0.289256198,525,0.184573003,335,0.149253731,50,0,NA,0,NA,0,NA,75,0.263157895,15,0.052631579,160,0.761904762,35,0.166666667,10,0.047619048,0,0,10,0.047619048,0,0,0,95,0.052341598,age_65plus
ottawa_carp_3021,3021,1150,1,1150,73.8,73,205,0.17826087,1135,52900,1040,51600,25.2,53100,53000,23,80,0.069565217,0,0,0,0,1150,1,0,0,0.026200873,30,0.008733624,10,0,0,0,0,0,0,0.218340611,250,0.013100437,15,0.017391304,0.19047619,20,0.052401747,60,0.19650655,225,0.066666667,15,0,NA,0,NA,0,NA,115,0.547619048,15,0.071428571,80,0.8,10,0.1,0,0,0,0,0,0,0.15,0,0,20,0.017467249,age_65plus
ottawa_carson_grove_carson_meadows_3022,3022,2110,1,2110,75.4,74,595,0.281990521,2100,43000,1750,38960,35,41880,39080,31.8,235,0.111111111,0,0,0,0,2115,1,60,0.028368794,0.033096927,70,0.028368794,60,0.021276596,45,0.007092199,15,0,0,0.293144208,620,0,0,0.045023697,0.292307692,95,0.182033097,385,0.096926714,205,0.12195122,25,0,NA,0,NA,0,NA,50,0.285714286,10,0.057142857,85,0.68,20,0.16,0,0,0,0,15,0.12,0,0,0,655,0.309692671,age_65plus
ottawa_centrepointe_briargreen_3023,3023,1715,1,1715,74.4,73,295,0.172011662,1710,55550,1590,57000,22.8,54700,57400,20.3,90,0.052631579,0,0,0,0,1710,1,0,0,0.046783626,80,0.00877193,15,0,0,0.005847953,10,0,0,0.409356725,700,0.014619883,25,0.020408163,0.1,35,0.210526316,360,0.198830409,340,0.088235294,30,0,NA,0,NA,0,NA,70,0.225806452,35,0.112903226,180,0.734693878,10,0.040816327,15,0.06122449,0,0,35,0.142857143,0.040816327,0,0,30,0.01754386,age_65plus
ottawa_centretown_3024,3024,4060,1,4060,74.5,73,2070,0.509852217,4030,51350,3320,55250,27,50440,56750,23.9,825,0.203452528,0,0,0,0,4055,1,35,0.00862069,0.057881773,235,0.011083744,45,0.006157635,25,0.003694581,15,0,0,0.392857143,1595,0.007389163,30,0.030788177,0.170068027,125,0.198275862,805,0.167487685,680,0.132352941,90,0,NA,0,NA,0,NA,225,0.381355932,30,0.050847458,155,0.424657534,25,0.068493151,150,0.410958904,0,0,35,0.095890411,0,0,0,460,0.113300493,age_65plus
ottawa_chapel_hill_north_3025,3025,2220,1,2220,72.8,71.5,275,0.123873874,2205,51900,2045,49920,26,49840,50680,23.1,65,0.029213483,0,0,0,0,2225,1,30,0.013513514,0.024774775,55,0.011261261,25,0.004504505,10,0.006756757,15,0,0,0.27027027,600,0,0,0.015765766,0.175,35,0.173423423,385,0.123873874,275,0.109090909,30,0,NA,0,NA,0,NA,100,0.408163265,10,0.040816327,95,0.655172414,25,0.172413793,15,0.103448276,0,0,10,0.068965517,0.068965517,0,0,560,0.252252252,age_65plus
ottawa_chapel_hill_south_3026,3026,1530,1,1530,73.2,71.5,205,0.133986928,1500,45560,1290,44320,29.7,44760,46720,25.3,135,0.088235294,0,0,0,0,1530,1,115,0.075163399,0.055555556,85,0.022875817,35,0.006535948,10,0.016339869,25,0,0,0.392156863,600,0.019607843,30,0.049019608,0.205479452,75,0.274509804,420,0.166666667,255,0.098039216,25,0,NA,0,NA,0,NA,90,0.382978723,20,0.085106383,115,0.821428571,0,0,0,0,0,0,20,0.142857143,0,0,0,440,0.287581699,age_65plus
ottawa_chapman_mills_3027,3027,1085,1,1085,74.2,72.5,105,0.096774194,1060,34100,740,32700,41,30900,33900,35.8,145,0.133640553,0,0,0,0,1085,1,20,0.01843318,0.262672811,285,0,0,0,0,0,0,0,0,0.723502304,785,0.059907834,65,0.110599078,0.198347107,120,0.640552995,695,0.162037037,175,0.2,35,0,NA,0,NA,0,NA,55,0.379310345,35,0.24137931,75,0.833333333,10,0.111111111,0,0,0,0,0,0,0,0,0,20,0.01843318,age_65plus
ottawa_city_view_3028,3028,980,1,980,76.5,75,170,0.173469388,970,41600,845,39100,33.8,41700,38400,31.6,85,0.086734694,0,0,0,0,980,1,0,0,0.040816327,40,0.035714286,35,0.025510204,25,0.010204082,10,0,0,0.341836735,335,0.010204082,10,0.025510204,0.384615385,25,0.117346939,115,0.096938776,95,0.105263158,10,0,NA,0,NA,0,NA,20,0.235294118,0,0,50,0.833333333,0,0,10,0.166666667,0,0,0,0,0,0,0,25,0.025510204,age_65plus
ottawa_civic_hospital_3029,3029,895,1,895,74.2,73,240,0.268156425,900,67000,845,73800,18,65200,73600,16.1,15,0.016759777,0,0,0,0,895,1,0,0,0,0,0.011111111,10,0,0,0.011111111,10,0,0,0.255555556,230,0,0,0.027932961,0.357142857,25,0.105555556,95,0.217877095,195,0.051282051,10,0,NA,0,NA,0,NA,90,0.486486486,0,0,40,0.444444444,0,0,30,0.333333333,0,0,10,0.111111111,0.111111111,0,0,60,0.066666667,age_65plus
ottawa_colonnade_business_park_3030,3030,NA,NA,NA,NA,NA,NA,NA,NA,NA,NA,NA,NA,NA,NA,NA,NA,NA,NA,NA,NA,NA,NA,NA,NA,NA,NA,NA,NA,NA,NA,NA,NA,NA,NA,NA,NA,NA,NA,NA,NA,NA,NA,NA,NA,NA,NA,NA,NA,NA,NA,NA,NA,NA,NA,NA,NA,NA,NA,NA,NA,NA,NA,NA,NA,NA,NA,NA,NA,NA,NA,NA,NA,NA,age_65plus
ottawa_constance_bay_3031,3031,395,1,395,73.2,71,125,0.316455696,390,44400,325,40400,34.4,43800,41000,29.8,35,0.088607595,0,0,0,0,395,1,0,0,0,0,0.025641026,10,0,0,0.025641026,10,0,0,0.153846154,60,0,0,0.025316456,0.666666667,10,0,0,0.189873418,75,0.2,15,0,NA,0,NA,0,NA,15,0.25,10,0.166666667,45,1,0,0,0,0,0,0,0,0,0,0,0,10,0.025641026,age_65plus
ottawa_convent_glen_orleans_woods_3032,3032,3485,1,3485,73.9,73,640,0.183644189,3485,47560,3215,42160,30.4,46320,43320,26.9,170,0.048710602,0,0,0,0,3490,1,55,0.015781923,0.011477762,40,0.015781923,55,0.005738881,20,0.010043042,35,0,0,0.2482066,865,0.004304161,15,0.008608321,0.105263158,30,0.12195122,425,0.116212339,405,0.111111111,45,0,NA,0,NA,0,NA,160,0.444444444,50,0.138888889,160,0.820512821,15,0.076923077,0,0,0,0,15,0.076923077,0.076923077,0,0,845,0.242467719,age_65plus
ottawa_corkery_3033,3033,525,1,525,73.4,71.5,60,0.114285714,520,46000,475,40600,31.4,46600,42800,27.6,30,0.057142857,0,0,0,0,525,1,0,0,0,0,0.028846154,15,0,0,0.019230769,10,0,0,0.192307692,100,0,0,0.028571429,0.75,15,0.019230769,10,0.173076923,90,0.111111111,10,0,NA,0,NA,0,NA,45,0.5625,15,0.1875,30,0.857142857,0,0,0,0,0,0,0,0,0,0,0,0,0,age_65plus
ottawa_craig_henry_manordale_3034,3034,1595,1,1595,74.9,74,335,0.210031348,1595,48360,1425,45400,30,47520,45720,27.3,85,0.053291536,0,0,0,0,1595,1,0,0,0.028125,45,0.00625,10,0,0,0.00625,10,0,0,0.375,600,0.00625,10,0.018808777,0.136363636,30,0.1625,260,0.131661442,210,0.166666667,35,0,NA,0,NA,0,NA,80,0.444444444,15,0.083333333,85,0.80952381,15,0.142857143,0,0,0,0,0,0,0,0,0,40,0.025,age_65plus
ottawa_crestview_tanglewood_3035,3035,1535,1,1535,75.3,74,290,0.188925081,1525,44280,1345,38800,33.9,42560,39160,30.5,65,0.04248366,0,0,0,0,1530,1,0,0,0.026143791,40,0,0,0,0,0,0,0,0,0.408496732,625,0.006535948,10,0.019543974,0.193548387,30,0.120915033,185,0.153594771,235,0.14893617,35,0,NA,0,NA,0,NA,65,0.325,35,0.175,100,0.740740741,15,0.111111111,20,0.148148148,0,0,0,0,0,0,0,55,0.035947712,age_65plus
ottawa_crystal_bay_lakeview_park_3036,3036,995,1,995,75,74,180,0.180904523,990,58400,910,58500,22.4,58000,59600,19.3,30,0.03030303,0,0,0,0,990,1,0,0,0.015075377,15,0.015075377,15,0.010050251,10,0,0,0,0,0.316582915,315,0.010050251,10,0.030150754,0.214285714,30,0.090452261,90,0.136363636,135,0.148148148,20,0,NA,0,NA,0,NA,50,0.434782609,25,0.217391304,55,0.846153846,0,0,0,0,0,0,0,0,0.153846154,0,0,40,0.040201005,age_65plus
ottawa_cumberland_3037,3037,940,1,940,73.6,72.5,110,0.117021277,935,50600,835,50500,26.7,50000,52200,23.1,30,0.032085561,0,0,0,0,935,1,25,0.026595745,0.015957447,15,0.026595745,25,0.015957447,15,0,0,0,0,0.159574468,150,0,0,0,0,0,0.026595745,25,0.176470588,165,0,0,0,NA,0,NA,0,NA,60,0.363636364,30,0.181818182,70,0.7,0,0,0,0,0,0,15,0.15,0,0,0,285,0.303191489,age_65plus
ottawa_dunrobin_3038,3038,1020,1,1020,73.3,71,110,0.107843137,1015,52200,975,51600,23.6,53600,55400,20.3,40,0.039215686,0,0,0,0,1020,1,0,0,0,0,0,0,0,0,0,0,0,0,0.231527094,235,0,0,0.009803922,0.095238095,10,0.039408867,40,0.210784314,215,0.139534884,30,0,NA,0,NA,0,NA,105,0.567567568,25,0.135135135,80,0.941176471,0,0,0,0,0,0,0,0,0,0,0,15,0.014705882,age_65plus
ottawa_edwards_carlsbad_springs_3039,3039,645,1,645,73.9,72,85,0.131782946,650,37700,565,29700,40,37500,30100,37.2,35,0.054263566,0,0,0,0,645,1,20,0.030769231,0.030769231,20,0.023076923,15,0.015384615,10,0,0,0,0,0.192307692,125,0,0,0.015503876,0.25,10,0.061538462,40,0.131782946,85,0,0,0,NA,0,NA,0,NA,25,0.294117647,20,0.235294118,50,0.833333333,0,0,0,0,0,0,0,0,0,0,0,75,0.115384615,age_65plus
ottawa_elmvale_canterbury_3040,3040,1635,1,1635,75.7,74,480,0.293577982,1625,43960,1445,36280,35.8,42200,37320,32.2,160,0.097859327,0,0,0,0,1635,1,15,0.009146341,0.030487805,50,0.015243902,25,0.009146341,15,0,0,0,0,0.283536585,465,0.006097561,10,0.021406728,0.2,35,0.134146341,220,0.146341463,240,0.145833333,35,0,NA,0,NA,0,NA,70,0.35,25,0.125,90,0.72,10,0.08,15,0.12,0,0,15,0.12,0,0,0,180,0.109756098,age_65plus
ottawa_emerald_woods_sawmill_creek_3041,3041,975,1,975,75,73,260,0.266666667,970,39200,750,33800,41,38500,36700,36,150,0.153846154,0,0,0,0,975,1,10,0.010204082,0.107142857,105,0,0,0,0,0,0,0,0,0.474489796,465,0.010204082,10,0.071794872,0.311111111,70,0.275510204,270,0.137755102,135,0.074074074,10,0,NA,0,NA,0,NA,35,0.28,40,0.32,80,0.888888889,0,0,0,0,0,0,0,0,0,0,0,65,0.066326531,age_65plus
ottawa_experimental_farm_3042,3042,NA,NA,NA,NA,NA,NA,NA,NA,NA,NA,NA,NA,NA,NA,NA,NA,NA,NA,NA,NA,NA,NA,NA,NA,NA,NA,NA,NA,NA,NA,NA,NA,NA,NA,NA,NA,NA,NA,NA,NA,NA,NA,NA,NA,NA,NA,NA,NA,NA,NA,NA,NA,NA,NA,NA,NA,NA,NA,NA,NA,NA,NA,NA,NA,NA,NA,NA,NA,NA,NA,NA,NA,NA,age_65plus
ottawa_fallingbrook_3043,3043,2825,1,2825,72.6,71.5,375,0.132743363,2825,50240,2540,48760,27.2,49760,51200,23.1,160,0.056737589,0,0,0,0,2820,1,65,0.02300885,0.026548673,75,0.019469027,55,0.017699115,50,0,0,0,0,0.300884956,850,0.005309735,15,0.028318584,0.210526316,80,0.198230088,560,0.175531915,495,0.090909091,45,0,NA,0,NA,0,NA,205,0.455555556,15,0.033333333,185,0.74,45,0.18,0,0,0,0,20,0.08,0.1,0,0,660,0.233628319,age_65plus
ottawa_findlay_creek_3044,3044,975,1,975,73.5,72.5,130,0.133333333,965,40000,745,38200,35.2,37500,38600,30.9,90,0.092307692,0,0,0,0,975,1,30,0.030927835,0.154639175,150,0.010309278,10,0.010309278,10,0,0,0,0,0.618556701,600,0.067010309,65,0.087179487,0.2125,85,0.453608247,440,0.159793814,155,0.096774194,15,0,NA,0,NA,0,NA,35,0.24137931,40,0.275862069,95,0.826086957,0,0,0,0,0,0,10,0.086956522,0,0,0,95,0.097938144,age_65plus
ottawa_fisher_heights_3045,3045,840,1,840,76.1,74.5,200,0.238095238,825,49900,765,43500,30.4,47500,43800,27.7,55,0.06547619,0,0,0,0,840,1,0,0,0.041666667,35,0.011904762,10,0.011904762,10,0,0,0,0,0.446428571,375,0.017857143,15,0.029761905,0.227272727,25,0.178571429,150,0.178571429,150,0.1,15,0,NA,0,NA,0,NA,75,0.535714286,0,0,30,0.461538462,0,0,15,0.230769231,0,0,10,0.153846154,0,0,0,10,0.011904762,age_65plus
ottawa_fitzroy_3046,3046,860,1,860,73.4,72.5,130,0.151162791,850,58700,755,72200,21,60600,82400,16.6,85,0.098265896,0,0,0,0,865,1,0,0,0.01744186,15,0.029069767,25,0.011627907,10,0.01744186,15,0,0,0.13372093,115,0,0,0,0,0,0.01744186,15,0.23699422,205,0.146341463,30,0,NA,0,NA,0,NA,75,0.428571429,10,0.057142857,90,0.9,0,0,10,0.1,0,0,0,0,0.1,0,0,0,0,age_65plus
ottawa_glebe_dows_lake_3047,3047,2630,1,2630,74.9,74,850,0.323193916,2620,68100,2490,84000,16.2,73000,87400,13.7,220,0.083809524,0,0,0,0,2625,1,0,0,0.020912548,55,0.007604563,20,0,0,0.005703422,15,0,0,0.328897338,865,0,0,0.007604563,0.08,20,0.098859316,260,0.19391635,510,0.078431373,40,0,NA,0,NA,0,NA,235,0.5,10,0.021276596,145,0.644444444,20,0.088888889,35,0.155555556,15,0.066666667,15,0.066666667,0,0,0,130,0.049429658,age_65plus
ottawa_glen_cairn_3048,3048,1805,1,1805,74.2,73,380,0.210526316,1790,42640,1630,35480,34.7,41480,36360,31.1,115,0.063711911,0,0,0,0,1805,1,0,0,0.022222222,40,0.030555556,55,0.022222222,40,0.008333333,15,0,0,0.275,495,0.019444444,35,0.027700831,0.196078431,50,0.119444444,215,0.130555556,235,0.170212766,40,0,NA,0,NA,0,NA,40,0.210526316,20,0.105263158,130,0.866666667,15,0.1,0,0,0,0,0,0,0,0,0,10,0.005555556,age_65plus
ottawa_greely_3049,3049,1610,1,1610,73.6,72,205,0.127329193,1595,48360,1465,44920,28.9,47920,47760,25,45,0.027950311,0,0,0,0,1610,1,10,0.00623053,0.034267913,55,0.012461059,20,0.012461059,20,0,0,0,0,0.271028037,435,0.00623053,10,0.01863354,0.1875,30,0.07788162,125,0.180685358,290,0.103448276,30,0,NA,0,NA,0,NA,90,0.339622642,20,0.075471698,155,0.911764706,0,0,0,0,0,0,0,0,0,0,0,70,0.043613707,age_65plus
ottawa_greenbelt_east_3050,3050,35,1,35,74,74.5,10,0.285714286,40,44000,35,36000,36,48000,38000,40,0,0,0,0,0,0,40,1,0,0,0,0,0,0,0,0,0,0,0,0,0,0,0,0,0,NA,0,0,0,0,0,NA,0,0,NA,0,NA,0,NA,0,NA,0,NA,0,NA,0,NA,0,NA,0,NA,0,NA,NA,0,0,0,0,age_65plus
ottawa_greenbelt_west_3051,3051,25,1,25,74,NA,15,0.6,NA,NA,NA,NA,NA,NA,NA,NA,NA,NA,NA,NA,NA,NA,NA,NA,0,0,0,0,0,0,0,0,0,0,0,0,0.4,10,0,0,0,0,0,0,0,0,0,NA,0,0,NA,0,NA,0,NA,0,NA,0,NA,0,NA,0,NA,0,NA,0,NA,0,NA,NA,0,0,0,0,age_65plus
ottawa_greenboro_east_3052,3052,745,1,745,73.1,72,125,0.167785235,730,38400,605,37400,34.6,39300,39200,29.7,85,0.114864865,0,0,0,0,740,1,10,0.013513514,0.108108108,80,0,0,0,0,0,0,0,0,0.567567568,420,0,0,0.080536913,0.25,60,0.391891892,290,0.202702703,150,0.133333333,20,0,NA,0,NA,0,NA,25,0.192307692,10,0.076923077,75,0.75,0,0,10,0.1,0,0,15,0.15,0,0,0,45,0.060810811,age_65plus
ottawa_greenboro_west_3053,3053,770,1,770,72.5,72,160,0.207792208,770,46500,620,45400,32.6,44300,46600,28,85,0.11038961,0,0,0,0,770,1,10,0.012987013,0.051948052,40,0,0,0,0,0,0,0,0,0.493506494,380,0,0,0.097402597,0.326086957,75,0.318181818,245,0.169934641,130,0.153846154,20,0,NA,0,NA,0,NA,55,0.5,0,0,40,0.8,0,0,0,0,0,0,10,0.2,0,0,0,70,0.090909091,age_65plus
ottawa_hawthorn_meadows_sheffield_glen_3054,3054,920,1,920,74.6,73,310,0.336956522,915,37700,690,33000,42,35900,33000,37.4,160,0.173913043,0,0,0,0,920,1,35,0.037837838,0.081081081,75,0.059459459,55,0.027027027,25,0.027027027,25,0,0,0.437837838,405,0.027027027,25,0.081521739,0.348837209,75,0.275675676,255,0.140540541,130,0.192307692,25,0,NA,0,NA,0,NA,35,0.35,0,0,35,0.5,25,0.357142857,0,0,0,0,0,0,0,0,0,120,0.12972973,age_65plus
ottawa_hintonburg_mechanicsville_3055,3055,1470,1,1470,74.3,73,755,0.513605442,1465,43000,1110,42900,35.3,43320,45400,30.6,390,0.26440678,0,0,0,0,1475,1,30,0.020408163,0.095238095,140,0.020408163,30,0.017006803,25,0,0,0,0,0.384353741,565,0.006802721,10,0.047619048,0.237288136,70,0.156462585,230,0.149659864,220,0.159090909,35,0,NA,0,NA,0,NA,100,0.526315789,10,0.052631579,45,0.5,30,0.333333333,10,0.111111111,0,0,10,0.111111111,0,0,0,100,0.068027211,age_65plus
ottawa_hunt_club_park_3056,3056,1245,1,1245,73.2,71,185,0.148594378,1220,39900,1010,40500,34.6,43200,44200,28.1,130,0.104417671,0,0,0,0,1245,1,40,0.032,0.084,105,0,0,0,0,0,0,0,0,0.688,860,0,0,0.088353414,0.222222222,110,0.512,640,0.21686747,270,0.277777778,75,0,NA,0,NA,0,NA,45,0.230769231,20,0.102564103,140,0.933333333,0,0,0,0,0,0,0,0,0.066666667,0,0,80,0.064,age_65plus
ottawa_industrial_east_3057,3057,NA,NA,NA,NA,NA,NA,NA,NA,NA,NA,NA,NA,NA,NA,NA,NA,NA,NA,NA,NA,NA,NA,NA,NA,NA,NA,NA,NA,NA,NA,NA,NA,NA,NA,NA,NA,NA,NA,NA,NA,NA,NA,NA,NA,NA,NA,NA,NA,NA,NA,NA,NA,NA,NA,NA,NA,NA,NA,NA,NA,NA,NA,NA,NA,NA,NA,NA,NA,NA,NA,NA,NA,NA,age_65plus
ottawa_iris_3058,3058,860,1,860,74.9,73,220,0.255813953,855,41000,765,33200,37,43100,38600,30.6,50,0.058479532,0,0,0,0,855,1,0,0,0.023391813,20,0.01754386,15,0.011695906,10,0.011695906,10,0,0,0.362573099,310,0,0,0.029069767,0.238095238,25,0.16374269,140,0.140350877,120,0.083333333,10,0,NA,0,NA,0,NA,30,0.272727273,0,0,60,0.8,0,0,0,0,0,0,0,0,0,0,0,35,0.040935673,age_65plus
ottawa_island_park_wellington_village_3059,3059,990,1,990,73.3,71.5,260,0.262626263,985,71800,940,80400,16.9,68000,79200,15.2,25,0.025252525,0,0,0,0,990,1,0,0,0.02020202,20,0.01010101,10,0.01010101,10,0,0,0,0,0.282828283,280,0,0,0,0,0,0.065656566,65,0.181818182,180,0.083333333,15,0,NA,0,NA,0,NA,80,0.5,15,0.09375,65,0.764705882,0,0,10,0.117647059,0,0,0,0,0,0,0,35,0.035353535,age_65plus
ottawa_kanata_lakes_3060,3060,3695,1,3695,76.2,75,835,0.225981055,3670,50480,3310,49880,25.4,49120,50360,23.1,215,0.058186739,0,0,0,0,3695,1,20,0.005420054,0.105691057,390,0.014905149,55,0.006775068,25,0.005420054,20,0,0,0.402439024,1485,0.029810298,110,0.01759134,0.076023392,65,0.242547425,895,0.139566396,515,0.13592233,70,0,NA,0,NA,0,NA,210,0.471910112,20,0.04494382,170,0.739130435,20,0.086956522,25,0.108695652,0,0,15,0.065217391,0.086956522,0,0,120,0.032520325,age_65plus
ottawa_katimavik_hazeldean_3061,3061,1990,1,1990,72.8,71.5,350,0.175879397,1980,45560,1735,42160,30.7,45080,42600,26.8,120,0.060301508,0,0,0,0,1990,1,0,0,0.042713568,85,0.012562814,25,0,0,0.007537688,15,0,0,0.374371859,745,0.007537688,15,0.055276382,0.314285714,110,0.211055276,420,0.145728643,290,0.068965517,20,0,NA,0,NA,0,NA,125,0.462962963,25,0.092592593,115,0.821428571,10,0.071428571,0,0,0,0,15,0.107142857,0,0,0,35,0.01758794,age_65plus
ottawa_kinburn_3062,3062,400,1,400,73.8,71.5,75,0.1875,400,44400,375,35400,35.2,42600,39600,29.4,45,0.1125,0,0,0,0,400,1,0,0,0,0,0.025,10,0,0,0.025,10,0,0,0.15,60,0,0,0,0,0,0,0,0.2875,115,0,0,0,NA,0,NA,0,NA,50,0.454545455,0,0,45,0.75,0,0,0,0,0,0,0,0,0,0,0,0,0,age_65plus
ottawa_laurentian_3063,3063,2270,1,2270,75.1,73.5,605,0.266519824,2245,55500,2075,55300,24.6,53800,55850,21.8,180,0.079295154,0,0,0,0,2270,1,0,0,0.028634361,65,0.011013216,25,0.00660793,15,0.004405286,10,0,0,0.27753304,630,0.004405286,10,0.024229075,0.275,55,0.066079295,150,0.12967033,295,0.06779661,20,0,NA,0,NA,0,NA,145,0.50877193,10,0.035087719,100,0.740740741,10,0.074074074,20,0.148148148,0,0,0,0,0,0,0,55,0.024229075,age_65plus
NA,NA,NA,NA,NA,NA,NA,NA,NA,NA,NA,NA,NA,NA,NA,NA,NA,NA,NA,NA,NA,NA,NA,NA,NA,NA,NA,NA,NA,NA,NA,NA,NA,NA,NA,NA,NA,NA,NA,NA,NA,NA,NA,NA,NA,NA,NA,NA,NA,NA,NA,NA,NA,NA,NA,NA,NA,NA,NA,NA,NA,NA,NA,NA,NA,NA,NA,NA,NA,NA,NA,NA,NA,NA,NA,age_65plus
ottawa_ledbury_heron_gate_ridgemont_3065,3065,1365,1,1365,74.2,72.5,510,0.373626374,1345,29520,705,25850,58,27760,26100,51.7,505,0.371323529,0,0,0,0,1360,1,50,0.036764706,0.169117647,230,0.014705882,20,0.007352941,10,0.011029412,15,0,0,0.672794118,915,0.011029412,15,0.216117216,0.487603306,295,0.5,680,0.139705882,190,0.157894737,30,0,NA,0,NA,0,NA,20,0.121212121,15,0.090909091,100,0.714285714,35,0.25,0,0,0,0,0,0,0.107142857,0,0,85,0.0625,age_65plus
ottawa_leslie_park_bruce_farm_3066,3066,605,1,605,76.6,75,200,0.330578512,610,46400,540,38800,34.4,39800,33400,35.6,60,0.098360656,0,0,0,0,610,1,10,0.016393443,0.040983607,25,0.024590164,15,0,0,0.016393443,10,0,0,0.327868852,200,0,0,0.05785124,0.35,35,0.147540984,90,0.098360656,60,0.25,15,0,NA,0,NA,0,NA,25,0.555555556,0,0,20,1,0,0,0,0,0,0,0,0,0,0,0,20,0.032786885,age_65plus
ottawa_lowertown_east_3067,3067,1190,1,1190,75.3,74,620,0.521008403,1185,42900,840,45900,36,41700,47400,31.1,390,0.327731092,0,0,0,0,1190,1,95,0.079831933,0.029411765,35,0.021008403,25,0.016806723,20,0,0,0,0,0.281512605,335,0.008403361,10,0.050420168,0.279069767,60,0.176470588,210,0.117647059,140,0.285714286,40,0,NA,0,NA,0,NA,30,0.285714286,0,0,30,0.428571429,15,0.214285714,25,0.357142857,0,0,0,0,0,0,0,435,0.365546218,age_65plus
ottawa_lowertown_west_3068,3068,915,1,915,74.5,74,365,0.398907104,910,60800,820,67000,20.8,62300,72600,16.9,110,0.120879121,0,0,0,0,910,1,15,0.016483516,0,0,0.021978022,20,0.021978022,20,0,0,0,0,0.252747253,230,0,0,0.027322404,0.238095238,25,0.082417582,75,0.214285714,195,0.102564103,20,0,NA,0,NA,0,NA,100,0.588235294,10,0.058823529,30,0.4,15,0.2,25,0.333333333,0,0,0,0,0,0,0,240,0.263736264,age_65plus
ottawa_manor_park_3069,3069,2075,1,2075,75.4,74,860,0.414457831,2050,45720,1625,47040,31.7,43400,47120,28.2,435,0.209638554,0,0,0,0,2075,1,125,0.060386473,0.031400966,65,0.028915663,60,0.014457831,30,0.014457831,30,0,0,0.272289157,565,0.01686747,35,0.043373494,0.3,90,0.130120482,270,0.123188406,255,0.078431373,20,0,NA,0,NA,0,NA,115,0.489361702,10,0.042553191,85,0.708333333,20,0.166666667,10,0.083333333,0,0,10,0.083333333,0.083333333,0,0,760,0.367149758,age_65plus
ottawa_manotick_3070,3070,2290,1,2290,74.1,73,395,0.172489083,2285,60250,2145,63000,21.5,58350,64000,18.9,95,0.041394336,0,0,0,0,2295,1,10,0.004357298,0.015250545,35,0.006535948,15,0.004357298,10,0,0,0,0,0.305010893,700,0,0,0.013100437,0.166666667,30,0.061002179,140,0.183006536,420,0.083333333,35,0,NA,0,NA,0,NA,210,0.545454545,15,0.038961039,155,0.911764706,0,0,0,0,0,0,10,0.058823529,0,0,0,60,0.026143791,age_65plus
ottawa_marlborough_3071,3071,410,1,410,74,73,60,0.146341463,405,44600,375,37400,34.4,45200,40400,28.6,35,0.085365854,0,0,0,0,410,1,0,0,0,0,0,0,0,0,0,0,0,0,0.197530864,80,0,0,0,0,0,0,0,0.185185185,75,0,0,0,NA,0,NA,0,NA,25,0.357142857,10,0.142857143,25,0.555555556,0,0,0,0,0,0,15,0.333333333,0,0,0,0,0,age_65plus
ottawa_merivale_gardens_grenfell_glen_pineglen_country_place_3072,3072,885,1,885,75.9,74.5,140,0.15819209,875,63000,810,67000,20.8,61300,68000,18.6,0,0,0,0,0,0,885,1,0,0,0.022727273,20,0,0,0,0,0,0,0,0,0.363636364,320,0,0,0,0,0,0.119318182,105,0.129943503,115,0.130434783,15,0,NA,0,NA,0,NA,50,0.454545455,10,0.090909091,55,1,0,0,0,0,0,0,0,0,0,0,0,25,0.028409091,age_65plus
ottawa_metcalfe_3073,3073,850,1,850,73.6,72.5,145,0.170588235,855,46100,770,45000,28.8,40400,43400,27.5,55,0.064705882,0,0,0,0,850,1,0,0,0.017647059,15,0.011764706,10,0,0,0.011764706,10,0,0,0.158823529,135,0,0,0,0,0,0.029411765,25,0.228070175,195,0.051282051,10,0,NA,0,NA,0,NA,45,0.243243243,10,0.054054054,135,0.964285714,0,0,0,0,0,0,0,0,0.071428571,0,0,35,0.041176471,age_65plus
ottawa_munster_ashton_3075,3075,765,1,765,73.7,72.5,105,0.137254902,755,51900,675,52100,26.7,45000,44800,28.1,30,0.039215686,0,0,0,0,765,1,0,0,0.013071895,10,0.026143791,20,0.026143791,20,0,0,0,0,0.222222222,170,0.013071895,10,0.019607843,0.25,15,0.039215686,30,0.156862745,120,0,0,0,NA,0,NA,0,NA,50,0.434782609,25,0.217391304,65,1,0,0,0,0,0,0,0,0,0.153846154,0,0,20,0.026143791,age_65plus
ottawa_richmond_3074,3074,1570,1,1570,74.2,73,270,0.171974522,1570,56850,1455,61500,23,46960,44760,26.6,90,0.057324841,0,0,0,0,1570,1,0,0,0,0,0.015923567,25,0.00955414,15,0.006369427,10,0,0,0.210191083,330,0,0,0.006369427,0.133333333,10,0.025477707,40,0.162420382,255,0.039215686,10,0,NA,0,NA,0,NA,85,0.346938776,20,0.081632653,140,0.848484848,10,0.060606061,15,0.090909091,0,0,0,0,0.060606061,0,0,30,0.01910828,age_65plus
ottawa_navan_sarsfield_3076,3076,540,1,540,72.6,71,95,0.175925926,540,44800,475,41200,31.2,44800,42000,27,60,0.111111111,0,0,0,0,540,1,15,0.027777778,0,0,0,0,0,0,0,0,0,0,0.12962963,70,0,0,0,0,0,0,0,0.166666667,90,0,0,0,NA,0,NA,0,NA,25,0.277777778,15,0.166666667,55,0.846153846,0,0,0,0,0,0,0,0,0,0,0,215,0.398148148,age_65plus
ottawa_new_edinburgh_3077,3077,1410,1,1410,75.1,74.5,420,0.29787234,1410,70800,1340,79300,16.4,69500,81500,14.4,60,0.042704626,0,0,0,0,1405,1,0,0,0.014184397,20,0.007092199,10,0,0,0,0,0,0,0.312056738,440,0.021276596,30,0,0,0,0.067375887,95,0.219858156,310,0.064516129,20,0,NA,0,NA,0,NA,135,0.473684211,0,0,90,0.620689655,10,0.068965517,20,0.137931034,0,0,30,0.206896552,0,0,0,160,0.113475177,age_65plus
ottawa_north_gower_kars_3078,3078,945,1,945,73.8,72.5,145,0.153439153,940,48600,850,44200,30.6,48100,46200,26,45,0.04787234,0,0,0,0,940,1,0,0,0,0,0.026455026,25,0.015873016,15,0,0,0,0,0.142857143,135,0,0,0,0,0,0.026455026,25,0.211640212,200,0.05,10,0,NA,0,NA,0,NA,60,0.315789474,20,0.105263158,110,0.846153846,0,0,10,0.076923077,0,0,0,0,0,0,0,0,0,age_65plus
ottawa_old_barrhaven_east_3079,3079,2450,1,2450,74.2,72.5,390,0.159183673,2420,43080,2040,40840,31.6,41680,42040,27.9,195,0.079591837,0,0,0,0,2450,1,20,0.008163265,0.114285714,280,0.010204082,25,0.006122449,15,0,0,0,0,0.536734694,1315,0.026530612,65,0.055102041,0.170886076,135,0.379591837,930,0.191836735,470,0.095744681,45,0,NA,0,NA,0,NA,125,0.294117647,55,0.129411765,240,0.8,25,0.083333333,10,0.033333333,0,0,25,0.083333333,0,0,0,100,0.040816327,age_65plus
ottawa_old_barrhaven_west_3080,3080,3135,1,3135,72.8,71,475,0.151515152,3100,48680,2785,46560,27.9,48280,48480,23.9,105,0.033492823,0,0,0,0,3135,1,25,0.007974482,0.041467305,130,0.01754386,55,0.011164274,35,0.004784689,15,0,0,0.33492823,1050,0.020733652,65,0.031897927,0.175438596,100,0.213716108,670,0.172248804,540,0.083333333,45,0,NA,0,NA,0,NA,180,0.367346939,35,0.071428571,265,0.85483871,25,0.080645161,0,0,0,0,20,0.064516129,0.096774194,0,0,75,0.023923445,age_65plus
ottawa_old_hunt_club_3081,3081,3260,1,3260,74.7,73.5,685,0.210122699,3255,54250,2830,56600,24.9,51550,57900,21.9,270,0.082822086,0,0,0,0,3260,1,50,0.015337423,0.032208589,105,0.012269939,40,0.010736196,35,0,0,0,0,0.42791411,1395,0.009202454,30,0.042944785,0.197183099,140,0.257668712,840,0.148773006,485,0.134020619,65,0,NA,0,NA,0,NA,170,0.4,50,0.117647059,195,0.764705882,40,0.156862745,10,0.039215686,0,0,10,0.039215686,0.078431373,0,0,205,0.062883436,age_65plus
ottawa_old_ottawa_east_3082,3082,1210,1,1210,73.3,72,345,0.285123967,1195,69000,1085,80200,18.3,65600,80000,16.1,85,0.070247934,0,0,0,0,1210,1,0,0,0.012396694,15,0,0,0,0,0,0,0,0,0.289256198,350,0,0,0.008264463,0.071428571,10,0.078512397,95,0.181818182,220,0.159090909,35,0,NA,0,NA,0,NA,85,0.472222222,0,0,65,0.684210526,10,0.105263158,0,0,0,0,15,0.157894737,0,0,0,175,0.144628099,age_65plus
ottawa_old_ottawa_south_3083,3083,995,1,995,73.4,72.5,225,0.226130653,985,72600,950,78600,17.3,68600,77600,15.8,55,0.055276382,0,0,0,0,995,1,0,0,0.015075377,15,0.01,10,0.01,10,0,0,0,0,0.295,295,0,0,0.015075377,0.230769231,15,0.085,85,0.175879397,175,0,0,0,NA,0,NA,0,NA,105,0.583333333,0,0,55,0.785714286,0,0,0,0,15,0.214285714,0,0,0,0,0,25,0.025125628,age_65plus
ottawa_orleans_industrial_3084,3084,NA,NA,NA,NA,NA,NA,NA,NA,NA,NA,NA,NA,NA,NA,NA,NA,NA,NA,NA,NA,NA,NA,NA,NA,NA,NA,NA,NA,NA,NA,NA,NA,NA,NA,NA,NA,NA,NA,NA,NA,NA,NA,NA,NA,NA,NA,NA,NA,NA,NA,NA,NA,NA,NA,NA,NA,NA,NA,NA,NA,NA,NA,NA,NA,NA,NA,NA,NA,NA,NA,NA,NA,NA,age_65plus
ottawa_orleans_village_chateauneuf_3085,3085,2295,1,2295,73.1,72,340,0.148148148,2285,48000,2135,42920,29.3,46000,44160,25.9,50,0.02173913,0,0,0,0,2300,1,55,0.023965142,0.006535948,15,0.017429194,40,0.010893246,25,0.006535948,15,0,0,0.222222222,510,0,0,0.008714597,0.129032258,20,0.154684096,355,0.124183007,285,0.122807018,35,0,NA,0,NA,0,NA,110,0.431372549,0,0,125,0.892857143,15,0.107142857,10,0.071428571,0,0,0,0,0.142857143,0,0,685,0.298474946,age_65plus
ottawa_osgoode_vernon_3086,3086,960,1,960,73.4,72,140,0.145833333,960,46100,875,43000,31.6,45500,44700,26.9,75,0.078125,0,0,0,0,960,1,0,0,0,0,0.010416667,10,0,0,0,0,0,0,0.182291667,175,0,0,0.010416667,0.25,10,0.046875,45,0.260416667,250,0.12,30,0,NA,0,NA,0,NA,100,0.465116279,25,0.11627907,95,0.826086957,0,0,10,0.086956522,0,0,10,0.086956522,0.130434783,0,0,20,0.020833333,age_65plus
ottawa_overbrook_3087,3087,3235,1,3235,74.7,73.5,1105,0.341576507,3210,39240,2460,34360,41.2,37800,36440,36.4,565,0.174652241,0,0,0,0,3235,1,155,0.047913447,0.055641422,180,0.021638331,70,0.01236476,40,0.007727975,25,0,0,0.350850077,1135,0.00927357,30,0.047913447,0.258333333,155,0.219474498,710,0.126738794,410,0.146341463,60,0,NA,0,NA,0,NA,55,0.157142857,45,0.128571429,225,0.789473684,40,0.140350877,20,0.070175439,0,0,0,0,0.087719298,0,0,1000,0.309119011,age_65plus
ottawa_parkwood_hills_3088,3088,500,1,500,73.8,73,205,0.41,495,35600,340,33200,43.2,33400,33200,38,95,0.19,0,0,0,0,500,1,0,0,0.060606061,30,0,0,0,0,0,0,0,0,0.454545455,225,0.060606061,30,0.09,0.310344828,45,0.313131313,155,0.14,70,0.214285714,15,0,NA,0,NA,0,NA,10,0.181818182,0,0,25,0.555555556,15,0.333333333,0,0,0,0,0,0,0,0,0,20,0.04040404,age_65plus
ottawa_pineview_3089,3089,935,1,935,73.6,72,190,0.203208556,930,40000,740,35400,38.2,39600,37500,32.6,105,0.112299465,0,0,0,0,935,1,45,0.048128342,0.016042781,15,0.021390374,20,0.021390374,20,0,0,0,0,0.427807487,400,0.010695187,10,0.042780749,0.216216216,40,0.326203209,305,0.13368984,125,0.12,15,0,NA,0,NA,0,NA,35,0.318181818,10,0.090909091,65,0.866666667,15,0.2,0,0,0,0,0,0,0.133333333,0,0,180,0.192513369,age_65plus
ottawa_playfair_park_guildwood_estates_3090,3090,1580,1,1580,76.6,75,470,0.297468354,1570,56750,1425,59650,23.5,55700,59750,20.9,150,0.094637224,0,0,0,0,1585,1,10,0.006329114,0.018987342,30,0.012658228,20,0.006329114,10,0.006329114,10,0,0,0.344936709,545,0,0,0.025316456,0.210526316,40,0.161392405,255,0.142405063,225,0.133333333,30,0,NA,0,NA,0,NA,80,0.41025641,15,0.076923077,75,0.652173913,10,0.086956522,10,0.086956522,0,0,10,0.086956522,0,0,0,230,0.14556962,age_65plus
ottawa_portobello_south_3091,3091,2680,1,2680,72.6,71,400,0.149253731,2635,42560,2190,39320,33.8,41040,40360,29.3,230,0.085820896,0,0,0,0,2680,1,125,0.046641791,0.082089552,220,0.014925373,40,0.007462687,20,0.007462687,20,0,0,0.434701493,1165,0.027985075,75,0.069029851,0.220238095,185,0.361940299,970,0.170093458,455,0.131868132,60,0,NA,0,NA,0,NA,125,0.320512821,65,0.166666667,220,0.814814815,30,0.111111111,10,0.037037037,0,0,10,0.037037037,0.074074074,0,0,745,0.277985075,age_65plus
ottawa_qualicum_redwood_3092,3092,680,1,680,75.6,75,145,0.213235294,680,56700,595,64000,21.8,56500,68000,19.1,55,0.081481481,0,0,0,0,675,1,15,0.022058824,0.022058824,15,0,0,0,0,0,0,0,0,0.375,255,0,0,0.044117647,0.3,30,0.147058824,100,0.17037037,115,0.086956522,10,0,NA,0,NA,0,NA,30,0.272727273,0,0,65,0.8125,10,0.125,0,0,0,0,0,0,0,0,0,25,0.036764706,age_65plus
ottawa_queensway_terrace_north_3093,3093,560,1,560,75.6,74,110,0.196428571,555,42400,510,36400,34,41600,36600,31,25,0.045045045,0,0,0,0,555,1,0,0,0.018018018,10,0.018018018,10,0,0,0,0,0,0,0.279279279,155,0,0,0.017857143,0.333333333,10,0.054054054,30,0.126126126,70,0,0,0,NA,0,NA,0,NA,40,0.666666667,0,0,20,0.8,0,0,0,0,0,0,0,0,0,0,0,10,0.018018018,age_65plus
ottawa_queenswood_chatelaine_3094,3094,1020,1,1020,73.6,72.5,210,0.205882353,1015,44200,930,37200,33.4,42900,38900,29.8,20,0.019607843,0,0,0,0,1020,1,35,0.034482759,0.034482759,35,0.014778325,15,0,0,0.009852217,10,0,0,0.201970443,205,0,0,0.014705882,0.176470588,15,0.088669951,90,0.123152709,125,0.12,15,0,NA,0,NA,0,NA,30,0.272727273,15,0.136363636,60,0.75,0,0,0,0,0,0,15,0.1875,0,0,0,310,0.305418719,age_65plus
ottawa_queenswood_heights_3095,3095,2395,1,2395,73.7,72.5,440,0.183716075,2395,45320,2170,39960,32,44240,40720,28.7,85,0.035490605,0,0,0,0,2395,1,75,0.03131524,0.006263048,15,0.014613779,35,0.008350731,20,0.006263048,15,0,0,0.200417537,480,0,0,0.008350731,0.142857143,20,0.098121086,235,0.114822547,275,0.072727273,20,0,NA,0,NA,0,NA,95,0.37254902,10,0.039215686,125,0.78125,20,0.125,15,0.09375,0,0,0,0,0.0625,0,0,685,0.286012526,age_65plus
ottawa_rideaucrest_davidson_heights_3097,3097,1410,1,1410,73.2,72,215,0.15248227,1400,42840,1150,40400,33.6,42040,44200,28.4,125,0.088652482,0,0,0,0,1410,1,0,0,0.120996441,170,0.010676157,15,0.010676157,15,0,0,0,0,0.551601423,775,0.007117438,10,0.04964539,0.137254902,70,0.402135231,565,0.230496454,325,0.123076923,40,0,NA,0,NA,0,NA,100,0.344827586,20,0.068965517,165,0.891891892,0,0,10,0.054054054,0,0,0,0,0.054054054,0,0,40,0.028469751,age_65plus
ottawa_riverside_park_mooneys_bay_3098,3098,995,1,995,75.5,74,280,0.281407035,995,49100,865,48000,27.9,47600,47500,26.1,135,0.136363636,0,0,0,0,990,1,0,0,0.015075377,15,0.015075377,15,0.010050251,10,0.015075377,15,0,0,0.40201005,400,0,0,0.085427136,0.447368421,85,0.085427136,85,0.16080402,160,0.1875,30,0,NA,0,NA,0,NA,70,0.56,0,0,45,0.9,0,0,0,0,0,0,0,0,0,0,0,60,0.060301508,age_65plus
ottawa_riverside_park_south_revelstoke_3099,3099,790,1,790,75.8,74.5,125,0.158227848,790,59500,730,60700,22.3,55200,56700,21.8,20,0.025316456,0,0,0,0,790,1,10,0.012658228,0.012658228,10,0.012658228,10,0.012658228,10,0.012658228,10,0,0,0.278481013,220,0,0,0.012658228,0.222222222,10,0.088607595,70,0.101265823,80,0,0,0,NA,0,NA,0,NA,35,0.4375,0,0,30,0.666666667,0,0,0,0,0,0,10,0.222222222,0,0,0,50,0.063291139,age_65plus
ottawa_riverside_south_leitrim_3100,3100,1800,1,1800,73.8,73,250,0.138888889,1765,45560,1535,44400,28.9,45080,45000,25.2,130,0.072222222,0,0,0,0,1800,1,10,0.005540166,0.105263158,190,0.016620499,30,0.008310249,15,0.008310249,15,0,0,0.484764543,875,0.060941828,110,0.019444444,0.065420561,35,0.313019391,565,0.163888889,295,0.220338983,65,0,NA,0,NA,0,NA,80,0.347826087,25,0.108695652,130,0.896551724,0,0,0,0,0,0,10,0.068965517,0,0,0,70,0.038781163,age_65plus
ottawa_riverview_3101,3101,2435,1,2435,76.4,75,870,0.357289528,2425,48920,2000,50640,29.2,47400,49400,26.6,390,0.159836066,0,0,0,0,2440,1,45,0.018480493,0.032854209,80,0.018480493,45,0.008213552,20,0.004106776,10,0,0,0.386036961,940,0.014373717,35,0.055441478,0.284210526,135,0.197125257,480,0.114989733,280,0.142857143,40,0,NA,0,NA,0,NA,80,0.333333333,20,0.083333333,85,0.53125,30,0.1875,35,0.21875,0,0,10,0.0625,0,0,0,465,0.190965092,age_65plus
ottawa_rockcliffe_park_3102,3102,385,1,385,75.2,73.5,50,0.12987013,380,144000,380,207000,5.1,161000,233000,3.8,0,0,0,0,0,0,380,1,0,0,0,0,0,0,0,0,0,0,0,0,0.421052632,160,0,0,0,0,0,0.092105263,35,0.355263158,135,0,0,0,NA,0,NA,0,NA,30,0.222222222,0,0,85,0.894736842,0,0,0,0,0,0,10,0.105263158,0,0,0,25,0.065789474,age_65plus
ottawa_rothwell_heights_beacon_hill_north_3103,3103,2455,1,2455,75.5,75,475,0.193482688,2435,61350,2220,66300,21.4,60650,68200,18.7,70,0.028513238,0,0,0,0,2455,1,35,0.014256619,0.012219959,30,0.012219959,30,0.00610998,15,0.00610998,15,0,0,0.293279022,720,0.00814664,20,0.020366599,0.181818182,50,0.109979633,270,0.122199593,300,0.05,15,0,NA,0,NA,0,NA,115,0.403508772,15,0.052631579,150,0.9375,10,0.0625,0,0,0,0,0,0,0.0625,0,0,400,0.16293279,age_65plus
ottawa_sandy_hill_3104,3104,1615,1,1615,74.7,73.5,645,0.399380805,1595,53650,1370,56850,25.4,53300,59800,21.8,290,0.179566563,0,0,0,0,1615,1,45,0.027863777,0.024767802,40,0.00619195,10,0,0,0,0,0,0,0.383900929,620,0.009287926,15,0.043343653,0.304347826,70,0.19504644,315,0.188854489,305,0.196721311,60,0,NA,0,NA,0,NA,110,0.448979592,35,0.142857143,60,0.444444444,25,0.185185185,40,0.296296296,0,0,10,0.074074074,0,0,0,440,0.27244582,age_65plus
ottawa_south_keys_3105,3105,650,1,650,75.7,74,185,0.284615385,650,45200,600,37000,34.4,44200,37800,30,35,0.053846154,0,0,0,0,650,1,0,0,0.015384615,10,0.015384615,10,0.015384615,10,0,0,0,0,0.338461538,220,0,0,0.015384615,0.125,10,0.1,65,0.123076923,80,0.25,20,0,NA,0,NA,0,NA,20,0.307692308,0,0,30,0.75,10,0.25,0,0,0,0,0,0,0,0,0,40,0.061538462,age_65plus
ottawa_stittsville_3106,3106,3720,1,3720,74.7,73.5,715,0.192204301,3695,50120,3405,46800,27.9,48840,47800,25.1,145,0.038926174,0,0,0,0,3725,1,0,0,0.016129032,60,0.008064516,30,0.004032258,15,0.002688172,10,0,0,0.267473118,995,0.005376344,20,0.01344086,0.166666667,50,0.071236559,265,0.138255034,515,0.087378641,45,0,NA,0,NA,0,NA,245,0.521276596,20,0.042553191,180,0.8,25,0.111111111,0,0,0,0,15,0.066666667,0.088888889,0,0,100,0.02688172,age_65plus
ottawa_stittsville_east_3107,3107,690,1,690,72.6,71,80,0.115942029,675,41100,555,42000,29.3,41000,43600,24,30,0.043478261,0,0,0,0,690,1,0,0,0.217391304,150,0,0,0,0,0,0,0,0,0.550724638,380,0.101449275,70,0.057971014,0.148148148,40,0.442028986,305,0.188405797,130,0.115384615,15,0,NA,0,NA,0,NA,50,0.434782609,15,0.130434783,40,0.727272727,0,0,10,0.181818182,0,0,0,0,0,0,0,0,0,age_65plus
ottawa_stittsville_north_3108,3108,1240,1,1240,74.9,74,285,0.22983871,1225,43200,1065,38700,32.8,41700,39000,29.7,100,0.080645161,0,0,0,0,1240,1,0,0,0.052631579,65,0.012145749,15,0.012145749,15,0,0,0,0,0.327935223,405,0.020242915,25,0.044354839,0.275,55,0.182186235,225,0.157894737,195,0.128205128,25,0,NA,0,NA,0,NA,50,0.285714286,15,0.085714286,100,0.833333333,0,0,0,0,0,0,20,0.166666667,0,0,0,50,0.04048583,age_65plus
ottawa_stonebridge_half_moon_bay_3109,3109,2370,1,2370,73.8,72.5,305,0.128691983,2345,44640,1925,44920,29.7,44360,47680,24.5,155,0.065400844,0,0,0,0,2370,1,15,0.006315789,0.153684211,365,0.010548523,25,0.004219409,10,0.004219409,10,0,0,0.510548523,1210,0.067510549,160,0.046413502,0.127906977,110,0.388185654,920,0.164210526,390,0.115384615,45,0,NA,0,NA,0,NA,145,0.414285714,30,0.085714286,180,0.857142857,25,0.119047619,0,0,0,0,0,0,0.142857143,0,0,85,0.035789474,age_65plus
ottawa_trend_arlington_3110,3110,1095,1,1095,75.4,74.5,165,0.150684932,1085,53000,1010,52500,24.8,52100,53300,22.7,35,0.032110092,0,0,0,0,1090,1,0,0,0.018348624,20,0.013761468,15,0.013761468,15,0,0,0,0,0.366972477,400,0,0,0.02739726,0.230769231,30,0.110091743,120,0.174311927,190,0.131578947,25,0,NA,0,NA,0,NA,95,0.575757576,10,0.060606061,65,1,0,0,0,0,0,0,0,0,0,0,0,35,0.032110092,age_65plus
ottawa_vanier_north_3111,3111,1675,1,1675,74,73,615,0.367164179,1665,44760,1375,42800,33.2,44920,46480,29,225,0.134328358,0,0,0,0,1675,1,85,0.050746269,0.026865672,45,0.026946108,45,0.01497006,25,0.011976048,20,0,0,0.245508982,410,0,0,0.008955224,0.083333333,15,0.104790419,175,0.140298507,235,0.063829787,15,0,NA,0,NA,0,NA,50,0.227272727,35,0.159090909,130,0.787878788,30,0.181818182,10,0.060606061,0,0,0,0,0,0,0,635,0.379104478,age_65plus
ottawa_vanier_south_3112,3112,1620,1,1620,74.8,73,775,0.478395062,1610,35600,1195,28850,46.4,34560,31250,40.8,390,0.240740741,0,0,0,0,1620,1,110,0.067901235,0.040123457,65,0.040123457,65,0.024691358,40,0.009259259,15,0.00617284,10,0.212962963,345,0.012345679,20,0.040123457,0.393939394,65,0.138888889,225,0.133126935,215,0.11627907,25,0,NA,0,NA,0,NA,45,0.236842105,10,0.052631579,85,0.607142857,30,0.214285714,15,0.107142857,0,0,0,0,0,0,0,725,0.447530864,age_65plus
ottawa_vars_3113,3113,460,1,460,73,72,70,0.152173913,455,37000,375,29200,42.8,29100,31800,37.6,50,0.108695652,0,0,0,0,460,1,10,0.021978022,0,0,0.065934066,30,0.032967033,15,0.032967033,15,0,0,0.10989011,50,0,0,0,0,0,0,0,0.153846154,70,0.214285714,15,0,NA,0,NA,0,NA,0,0,10,0.181818182,35,0.583333333,0,0,15,0.25,0,0,0,0,0,0,0,195,0.428571429,age_65plus
ottawa_waterridge_village_3114,3114,345,1,345,74,71.5,100,0.289855072,345,45000,260,50000,31.6,46800,57600,25.2,35,0.1,0,0,0,0,350,1,20,0.057142857,0.042857143,15,0.028571429,10,0,0,0.028571429,10,0,0,0.428571429,150,0,0,0.057971014,0.266666667,20,0.257142857,90,0.142857143,50,0,0,0,NA,0,NA,0,NA,10,0.25,0,0,35,1,0,0,0,0,0,0,0,0,0,0,0,115,0.328571429,age_65plus
ottawa_west_centretown_3115,3115,1320,1,1320,74.9,73.5,715,0.541666667,1315,33600,750,34700,48.2,32360,34400,45.3,615,0.464150943,0,0,0,0,1325,1,15,0.011320755,0.226415094,300,0.00754717,10,0,0,0,0,0,0,0.494339623,655,0.00754717,10,0.075757576,0.235294118,100,0.350943396,465,0.116981132,155,0.064516129,10,0,NA,0,NA,0,NA,70,0.518518519,10,0.074074074,25,0.384615385,0,0,35,0.538461538,0,0,0,0,0,0,0,100,0.075471698,age_65plus
ottawa_westboro_3116,3116,2525,1,2525,74.6,73,1010,0.4,2515,51700,2115,58200,26.1,50720,55700,23.8,510,0.201581028,0,0,0,0,2530,1,25,0.00990099,0.045544554,115,0.01980198,50,0.003960396,10,0.011881188,30,0,0,0.328712871,830,0.011881188,30,0.035643564,0.219512195,90,0.136633663,345,0.114624506,290,0.137931034,40,0,NA,0,NA,0,NA,105,0.428571429,0,0,90,0.666666667,25,0.185185185,15,0.111111111,0,0,10,0.074074074,0.111111111,0,0,140,0.055445545,age_65plus
ottawa_whitehaven_woodpark_glabar_park_3117,3117,3105,1,3105,76,74.5,1255,0.404186795,3095,49320,2740,46720,29.3,47800,47800,26.6,370,0.119162641,0,0,0,0,3105,1,0,0,0.030595813,95,0.014492754,45,0.009661836,30,0.004830918,15,0,0,0.304347826,945,0.004830918,15,0.022544283,0.184210526,70,0.098228663,305,0.123993559,385,0.116883117,45,0,NA,0,NA,0,NA,105,0.308823529,20,0.058823529,165,0.70212766,40,0.170212766,15,0.063829787,0,0,15,0.063829787,0.042553191,0,0,90,0.028985507,age_65plus
