VAR_ID,name,value
VAR2,3002,Q3
VAR2,3003,Q2
VAR2,3004,Q4
VAR2,3005,Q4
VAR2,3007,Q3
VAR2,3008,Q4
VAR2,3009,Q5
VAR2,3010,Q4
VAR2,3011,Q2
VAR2,3012,Q5
VAR2,3013,Q4
VAR2,3014,Q3
VAR2,3015,Q2
VAR2,3016,Q2
VAR2,3017,Q1
VAR2,3018,Q3
VAR2,3020,Q2
VAR2,3021,Q3
VAR2,3022,Q3
VAR2,3023,Q4
VAR2,3024,Q3
VAR2,3025,Q4
VAR2,3026,Q2
VAR2,3027,Q3
VAR2,3028,Q1
VAR2,3029,Q2
VAR2,3031,Q1
VAR2,3032,Q5
VAR2,3033,Q1
VAR2,3034,Q3
VAR2,3035,Q3
VAR2,3036,Q5
VAR2,3037,Q4
VAR2,3038,Q1
VAR2,3039,Q5
VAR2,3040,Q3
VAR2,3041,Q2
VAR2,3043,Q5
VAR2,3044,Q1
VAR2,3045,Q4
VAR2,3046,Q4
VAR2,3047,Q5
VAR2,3048,Q1
VAR2,3049,Q2
VAR2,3050,Q1
VAR2,3052,Q3
VAR2,3053,Q3
VAR2,3054,Q2
VAR2,3055,Q3
VAR2,3056,Q5
VAR2,3058,Q2
VAR2,3059,Q4
VAR2,3060,Q3
VAR2,3061,Q5
VAR2,3062,Q1
VAR2,3063,Q3
VAR2,3065,Q2
VAR2,3066,Q4
VAR2,3067,Q2
VAR2,3068,Q1
VAR2,3069,Q4
VAR2,3070,Q4
VAR2,3071,Q1
VAR2,3072,Q5
VAR2,3073,Q3
VAR2,3075,Q5
VAR2,3074,Q2
VAR2,3076,Q1
VAR2,3077,Q4
VAR2,3078,Q5
VAR2,3079,Q3
VAR2,3080,Q4
VAR2,3081,Q4
VAR2,3082,Q1
VAR2,3083,Q3
VAR2,3085,Q5
VAR2,3086,Q5
VAR2,3087,Q2
VAR2,3088,Q1
VAR2,3089,Q4
VAR2,3090,Q5
VAR2,3091,Q2
VAR2,3092,Q2
VAR2,3093,Q1
VAR2,3094,Q5
VAR2,3095,Q5
VAR2,3097,Q3
VAR2,3098,Q1
VAR2,3099,Q5
VAR2,3100,Q2
VAR2,3101,Q3
VAR2,3102,Q5
VAR2,3103,Q4
VAR2,3104,Q2
VAR2,3105,Q1
VAR2,3106,Q2
VAR2,3107,Q1
VAR2,3108,Q1
VAR2,3109,Q1
VAR2,3110,Q4
VAR2,3111,Q1
VAR2,3112,Q4
VAR2,3113,Q1
VAR2,3114,Q2
VAR2,3115,Q5
VAR2,3116,Q5
VAR2,3117,Q5
VAR9,3002,Q3
VAR9,3003,Q3
VAR9,3004,Q4
VAR9,3005,Q2
VAR9,3007,Q1
VAR9,3008,Q4
VAR9,3009,Q5
VAR9,3010,Q3
VAR9,3011,Q2
VAR9,3012,Q4
VAR9,3013,Q4
VAR9,3014,Q2
VAR9,3015,Q5
VAR9,3016,Q1
VAR9,3017,Q2
VAR9,3018,Q4
VAR9,3020,Q4
VAR9,3021,Q1
VAR9,3022,Q4
VAR9,3023,Q3
VAR9,3024,Q5
VAR9,3025,Q2
VAR9,3026,Q1
VAR9,3027,Q1
VAR9,3028,Q3
VAR9,3029,Q5
VAR9,3031,Q1
VAR9,3032,Q3
VAR9,3033,Q3
VAR9,3034,Q1
VAR9,3035,Q3
VAR9,3036,Q3
VAR9,3037,Q3
VAR9,3038,Q1
VAR9,3039,Q5
VAR9,3040,Q4
VAR9,3041,Q3
VAR9,3043,Q2
VAR9,3044,Q2
VAR9,3045,Q3
VAR9,3046,Q1
VAR9,3047,Q5
VAR9,3048,Q2
VAR9,3049,Q1
VAR9,3050,Q1
VAR9,3052,Q3
VAR9,3053,Q2
VAR9,3054,Q5
VAR9,3055,Q5
VAR9,3056,Q2
VAR9,3058,Q4
VAR9,3059,Q4
VAR9,3060,Q2
VAR9,3061,Q3
VAR9,3062,Q1
VAR9,3063,Q5
VAR9,3065,Q4
VAR9,3066,Q4
VAR9,3067,Q5
VAR9,3068,Q5
VAR9,3069,Q5
VAR9,3070,Q2
VAR9,3071,Q1
VAR9,3072,Q2
VAR9,3073,Q2
VAR9,3075,Q1
VAR9,3074,Q2
VAR9,3076,Q1
VAR9,3077,Q5
VAR9,3078,Q4
VAR9,3079,Q1
VAR9,3080,Q2
VAR9,3081,Q3
VAR9,3082,Q5
VAR9,3083,Q5
VAR9,3085,Q2
VAR9,3086,Q1
VAR9,3087,Q4
VAR9,3088,Q3
VAR9,3089,Q3
VAR9,3090,Q4
VAR9,3091,Q2
VAR9,3092,Q3
VAR9,3093,Q4
VAR9,3094,Q4
VAR9,3095,Q4
VAR9,3097,Q1
VAR9,3098,Q4
VAR9,3099,Q3
VAR9,3100,Q2
VAR9,3101,Q5
VAR9,3102,Q1
VAR9,3103,Q3
VAR9,3104,Q5
VAR9,3105,Q4
VAR9,3106,Q1
VAR9,3107,Q1
VAR9,3108,Q2
VAR9,3109,Q2
VAR9,3110,Q3
VAR9,3111,Q5
VAR9,3112,Q5
VAR9,3113,Q1
VAR9,3114,Q4
VAR9,3115,Q5
VAR9,3116,Q5
VAR9,3117,Q5
VAR14,3002,Q1
VAR14,3003,Q2
VAR14,3004,Q2
VAR14,3005,Q1
VAR14,3007,Q1
VAR14,3008,Q1
VAR14,3009,Q2
VAR14,3010,Q2
VAR14,3011,Q1
VAR14,3012,Q1
VAR14,3013,Q1
VAR14,3014,Q1
VAR14,3015,Q2
VAR14,3016,Q1
VAR14,3017,Q1
VAR14,3018,Q1
VAR14,3020,Q2
VAR14,3021,Q1
VAR14,3022,Q2
VAR14,3023,Q1
VAR14,3024,Q1
VAR14,3025,Q1
VAR14,3026,Q1
VAR14,3027,Q1
VAR14,3028,Q1
VAR14,3029,Q1
VAR14,3031,Q1
VAR14,3032,Q1
VAR14,3033,Q1
VAR14,3034,Q2
VAR14,3035,Q2
VAR14,3036,Q1
VAR14,3037,Q1
VAR14,3038,Q1
VAR14,3039,Q1
VAR14,3040,Q2
VAR14,3041,Q2
VAR14,3043,Q1
VAR14,3044,Q1
VAR14,3045,Q1
VAR14,3046,Q1
VAR14,3047,Q1
VAR14,3048,Q1
VAR14,3049,Q1
VAR14,3050,NA
VAR14,3052,Q1
VAR14,3053,Q2
VAR14,3054,Q2
VAR14,3055,Q1
VAR14,3056,Q2
VAR14,3058,Q1
VAR14,3059,Q1
VAR14,3060,Q1
VAR14,3061,Q1
VAR14,3062,Q1
VAR14,3063,Q1
VAR14,3065,Q2
VAR14,3066,Q1
VAR14,3067,Q2
VAR14,3068,Q1
VAR14,3069,Q2
VAR14,3070,Q1
VAR14,3071,Q1
VAR14,3072,Q1
VAR14,3073,Q1
VAR14,3075,Q1
VAR14,3074,Q1
VAR14,3076,Q1
VAR14,3077,Q1
VAR14,3078,Q1
VAR14,3079,Q1
VAR14,3080,Q1
VAR14,3081,Q2
VAR14,3082,Q1
VAR14,3083,Q1
VAR14,3085,Q1
VAR14,3086,Q2
VAR14,3087,Q2
VAR14,3088,Q2
VAR14,3089,Q2
VAR14,3090,Q1
VAR14,3091,Q1
VAR14,3092,Q1
VAR14,3093,Q1
VAR14,3094,Q1
VAR14,3095,Q1
VAR14,3097,Q1
VAR14,3098,Q2
VAR14,3099,Q1
VAR14,3100,Q1
VAR14,3101,Q1
VAR14,3102,Q1
VAR14,3103,Q1
VAR14,3104,Q1
VAR14,3105,Q2
VAR14,3106,Q1
VAR14,3107,Q1
VAR14,3108,Q1
VAR14,3109,Q1
VAR14,3110,Q1
VAR14,3111,Q1
VAR14,3112,Q2
VAR14,3113,Q1
VAR14,3114,Q1
VAR14,3115,Q2
VAR14,3116,Q1
VAR14,3117,Q1
VAR17,3002,Q1
VAR17,3003,Q1
VAR17,3004,Q1
VAR17,3005,Q1
VAR17,3007,Q1
VAR17,3008,Q1
VAR17,3009,Q1
VAR17,3010,Q1
VAR17,3011,Q1
VAR17,3012,Q1
VAR17,3013,Q1
VAR17,3014,Q1
VAR17,3015,Q1
VAR17,3016,Q1
VAR17,3017,Q1
VAR17,3018,Q1
VAR17,3020,Q1
VAR17,3021,Q1
VAR17,3022,Q1
VAR17,3023,Q1
VAR17,3024,Q1
VAR17,3025,Q1
VAR17,3026,Q1
VAR17,3027,Q1
VAR17,3028,Q1
VAR17,3029,Q1
VAR17,3031,Q1
VAR17,3032,Q1
VAR17,3033,Q1
VAR17,3034,Q1
VAR17,3035,Q1
VAR17,3036,Q1
VAR17,3037,Q1
VAR17,3038,Q1
VAR17,3039,Q1
VAR17,3040,Q1
VAR17,3041,Q2
VAR17,3043,Q1
VAR17,3044,Q1
VAR17,3045,Q1
VAR17,3046,Q1
VAR17,3047,Q1
VAR17,3048,Q1
VAR17,3049,Q1
VAR17,3050,NA
VAR17,3052,Q1
VAR17,3053,Q1
VAR17,3054,Q1
VAR17,3055,Q1
VAR17,3056,Q1
VAR17,3058,Q1
VAR17,3059,Q1
VAR17,3060,Q1
VAR17,3061,Q1
VAR17,3062,Q1
VAR17,3063,Q1
VAR17,3065,Q2
VAR17,3066,Q1
VAR17,3067,Q2
VAR17,3068,Q1
VAR17,3069,Q1
VAR17,3070,Q1
VAR17,3071,NA
VAR17,3072,Q1
VAR17,3073,Q1
VAR17,3075,Q1
VAR17,3074,Q1
VAR17,3076,Q1
VAR17,3077,Q1
VAR17,3078,Q1
VAR17,3079,Q1
VAR17,3080,Q1
VAR17,3081,Q1
VAR17,3082,Q1
VAR17,3083,Q1
VAR17,3085,Q1
VAR17,3086,Q1
VAR17,3087,Q1
VAR17,3088,Q2
VAR17,3089,Q1
VAR17,3090,Q1
VAR17,3091,Q1
VAR17,3092,Q1
VAR17,3093,Q1
VAR17,3094,Q1
VAR17,3095,Q1
VAR17,3097,Q1
VAR17,3098,Q1
VAR17,3099,Q1
VAR17,3100,Q1
VAR17,3101,Q1
VAR17,3102,Q1
VAR17,3103,Q1
VAR17,3104,Q1
VAR17,3105,Q1
VAR17,3106,Q1
VAR17,3107,Q1
VAR17,3108,Q1
VAR17,3109,Q1
VAR17,3110,Q1
VAR17,3111,Q1
VAR17,3112,Q1
VAR17,3113,Q1
VAR17,3114,Q1
VAR17,3115,Q1
VAR17,3116,Q1
VAR17,3117,Q1
VAR19,3002,Q1
VAR19,3003,Q1
VAR19,3004,Q1
VAR19,3005,Q1
VAR19,3007,Q1
VAR19,3008,Q1
VAR19,3009,Q1
VAR19,3010,Q1
VAR19,3011,Q1
VAR19,3012,Q1
VAR19,3013,Q1
VAR19,3014,Q1
VAR19,3015,Q1
VAR19,3016,Q1
VAR19,3017,Q1
VAR19,3018,Q1
VAR19,3020,Q1
VAR19,3021,Q1
VAR19,3022,Q1
VAR19,3023,Q1
VAR19,3024,Q1
VAR19,3025,Q1
VAR19,3026,Q1
VAR19,3027,Q1
VAR19,3028,Q1
VAR19,3029,Q1
VAR19,3031,Q1
VAR19,3032,Q1
VAR19,3033,Q1
VAR19,3034,Q1
VAR19,3035,Q1
VAR19,3036,Q1
VAR19,3037,Q1
VAR19,3038,Q1
VAR19,3039,Q1
VAR19,3040,Q1
VAR19,3041,Q1
VAR19,3043,Q1
VAR19,3044,Q1
VAR19,3045,Q1
VAR19,3046,Q1
VAR19,3047,Q1
VAR19,3048,Q1
VAR19,3049,Q1
VAR19,3050,NA
VAR19,3052,Q1
VAR19,3053,Q1
VAR19,3054,Q1
VAR19,3055,Q1
VAR19,3056,Q1
VAR19,3058,Q1
VAR19,3059,Q1
VAR19,3060,Q1
VAR19,3061,Q1
VAR19,3062,Q1
VAR19,3063,Q1
VAR19,3065,Q1
VAR19,3066,Q1
VAR19,3067,Q1
VAR19,3068,Q1
VAR19,3069,Q1
VAR19,3070,Q1
VAR19,3071,Q1
VAR19,3072,Q1
VAR19,3073,Q1
VAR19,3075,Q1
VAR19,3074,Q1
VAR19,3076,Q1
VAR19,3077,Q1
VAR19,3078,Q1
VAR19,3079,Q1
VAR19,3080,Q1
VAR19,3081,Q1
VAR19,3082,Q1
VAR19,3083,Q1
VAR19,3085,Q1
VAR19,3086,Q1
VAR19,3087,Q1
VAR19,3088,Q1
VAR19,3089,Q1
VAR19,3090,Q1
VAR19,3091,Q1
VAR19,3092,Q1
VAR19,3093,Q1
VAR19,3094,Q1
VAR19,3095,Q1
VAR19,3097,Q1
VAR19,3098,Q1
VAR19,3099,Q1
VAR19,3100,Q1
VAR19,3101,Q1
VAR19,3102,Q1
VAR19,3103,Q1
VAR19,3104,Q1
VAR19,3105,Q1
VAR19,3106,Q1
VAR19,3107,Q1
VAR19,3108,Q1
VAR19,3109,Q1
VAR19,3110,Q1
VAR19,3111,Q1
VAR19,3112,Q1
VAR19,3113,Q1
VAR19,3114,Q1
VAR19,3115,Q1
VAR19,3116,Q1
VAR19,3117,Q1
VAR21,3002,Q1
VAR21,3003,Q1
VAR21,3004,Q1
VAR21,3005,Q1
VAR21,3007,Q1
VAR21,3008,Q1
VAR21,3009,Q1
VAR21,3010,Q1
VAR21,3011,Q1
VAR21,3012,Q1
VAR21,3013,Q1
VAR21,3014,Q1
VAR21,3015,Q1
VAR21,3016,Q1
VAR21,3017,Q1
VAR21,3018,Q1
VAR21,3020,Q1
VAR21,3021,Q1
VAR21,3022,Q1
VAR21,3023,Q1
VAR21,3024,Q1
VAR21,3025,Q1
VAR21,3026,Q1
VAR21,3027,Q1
VAR21,3028,Q1
VAR21,3029,Q1
VAR21,3031,Q1
VAR21,3032,Q1
VAR21,3033,Q1
VAR21,3034,Q1
VAR21,3035,Q1
VAR21,3036,Q1
VAR21,3037,Q1
VAR21,3038,Q1
VAR21,3039,Q1
VAR21,3040,Q1
VAR21,3041,Q1
VAR21,3043,Q1
VAR21,3044,Q1
VAR21,3045,Q1
VAR21,3046,Q1
VAR21,3047,Q1
VAR21,3048,Q1
VAR21,3049,Q1
VAR21,3050,NA
VAR21,3052,Q1
VAR21,3053,Q1
VAR21,3054,Q1
VAR21,3055,Q1
VAR21,3056,Q1
VAR21,3058,Q1
VAR21,3059,Q1
VAR21,3060,Q1
VAR21,3061,Q1
VAR21,3062,Q1
VAR21,3063,Q1
VAR21,3065,Q1
VAR21,3066,Q1
VAR21,3067,Q1
VAR21,3068,Q1
VAR21,3069,Q1
VAR21,3070,Q1
VAR21,3071,Q1
VAR21,3072,Q1
VAR21,3073,Q1
VAR21,3075,Q1
VAR21,3074,Q1
VAR21,3076,Q1
VAR21,3077,Q1
VAR21,3078,Q1
VAR21,3079,Q1
VAR21,3080,Q1
VAR21,3081,Q1
VAR21,3082,Q1
VAR21,3083,Q1
VAR21,3085,Q1
VAR21,3086,Q1
VAR21,3087,Q1
VAR21,3088,Q1
VAR21,3089,Q1
VAR21,3090,Q1
VAR21,3091,Q1
VAR21,3092,Q1
VAR21,3093,Q1
VAR21,3094,Q1
VAR21,3095,Q1
VAR21,3097,Q1
VAR21,3098,Q1
VAR21,3099,Q1
VAR21,3100,Q1
VAR21,3101,Q1
VAR21,3102,Q1
VAR21,3103,Q1
VAR21,3104,Q1
VAR21,3105,Q1
VAR21,3106,Q1
VAR21,3107,Q1
VAR21,3108,Q1
VAR21,3109,Q1
VAR21,3110,Q1
VAR21,3111,Q1
VAR21,3112,Q1
VAR21,3113,Q1
VAR21,3114,Q1
VAR21,3115,Q1
VAR21,3116,Q1
VAR21,3117,Q1
VAR23,3002,Q1
VAR23,3003,Q1
VAR23,3004,Q1
VAR23,3005,Q1
VAR23,3007,Q1
VAR23,3008,Q1
VAR23,3009,Q1
VAR23,3010,Q1
VAR23,3011,Q1
VAR23,3012,Q1
VAR23,3013,Q1
VAR23,3014,Q1
VAR23,3015,Q1
VAR23,3016,Q1
VAR23,3017,Q1
VAR23,3018,Q1
VAR23,3020,Q1
VAR23,3021,Q1
VAR23,3022,Q1
VAR23,3023,Q1
VAR23,3024,Q1
VAR23,3025,Q1
VAR23,3026,Q1
VAR23,3027,Q1
VAR23,3028,Q1
VAR23,3029,Q1
VAR23,3031,Q1
VAR23,3032,Q1
VAR23,3033,Q1
VAR23,3034,Q1
VAR23,3035,Q1
VAR23,3036,Q1
VAR23,3037,Q1
VAR23,3038,Q1
VAR23,3039,Q1
VAR23,3040,Q1
VAR23,3041,Q1
VAR23,3043,Q1
VAR23,3044,Q1
VAR23,3045,Q1
VAR23,3046,Q1
VAR23,3047,Q1
VAR23,3048,Q1
VAR23,3049,Q1
VAR23,3050,NA
VAR23,3052,Q1
VAR23,3053,Q1
VAR23,3054,Q1
VAR23,3055,Q1
VAR23,3056,Q1
VAR23,3058,Q1
VAR23,3059,Q1
VAR23,3060,Q1
VAR23,3061,Q1
VAR23,3062,Q1
VAR23,3063,Q1
VAR23,3065,Q1
VAR23,3066,Q1
VAR23,3067,Q1
VAR23,3068,Q1
VAR23,3069,Q1
VAR23,3070,Q1
VAR23,3071,Q1
VAR23,3072,Q1
VAR23,3073,Q1
VAR23,3075,Q1
VAR23,3074,Q1
VAR23,3076,Q1
VAR23,3077,Q1
VAR23,3078,Q1
VAR23,3079,Q1
VAR23,3080,Q1
VAR23,3081,Q1
VAR23,3082,Q1
VAR23,3083,Q1
VAR23,3085,Q1
VAR23,3086,Q1
VAR23,3087,Q1
VAR23,3088,Q1
VAR23,3089,Q1
VAR23,3090,Q1
VAR23,3091,Q1
VAR23,3092,Q1
VAR23,3093,Q1
VAR23,3094,Q1
VAR23,3095,Q1
VAR23,3097,Q1
VAR23,3098,Q1
VAR23,3099,Q1
VAR23,3100,Q1
VAR23,3101,Q1
VAR23,3102,Q1
VAR23,3103,Q1
VAR23,3104,Q1
VAR23,3105,Q1
VAR23,3106,Q1
VAR23,3107,Q1
VAR23,3108,Q1
VAR23,3109,Q1
VAR23,3110,Q1
VAR23,3111,Q1
VAR23,3112,Q1
VAR23,3113,Q1
VAR23,3114,Q1
VAR23,3115,Q1
VAR23,3116,Q1
VAR23,3117,Q1
VAR25,3002,Q1
VAR25,3003,Q1
VAR25,3004,Q1
VAR25,3005,Q1
VAR25,3007,Q1
VAR25,3008,Q1
VAR25,3009,Q1
VAR25,3010,Q1
VAR25,3011,Q1
VAR25,3012,Q1
VAR25,3013,Q1
VAR25,3014,Q1
VAR25,3015,Q1
VAR25,3016,Q1
VAR25,3017,Q1
VAR25,3018,Q1
VAR25,3020,Q1
VAR25,3021,Q1
VAR25,3022,Q1
VAR25,3023,Q1
VAR25,3024,Q1
VAR25,3025,Q1
VAR25,3026,Q1
VAR25,3027,Q1
VAR25,3028,Q1
VAR25,3029,Q1
VAR25,3031,Q1
VAR25,3032,Q1
VAR25,3033,Q1
VAR25,3034,Q1
VAR25,3035,Q1
VAR25,3036,Q1
VAR25,3037,Q1
VAR25,3038,Q1
VAR25,3039,Q1
VAR25,3040,Q1
VAR25,3041,Q1
VAR25,3043,Q1
VAR25,3044,Q1
VAR25,3045,Q1
VAR25,3046,Q1
VAR25,3047,Q1
VAR25,3048,Q1
VAR25,3049,Q1
VAR25,3050,NA
VAR25,3052,Q1
VAR25,3053,Q1
VAR25,3054,Q1
VAR25,3055,Q1
VAR25,3056,Q1
VAR25,3058,Q1
VAR25,3059,Q1
VAR25,3060,Q1
VAR25,3061,Q1
VAR25,3062,Q1
VAR25,3063,Q1
VAR25,3065,Q1
VAR25,3066,Q1
VAR25,3067,Q1
VAR25,3068,Q1
VAR25,3069,Q1
VAR25,3070,Q1
VAR25,3071,Q1
VAR25,3072,Q1
VAR25,3073,Q1
VAR25,3075,Q1
VAR25,3074,Q1
VAR25,3076,Q1
VAR25,3077,Q1
VAR25,3078,Q1
VAR25,3079,Q1
VAR25,3080,Q1
VAR25,3081,Q1
VAR25,3082,Q1
VAR25,3083,Q1
VAR25,3085,Q1
VAR25,3086,Q1
VAR25,3087,Q1
VAR25,3088,Q1
VAR25,3089,Q1
VAR25,3090,Q1
VAR25,3091,Q1
VAR25,3092,Q1
VAR25,3093,Q1
VAR25,3094,Q1
VAR25,3095,Q1
VAR25,3097,Q1
VAR25,3098,Q1
VAR25,3099,Q1
VAR25,3100,Q1
VAR25,3101,Q1
VAR25,3102,Q1
VAR25,3103,Q1
VAR25,3104,Q1
VAR25,3105,Q1
VAR25,3106,Q1
VAR25,3107,Q1
VAR25,3108,Q1
VAR25,3109,Q1
VAR25,3110,Q1
VAR25,3111,Q1
VAR25,3112,Q1
VAR25,3113,Q1
VAR25,3114,Q1
VAR25,3115,Q1
VAR25,3116,Q1
VAR25,3117,Q1
VAR50,3002,Q1
VAR50,3003,Q1
VAR50,3004,Q1
VAR50,3005,Q1
VAR50,3007,Q1
VAR50,3008,Q1
VAR50,3009,Q1
VAR50,3010,Q1
VAR50,3011,Q1
VAR50,3012,Q1
VAR50,3013,Q1
VAR50,3014,Q1
VAR50,3015,Q1
VAR50,3016,Q1
VAR50,3017,Q1
VAR50,3018,Q1
VAR50,3020,Q1
VAR50,3021,Q1
VAR50,3022,Q1
VAR50,3023,Q1
VAR50,3024,Q1
VAR50,3025,Q1
VAR50,3026,Q1
VAR50,3027,Q1
VAR50,3028,Q1
VAR50,3029,Q1
VAR50,3031,Q1
VAR50,3032,Q1
VAR50,3033,Q1
VAR50,3034,Q1
VAR50,3035,Q1
VAR50,3036,Q1
VAR50,3037,Q1
VAR50,3038,Q1
VAR50,3039,Q1
VAR50,3040,Q1
VAR50,3041,Q1
VAR50,3043,Q1
VAR50,3044,Q1
VAR50,3045,Q1
VAR50,3046,Q1
VAR50,3047,Q1
VAR50,3048,Q1
VAR50,3049,Q1
VAR50,3050,Q1
VAR50,3052,Q1
VAR50,3053,Q1
VAR50,3054,Q1
VAR50,3055,Q1
VAR50,3056,Q1
VAR50,3058,Q1
VAR50,3059,Q1
VAR50,3060,Q1
VAR50,3061,Q1
VAR50,3062,Q1
VAR50,3063,Q1
VAR50,3065,Q1
VAR50,3066,Q1
VAR50,3067,Q1
VAR50,3068,Q1
VAR50,3069,Q1
VAR50,3070,Q1
VAR50,3071,Q1
VAR50,3072,Q1
VAR50,3073,Q1
VAR50,3075,Q1
VAR50,3074,Q1
VAR50,3076,Q1
VAR50,3077,Q1
VAR50,3078,Q1
VAR50,3079,Q1
VAR50,3080,Q1
VAR50,3081,Q1
VAR50,3082,Q1
VAR50,3083,Q1
VAR50,3085,Q1
VAR50,3086,Q1
VAR50,3087,Q1
VAR50,3088,Q1
VAR50,3089,Q1
VAR50,3090,Q1
VAR50,3091,Q1
VAR50,3092,Q1
VAR50,3093,Q1
VAR50,3094,Q1
VAR50,3095,Q1
VAR50,3097,Q1
VAR50,3098,Q1
VAR50,3099,Q1
VAR50,3100,Q1
VAR50,3101,Q1
VAR50,3102,Q1
VAR50,3103,Q1
VAR50,3104,Q1
VAR50,3105,Q1
VAR50,3106,Q1
VAR50,3107,Q1
VAR50,3108,Q1
VAR50,3109,Q1
VAR50,3110,Q1
VAR50,3111,Q1
VAR50,3112,Q1
VAR50,3113,Q1
VAR50,3114,Q1
VAR50,3115,Q1
VAR50,3116,Q1
VAR50,3117,Q1
VAR51,3002,Q1
VAR51,3003,Q1
VAR51,3004,Q1
VAR51,3005,Q1
VAR51,3007,Q1
VAR51,3008,Q1
VAR51,3009,Q1
VAR51,3010,Q1
VAR51,3011,Q1
VAR51,3012,Q1
VAR51,3013,Q1
VAR51,3014,Q1
VAR51,3015,Q1
VAR51,3016,Q1
VAR51,3017,Q1
VAR51,3018,Q1
VAR51,3020,Q1
VAR51,3021,Q1
VAR51,3022,Q1
VAR51,3023,Q1
VAR51,3024,Q1
VAR51,3025,Q1
VAR51,3026,Q1
VAR51,3027,Q1
VAR51,3028,Q1
VAR51,3029,Q1
VAR51,3031,Q1
VAR51,3032,Q1
VAR51,3033,Q1
VAR51,3034,Q1
VAR51,3035,Q1
VAR51,3036,Q1
VAR51,3037,Q1
VAR51,3038,Q1
VAR51,3039,Q1
VAR51,3040,Q1
VAR51,3041,Q1
VAR51,3043,Q1
VAR51,3044,Q1
VAR51,3045,Q1
VAR51,3046,Q1
VAR51,3047,Q1
VAR51,3048,Q1
VAR51,3049,Q1
VAR51,3050,Q1
VAR51,3052,Q1
VAR51,3053,Q1
VAR51,3054,Q1
VAR51,3055,Q1
VAR51,3056,Q1
VAR51,3058,Q1
VAR51,3059,Q1
VAR51,3060,Q1
VAR51,3061,Q1
VAR51,3062,Q1
VAR51,3063,Q1
VAR51,3065,Q1
VAR51,3066,Q1
VAR51,3067,Q1
VAR51,3068,Q1
VAR51,3069,Q1
VAR51,3070,Q1
VAR51,3071,Q1
VAR51,3072,Q1
VAR51,3073,Q1
VAR51,3075,Q1
VAR51,3074,Q1
VAR51,3076,Q1
VAR51,3077,Q1
VAR51,3078,Q1
VAR51,3079,Q1
VAR51,3080,Q1
VAR51,3081,Q1
VAR51,3082,Q1
VAR51,3083,Q1
VAR51,3085,Q1
VAR51,3086,Q1
VAR51,3087,Q1
VAR51,3088,Q1
VAR51,3089,Q1
VAR51,3090,Q1
VAR51,3091,Q1
VAR51,3092,Q1
VAR51,3093,Q1
VAR51,3094,Q1
VAR51,3095,Q1
VAR51,3097,Q1
VAR51,3098,Q1
VAR51,3099,Q1
VAR51,3100,Q1
VAR51,3101,Q1
VAR51,3102,Q1
VAR51,3103,Q1
VAR51,3104,Q1
VAR51,3105,Q1
VAR51,3106,Q1
VAR51,3107,Q1
VAR51,3108,Q1
VAR51,3109,Q1
VAR51,3110,Q1
VAR51,3111,Q1
VAR51,3112,Q1
VAR51,3113,Q1
VAR51,3114,Q1
VAR51,3115,Q1
VAR51,3116,Q1
VAR51,3117,Q1
VAR53,3002,Q1
VAR53,3003,Q1
VAR53,3004,Q1
VAR53,3005,Q1
VAR53,3007,Q1
VAR53,3008,Q1
VAR53,3009,Q1
VAR53,3010,Q1
VAR53,3011,Q1
VAR53,3012,Q1
VAR53,3013,Q1
VAR53,3014,Q1
VAR53,3015,Q1
VAR53,3016,Q1
VAR53,3017,Q1
VAR53,3018,Q1
VAR53,3020,Q1
VAR53,3021,Q1
VAR53,3022,Q1
VAR53,3023,Q1
VAR53,3024,Q1
VAR53,3025,Q1
VAR53,3026,Q1
VAR53,3027,Q1
VAR53,3028,Q1
VAR53,3029,Q1
VAR53,3031,Q1
VAR53,3032,Q1
VAR53,3033,Q1
VAR53,3034,Q1
VAR53,3035,Q1
VAR53,3036,Q1
VAR53,3037,Q1
VAR53,3038,Q1
VAR53,3039,Q1
VAR53,3040,Q1
VAR53,3041,Q1
VAR53,3043,Q1
VAR53,3044,Q1
VAR53,3045,Q1
VAR53,3046,Q1
VAR53,3047,Q1
VAR53,3048,Q1
VAR53,3049,Q1
VAR53,3050,Q1
VAR53,3052,Q1
VAR53,3053,Q1
VAR53,3054,Q1
VAR53,3055,Q1
VAR53,3056,Q1
VAR53,3058,Q1
VAR53,3059,Q1
VAR53,3060,Q1
VAR53,3061,Q1
VAR53,3062,Q1
VAR53,3063,Q1
VAR53,3065,Q1
VAR53,3066,Q1
VAR53,3067,Q1
VAR53,3068,Q1
VAR53,3069,Q1
VAR53,3070,Q1
VAR53,3071,Q1
VAR53,3072,Q1
VAR53,3073,Q1
VAR53,3075,Q1
VAR53,3074,Q1
VAR53,3076,Q1
VAR53,3077,Q1
VAR53,3078,Q1
VAR53,3079,Q1
VAR53,3080,Q1
VAR53,3081,Q1
VAR53,3082,Q1
VAR53,3083,Q1
VAR53,3085,Q1
VAR53,3086,Q1
VAR53,3087,Q1
VAR53,3088,Q1
VAR53,3089,Q1
VAR53,3090,Q1
VAR53,3091,Q1
VAR53,3092,Q1
VAR53,3093,Q1
VAR53,3094,Q1
VAR53,3095,Q1
VAR53,3097,Q1
VAR53,3098,Q1
VAR53,3099,Q1
VAR53,3100,Q1
VAR53,3101,Q1
VAR53,3102,Q1
VAR53,3103,Q1
VAR53,3104,Q1
VAR53,3105,Q1
VAR53,3106,Q1
VAR53,3107,Q1
VAR53,3108,Q1
VAR53,3109,Q1
VAR53,3110,Q1
VAR53,3111,Q1
VAR53,3112,Q1
VAR53,3113,Q1
VAR53,3114,Q1
VAR53,3115,Q1
VAR53,3116,Q1
VAR53,3117,Q1
VAR55,3002,Q1
VAR55,3003,Q1
VAR55,3004,Q1
VAR55,3005,Q1
VAR55,3007,Q1
VAR55,3008,Q1
VAR55,3009,Q1
VAR55,3010,Q1
VAR55,3011,Q1
VAR55,3012,Q1
VAR55,3013,Q1
VAR55,3014,Q1
VAR55,3015,Q1
VAR55,3016,Q1
VAR55,3017,Q1
VAR55,3018,Q1
VAR55,3020,Q1
VAR55,3021,Q1
VAR55,3022,Q1
VAR55,3023,Q1
VAR55,3024,Q1
VAR55,3025,Q1
VAR55,3026,Q1
VAR55,3027,Q1
VAR55,3028,Q1
VAR55,3029,Q1
VAR55,3031,Q1
VAR55,3032,Q1
VAR55,3033,Q1
VAR55,3034,Q1
VAR55,3035,Q1
VAR55,3036,Q1
VAR55,3037,Q1
VAR55,3038,Q1
VAR55,3039,Q1
VAR55,3040,Q1
VAR55,3041,Q1
VAR55,3043,Q1
VAR55,3044,Q1
VAR55,3045,Q1
VAR55,3046,Q1
VAR55,3047,Q1
VAR55,3048,Q1
VAR55,3049,Q1
VAR55,3050,Q1
VAR55,3052,Q1
VAR55,3053,Q1
VAR55,3054,Q1
VAR55,3055,Q1
VAR55,3056,Q1
VAR55,3058,Q1
VAR55,3059,Q1
VAR55,3060,Q1
VAR55,3061,Q1
VAR55,3062,Q1
VAR55,3063,Q1
VAR55,3065,Q1
VAR55,3066,Q1
VAR55,3067,Q1
VAR55,3068,Q1
VAR55,3069,Q1
VAR55,3070,Q1
VAR55,3071,Q1
VAR55,3072,Q1
VAR55,3073,Q1
VAR55,3075,Q1
VAR55,3074,Q1
VAR55,3076,Q1
VAR55,3077,Q1
VAR55,3078,Q1
VAR55,3079,Q1
VAR55,3080,Q1
VAR55,3081,Q1
VAR55,3082,Q1
VAR55,3083,Q1
VAR55,3085,Q1
VAR55,3086,Q1
VAR55,3087,Q1
VAR55,3088,Q1
VAR55,3089,Q1
VAR55,3090,Q1
VAR55,3091,Q1
VAR55,3092,Q1
VAR55,3093,Q1
VAR55,3094,Q1
VAR55,3095,Q1
VAR55,3097,Q1
VAR55,3098,Q1
VAR55,3099,Q1
VAR55,3100,Q1
VAR55,3101,Q1
VAR55,3102,Q1
VAR55,3103,Q1
VAR55,3104,Q1
VAR55,3105,Q1
VAR55,3106,Q1
VAR55,3107,Q1
VAR55,3108,Q1
VAR55,3109,Q1
VAR55,3110,Q1
VAR55,3111,Q1
VAR55,3112,Q1
VAR55,3113,Q1
VAR55,3114,Q1
VAR55,3115,Q1
VAR55,3116,Q1
VAR55,3117,Q1
VAR57,3002,Q1
VAR57,3003,Q1
VAR57,3004,Q1
VAR57,3005,Q1
VAR57,3007,Q1
VAR57,3008,Q1
VAR57,3009,Q1
VAR57,3010,Q1
VAR57,3011,Q1
VAR57,3012,Q1
VAR57,3013,Q1
VAR57,3014,Q1
VAR57,3015,Q1
VAR57,3016,Q1
VAR57,3017,Q1
VAR57,3018,Q1
VAR57,3020,Q1
VAR57,3021,Q1
VAR57,3022,Q1
VAR57,3023,Q1
VAR57,3024,Q1
VAR57,3025,Q1
VAR57,3026,Q1
VAR57,3027,Q1
VAR57,3028,Q1
VAR57,3029,Q1
VAR57,3031,Q1
VAR57,3032,Q1
VAR57,3033,Q1
VAR57,3034,Q1
VAR57,3035,Q1
VAR57,3036,Q1
VAR57,3037,Q1
VAR57,3038,Q1
VAR57,3039,Q1
VAR57,3040,Q1
VAR57,3041,Q1
VAR57,3043,Q1
VAR57,3044,Q1
VAR57,3045,Q1
VAR57,3046,Q1
VAR57,3047,Q1
VAR57,3048,Q1
VAR57,3049,Q1
VAR57,3050,Q1
VAR57,3052,Q1
VAR57,3053,Q1
VAR57,3054,Q1
VAR57,3055,Q1
VAR57,3056,Q1
VAR57,3058,Q1
VAR57,3059,Q1
VAR57,3060,Q1
VAR57,3061,Q1
VAR57,3062,Q1
VAR57,3063,Q1
VAR57,3065,Q1
VAR57,3066,Q1
VAR57,3067,Q1
VAR57,3068,Q1
VAR57,3069,Q1
VAR57,3070,Q1
VAR57,3071,Q1
VAR57,3072,Q1
VAR57,3073,Q1
VAR57,3075,Q1
VAR57,3074,Q1
VAR57,3076,Q1
VAR57,3077,Q1
VAR57,3078,Q1
VAR57,3079,Q1
VAR57,3080,Q1
VAR57,3081,Q1
VAR57,3082,Q1
VAR57,3083,Q1
VAR57,3085,Q1
VAR57,3086,Q1
VAR57,3087,Q1
VAR57,3088,Q1
VAR57,3089,Q1
VAR57,3090,Q1
VAR57,3091,Q1
VAR57,3092,Q1
VAR57,3093,Q1
VAR57,3094,Q1
VAR57,3095,Q1
VAR57,3097,Q1
VAR57,3098,Q1
VAR57,3099,Q1
VAR57,3100,Q1
VAR57,3101,Q1
VAR57,3102,Q1
VAR57,3103,Q1
VAR57,3104,Q1
VAR57,3105,Q1
VAR57,3106,Q1
VAR57,3107,Q1
VAR57,3108,Q1
VAR57,3109,Q1
VAR57,3110,Q1
VAR57,3111,Q1
VAR57,3112,Q1
VAR57,3113,Q1
VAR57,3114,Q1
VAR57,3115,Q1
VAR57,3116,Q1
VAR57,3117,Q1
VAR59,3002,Q1
VAR59,3003,Q1
VAR59,3004,Q1
VAR59,3005,Q1
VAR59,3007,Q1
VAR59,3008,Q1
VAR59,3009,Q1
VAR59,3010,Q1
VAR59,3011,Q1
VAR59,3012,Q1
VAR59,3013,Q1
VAR59,3014,Q1
VAR59,3015,Q1
VAR59,3016,Q1
VAR59,3017,Q1
VAR59,3018,Q1
VAR59,3020,Q1
VAR59,3021,Q1
VAR59,3022,Q1
VAR59,3023,Q1
VAR59,3024,Q1
VAR59,3025,Q1
VAR59,3026,Q1
VAR59,3027,Q1
VAR59,3028,Q1
VAR59,3029,Q1
VAR59,3031,Q1
VAR59,3032,Q1
VAR59,3033,Q1
VAR59,3034,Q1
VAR59,3035,Q1
VAR59,3036,Q1
VAR59,3037,Q1
VAR59,3038,Q1
VAR59,3039,Q1
VAR59,3040,Q1
VAR59,3041,Q1
VAR59,3043,Q1
VAR59,3044,Q1
VAR59,3045,Q1
VAR59,3046,Q1
VAR59,3047,Q1
VAR59,3048,Q1
VAR59,3049,Q1
VAR59,3050,Q1
VAR59,3052,Q1
VAR59,3053,Q1
VAR59,3054,Q1
VAR59,3055,Q1
VAR59,3056,Q1
VAR59,3058,Q1
VAR59,3059,Q1
VAR59,3060,Q1
VAR59,3061,Q1
VAR59,3062,Q1
VAR59,3063,Q1
VAR59,3065,Q1
VAR59,3066,Q1
VAR59,3067,Q1
VAR59,3068,Q1
VAR59,3069,Q1
VAR59,3070,Q1
VAR59,3071,Q1
VAR59,3072,Q1
VAR59,3073,Q1
VAR59,3075,Q1
VAR59,3074,Q1
VAR59,3076,Q1
VAR59,3077,Q1
VAR59,3078,Q1
VAR59,3079,Q1
VAR59,3080,Q1
VAR59,3081,Q1
VAR59,3082,Q1
VAR59,3083,Q1
VAR59,3085,Q1
VAR59,3086,Q1
VAR59,3087,Q1
VAR59,3088,Q1
VAR59,3089,Q1
VAR59,3090,Q1
VAR59,3091,Q1
VAR59,3092,Q1
VAR59,3093,Q1
VAR59,3094,Q1
VAR59,3095,Q1
VAR59,3097,Q1
VAR59,3098,Q1
VAR59,3099,Q1
VAR59,3100,Q1
VAR59,3101,Q1
VAR59,3102,Q1
VAR59,3103,Q1
VAR59,3104,Q1
VAR59,3105,Q1
VAR59,3106,Q1
VAR59,3107,Q1
VAR59,3108,Q1
VAR59,3109,Q1
VAR59,3110,Q1
VAR59,3111,Q1
VAR59,3112,Q1
VAR59,3113,Q1
VAR59,3114,Q1
VAR59,3115,Q1
VAR59,3116,Q1
VAR59,3117,Q1
VAR61,3002,Q1
VAR61,3003,Q1
VAR61,3004,Q1
VAR61,3005,Q1
VAR61,3007,Q1
VAR61,3008,Q1
VAR61,3009,Q1
VAR61,3010,Q1
VAR61,3011,Q1
VAR61,3012,Q1
VAR61,3013,Q1
VAR61,3014,Q1
VAR61,3015,Q1
VAR61,3016,Q1
VAR61,3017,Q1
VAR61,3018,Q1
VAR61,3020,Q1
VAR61,3021,Q1
VAR61,3022,Q1
VAR61,3023,Q1
VAR61,3024,Q1
VAR61,3025,Q1
VAR61,3026,Q1
VAR61,3027,Q1
VAR61,3028,Q1
VAR61,3029,Q1
VAR61,3031,Q1
VAR61,3032,Q1
VAR61,3033,Q1
VAR61,3034,Q1
VAR61,3035,Q1
VAR61,3036,Q1
VAR61,3037,Q1
VAR61,3038,Q1
VAR61,3039,Q1
VAR61,3040,Q1
VAR61,3041,Q1
VAR61,3043,Q1
VAR61,3044,Q1
VAR61,3045,Q1
VAR61,3046,Q1
VAR61,3047,Q1
VAR61,3048,Q1
VAR61,3049,Q1
VAR61,3050,Q1
VAR61,3052,Q1
VAR61,3053,Q1
VAR61,3054,Q1
VAR61,3055,Q1
VAR61,3056,Q1
VAR61,3058,Q1
VAR61,3059,Q1
VAR61,3060,Q1
VAR61,3061,Q1
VAR61,3062,Q1
VAR61,3063,Q1
VAR61,3065,Q1
VAR61,3066,Q1
VAR61,3067,Q1
VAR61,3068,Q1
VAR61,3069,Q1
VAR61,3070,Q1
VAR61,3071,Q1
VAR61,3072,Q1
VAR61,3073,Q1
VAR61,3075,Q1
VAR61,3074,Q1
VAR61,3076,Q1
VAR61,3077,Q1
VAR61,3078,Q1
VAR61,3079,Q1
VAR61,3080,Q1
VAR61,3081,Q1
VAR61,3082,Q1
VAR61,3083,Q1
VAR61,3085,Q1
VAR61,3086,Q1
VAR61,3087,Q1
VAR61,3088,Q1
VAR61,3089,Q1
VAR61,3090,Q1
VAR61,3091,Q1
VAR61,3092,Q1
VAR61,3093,Q1
VAR61,3094,Q1
VAR61,3095,Q1
VAR61,3097,Q1
VAR61,3098,Q1
VAR61,3099,Q1
VAR61,3100,Q1
VAR61,3101,Q1
VAR61,3102,Q1
VAR61,3103,Q1
VAR61,3104,Q1
VAR61,3105,Q1
VAR61,3106,Q1
VAR61,3107,Q1
VAR61,3108,Q1
VAR61,3109,Q1
VAR61,3110,Q1
VAR61,3111,Q1
VAR61,3112,Q1
VAR61,3113,Q1
VAR61,3114,Q1
VAR61,3115,Q1
VAR61,3116,Q1
VAR61,3117,Q1
VAR63,3002,Q1
VAR63,3003,Q1
VAR63,3004,Q1
VAR63,3005,Q1
VAR63,3007,Q1
VAR63,3008,Q1
VAR63,3009,Q1
VAR63,3010,Q1
VAR63,3011,Q1
VAR63,3012,Q1
VAR63,3013,Q1
VAR63,3014,Q1
VAR63,3015,Q1
VAR63,3016,Q1
VAR63,3017,Q1
VAR63,3018,Q1
VAR63,3020,Q1
VAR63,3021,Q1
VAR63,3022,Q1
VAR63,3023,Q1
VAR63,3024,Q1
VAR63,3025,Q1
VAR63,3026,Q1
VAR63,3027,Q1
VAR63,3028,Q1
VAR63,3029,Q1
VAR63,3031,Q1
VAR63,3032,Q1
VAR63,3033,Q1
VAR63,3034,Q1
VAR63,3035,Q1
VAR63,3036,Q1
VAR63,3037,Q1
VAR63,3038,Q1
VAR63,3039,Q1
VAR63,3040,Q1
VAR63,3041,Q1
VAR63,3043,Q1
VAR63,3044,Q1
VAR63,3045,Q1
VAR63,3046,Q1
VAR63,3047,Q1
VAR63,3048,Q1
VAR63,3049,Q1
VAR63,3050,Q1
VAR63,3052,Q1
VAR63,3053,Q1
VAR63,3054,Q1
VAR63,3055,Q1
VAR63,3056,Q1
VAR63,3058,Q1
VAR63,3059,Q1
VAR63,3060,Q1
VAR63,3061,Q1
VAR63,3062,Q1
VAR63,3063,Q1
VAR63,3065,Q1
VAR63,3066,Q1
VAR63,3067,Q1
VAR63,3068,Q1
VAR63,3069,Q1
VAR63,3070,Q1
VAR63,3071,Q1
VAR63,3072,Q1
VAR63,3073,Q1
VAR63,3075,Q1
VAR63,3074,Q1
VAR63,3076,Q1
VAR63,3077,Q1
VAR63,3078,Q1
VAR63,3079,Q1
VAR63,3080,Q1
VAR63,3081,Q1
VAR63,3082,Q1
VAR63,3083,Q1
VAR63,3085,Q1
VAR63,3086,Q1
VAR63,3087,Q1
VAR63,3088,Q1
VAR63,3089,Q1
VAR63,3090,Q1
VAR63,3091,Q1
VAR63,3092,Q1
VAR63,3093,Q1
VAR63,3094,Q1
VAR63,3095,Q1
VAR63,3097,Q1
VAR63,3098,Q1
VAR63,3099,Q1
VAR63,3100,Q1
VAR63,3101,Q1
VAR63,3102,Q1
VAR63,3103,Q1
VAR63,3104,Q1
VAR63,3105,Q1
VAR63,3106,Q1
VAR63,3107,Q1
VAR63,3108,Q1
VAR63,3109,Q1
VAR63,3110,Q1
VAR63,3111,Q1
VAR63,3112,Q1
VAR63,3113,Q1
VAR63,3114,Q1
VAR63,3115,Q1
VAR63,3116,Q1
VAR63,3117,Q1
VAR65,3002,Q1
VAR65,3003,Q1
VAR65,3004,Q1
VAR65,3005,Q1
VAR65,3007,Q1
VAR65,3008,Q1
VAR65,3009,Q1
VAR65,3010,Q1
VAR65,3011,Q1
VAR65,3012,Q1
VAR65,3013,Q1
VAR65,3014,Q1
VAR65,3015,Q1
VAR65,3016,Q1
VAR65,3017,Q1
VAR65,3018,Q1
VAR65,3020,Q1
VAR65,3021,Q1
VAR65,3022,Q1
VAR65,3023,Q1
VAR65,3024,Q1
VAR65,3025,Q1
VAR65,3026,Q1
VAR65,3027,Q1
VAR65,3028,Q1
VAR65,3029,Q1
VAR65,3031,Q1
VAR65,3032,Q1
VAR65,3033,Q1
VAR65,3034,Q1
VAR65,3035,Q1
VAR65,3036,Q1
VAR65,3037,Q1
VAR65,3038,Q1
VAR65,3039,Q1
VAR65,3040,Q1
VAR65,3041,Q1
VAR65,3043,Q1
VAR65,3044,Q1
VAR65,3045,Q1
VAR65,3046,Q1
VAR65,3047,Q1
VAR65,3048,Q1
VAR65,3049,Q1
VAR65,3050,Q1
VAR65,3052,Q1
VAR65,3053,Q1
VAR65,3054,Q1
VAR65,3055,Q1
VAR65,3056,Q1
VAR65,3058,Q1
VAR65,3059,Q1
VAR65,3060,Q1
VAR65,3061,Q1
VAR65,3062,Q1
VAR65,3063,Q1
VAR65,3065,Q1
VAR65,3066,Q1
VAR65,3067,Q1
VAR65,3068,Q1
VAR65,3069,Q1
VAR65,3070,Q1
VAR65,3071,Q1
VAR65,3072,Q1
VAR65,3073,Q1
VAR65,3075,Q1
VAR65,3074,Q1
VAR65,3076,Q1
VAR65,3077,Q1
VAR65,3078,Q1
VAR65,3079,Q1
VAR65,3080,Q1
VAR65,3081,Q1
VAR65,3082,Q1
VAR65,3083,Q1
VAR65,3085,Q1
VAR65,3086,Q1
VAR65,3087,Q1
VAR65,3088,Q1
VAR65,3089,Q1
VAR65,3090,Q1
VAR65,3091,Q1
VAR65,3092,Q1
VAR65,3093,Q1
VAR65,3094,Q1
VAR65,3095,Q1
VAR65,3097,Q1
VAR65,3098,Q1
VAR65,3099,Q1
VAR65,3100,Q1
VAR65,3101,Q1
VAR65,3102,Q1
VAR65,3103,Q1
VAR65,3104,Q1
VAR65,3105,Q1
VAR65,3106,Q1
VAR65,3107,Q1
VAR65,3108,Q1
VAR65,3109,Q1
VAR65,3110,Q1
VAR65,3111,Q1
VAR65,3112,Q1
VAR65,3113,Q1
VAR65,3114,Q1
VAR65,3115,Q1
VAR65,3116,Q1
VAR65,3117,Q1
VAR66,3002,Q1
VAR66,3003,Q1
VAR66,3004,Q1
VAR66,3005,Q1
VAR66,3007,Q1
VAR66,3008,Q1
VAR66,3009,Q1
VAR66,3010,Q1
VAR66,3011,Q1
VAR66,3012,Q1
VAR66,3013,Q1
VAR66,3014,Q1
VAR66,3015,Q1
VAR66,3016,Q1
VAR66,3017,Q1
VAR66,3018,Q1
VAR66,3020,Q1
VAR66,3021,Q1
VAR66,3022,Q1
VAR66,3023,Q1
VAR66,3024,Q1
VAR66,3025,Q1
VAR66,3026,Q1
VAR66,3027,Q1
VAR66,3028,Q1
VAR66,3029,Q1
VAR66,3031,Q1
VAR66,3032,Q1
VAR66,3033,Q1
VAR66,3034,Q1
VAR66,3035,Q1
VAR66,3036,Q1
VAR66,3037,Q1
VAR66,3038,Q1
VAR66,3039,Q1
VAR66,3040,Q1
VAR66,3041,Q1
VAR66,3043,Q1
VAR66,3044,Q1
VAR66,3045,Q1
VAR66,3046,Q1
VAR66,3047,Q1
VAR66,3048,Q1
VAR66,3049,Q1
VAR66,3050,Q1
VAR66,3052,Q1
VAR66,3053,Q1
VAR66,3054,Q1
VAR66,3055,Q1
VAR66,3056,Q1
VAR66,3058,Q1
VAR66,3059,Q1
VAR66,3060,Q1
VAR66,3061,Q1
VAR66,3062,Q1
VAR66,3063,Q1
VAR66,3065,Q1
VAR66,3066,Q1
VAR66,3067,Q1
VAR66,3068,Q1
VAR66,3069,Q1
VAR66,3070,Q1
VAR66,3071,Q1
VAR66,3072,Q1
VAR66,3073,Q1
VAR66,3075,Q1
VAR66,3074,Q1
VAR66,3076,Q1
VAR66,3077,Q1
VAR66,3078,Q1
VAR66,3079,Q1
VAR66,3080,Q1
VAR66,3081,Q1
VAR66,3082,Q1
VAR66,3083,Q1
VAR66,3085,Q1
VAR66,3086,Q1
VAR66,3087,Q1
VAR66,3088,Q1
VAR66,3089,Q1
VAR66,3090,Q1
VAR66,3091,Q1
VAR66,3092,Q1
VAR66,3093,Q1
VAR66,3094,Q1
VAR66,3095,Q1
VAR66,3097,Q1
VAR66,3098,Q1
VAR66,3099,Q1
VAR66,3100,Q1
VAR66,3101,Q1
VAR66,3102,Q1
VAR66,3103,Q1
VAR66,3104,Q1
VAR66,3105,Q1
VAR66,3106,Q1
VAR66,3107,Q1
VAR66,3108,Q1
VAR66,3109,Q1
VAR66,3110,Q1
VAR66,3111,Q1
VAR66,3112,Q1
VAR66,3113,Q1
VAR66,3114,Q1
VAR66,3115,Q1
VAR66,3116,Q1
VAR66,3117,Q1
VAR68,3002,Q1
VAR68,3003,Q1
VAR68,3004,Q1
VAR68,3005,Q1
VAR68,3007,Q1
VAR68,3008,Q1
VAR68,3009,Q1
VAR68,3010,Q1
VAR68,3011,Q1
VAR68,3012,Q1
VAR68,3013,Q1
VAR68,3014,Q1
VAR68,3015,Q1
VAR68,3016,Q1
VAR68,3017,Q1
VAR68,3018,Q1
VAR68,3020,Q1
VAR68,3021,Q1
VAR68,3022,Q1
VAR68,3023,Q1
VAR68,3024,Q1
VAR68,3025,Q1
VAR68,3026,Q1
VAR68,3027,Q1
VAR68,3028,Q1
VAR68,3029,Q1
VAR68,3031,Q1
VAR68,3032,Q1
VAR68,3033,Q1
VAR68,3034,Q1
VAR68,3035,Q1
VAR68,3036,Q1
VAR68,3037,Q1
VAR68,3038,Q1
VAR68,3039,Q1
VAR68,3040,Q1
VAR68,3041,Q1
VAR68,3043,Q1
VAR68,3044,Q1
VAR68,3045,Q1
VAR68,3046,Q1
VAR68,3047,Q1
VAR68,3048,Q1
VAR68,3049,Q1
VAR68,3050,Q1
VAR68,3052,Q1
VAR68,3053,Q1
VAR68,3054,Q1
VAR68,3055,Q1
VAR68,3056,Q1
VAR68,3058,Q1
VAR68,3059,Q1
VAR68,3060,Q1
VAR68,3061,Q1
VAR68,3062,Q1
VAR68,3063,Q1
VAR68,3065,Q1
VAR68,3066,Q1
VAR68,3067,Q1
VAR68,3068,Q1
VAR68,3069,Q1
VAR68,3070,Q1
VAR68,3071,Q1
VAR68,3072,Q1
VAR68,3073,Q1
VAR68,3075,Q1
VAR68,3074,Q1
VAR68,3076,Q1
VAR68,3077,Q1
VAR68,3078,Q1
VAR68,3079,Q1
VAR68,3080,Q1
VAR68,3081,Q1
VAR68,3082,Q1
VAR68,3083,Q1
VAR68,3085,Q1
VAR68,3086,Q1
VAR68,3087,Q1
VAR68,3088,Q1
VAR68,3089,Q1
VAR68,3090,Q1
VAR68,3091,Q1
VAR68,3092,Q1
VAR68,3093,Q1
VAR68,3094,Q1
VAR68,3095,Q1
VAR68,3097,Q1
VAR68,3098,Q1
VAR68,3099,Q1
VAR68,3100,Q1
VAR68,3101,Q1
VAR68,3102,Q1
VAR68,3103,Q1
VAR68,3104,Q1
VAR68,3105,Q1
VAR68,3106,Q1
VAR68,3107,Q1
VAR68,3108,Q1
VAR68,3109,Q1
VAR68,3110,Q1
VAR68,3111,Q1
VAR68,3112,Q1
VAR68,3113,Q1
VAR68,3114,Q1
VAR68,3115,Q1
VAR68,3116,Q1
VAR68,3117,Q1
VAR70,3002,Q1
VAR70,3003,Q1
VAR70,3004,Q1
VAR70,3005,Q1
VAR70,3007,Q1
VAR70,3008,Q1
VAR70,3009,Q1
VAR70,3010,Q1
VAR70,3011,Q1
VAR70,3012,Q1
VAR70,3013,Q1
VAR70,3014,Q1
VAR70,3015,Q1
VAR70,3016,Q1
VAR70,3017,Q1
VAR70,3018,Q1
VAR70,3020,Q1
VAR70,3021,Q1
VAR70,3022,Q1
VAR70,3023,Q1
VAR70,3024,Q1
VAR70,3025,Q1
VAR70,3026,Q1
VAR70,3027,Q1
VAR70,3028,Q1
VAR70,3029,Q1
VAR70,3031,Q1
VAR70,3032,Q1
VAR70,3033,Q1
VAR70,3034,Q1
VAR70,3035,Q1
VAR70,3036,Q1
VAR70,3037,Q1
VAR70,3038,Q1
VAR70,3039,Q1
VAR70,3040,Q1
VAR70,3041,Q1
VAR70,3043,Q1
VAR70,3044,Q1
VAR70,3045,Q1
VAR70,3046,Q1
VAR70,3047,Q1
VAR70,3048,Q1
VAR70,3049,Q1
VAR70,3050,Q1
VAR70,3052,Q1
VAR70,3053,Q1
VAR70,3054,Q1
VAR70,3055,Q1
VAR70,3056,Q1
VAR70,3058,Q1
VAR70,3059,Q1
VAR70,3060,Q1
VAR70,3061,Q1
VAR70,3062,Q1
VAR70,3063,Q1
VAR70,3065,Q1
VAR70,3066,Q1
VAR70,3067,Q1
VAR70,3068,Q1
VAR70,3069,Q1
VAR70,3070,Q1
VAR70,3071,Q1
VAR70,3072,Q1
VAR70,3073,Q1
VAR70,3075,Q1
VAR70,3074,Q1
VAR70,3076,Q1
VAR70,3077,Q1
VAR70,3078,Q1
VAR70,3079,Q1
VAR70,3080,Q1
VAR70,3081,Q1
VAR70,3082,Q1
VAR70,3083,Q1
VAR70,3085,Q1
VAR70,3086,Q1
VAR70,3087,Q1
VAR70,3088,Q1
VAR70,3089,Q1
VAR70,3090,Q1
VAR70,3091,Q1
VAR70,3092,Q1
VAR70,3093,Q1
VAR70,3094,Q1
VAR70,3095,Q1
VAR70,3097,Q1
VAR70,3098,Q1
VAR70,3099,Q1
VAR70,3100,Q1
VAR70,3101,Q1
VAR70,3102,Q1
VAR70,3103,Q1
VAR70,3104,Q1
VAR70,3105,Q1
VAR70,3106,Q1
VAR70,3107,Q1
VAR70,3108,Q1
VAR70,3109,Q1
VAR70,3110,Q1
VAR70,3111,Q1
VAR70,3112,Q1
VAR70,3113,Q1
VAR70,3114,Q1
VAR70,3115,Q1
VAR70,3116,Q1
VAR70,3117,Q1
VAR72,3002,Q1
VAR72,3003,Q1
VAR72,3004,Q1
VAR72,3005,Q1
VAR72,3007,Q1
VAR72,3008,Q1
VAR72,3009,Q1
VAR72,3010,Q1
VAR72,3011,Q1
VAR72,3012,Q1
VAR72,3013,Q1
VAR72,3014,Q1
VAR72,3015,Q1
VAR72,3016,Q1
VAR72,3017,Q1
VAR72,3018,Q1
VAR72,3020,Q1
VAR72,3021,Q1
VAR72,3022,Q1
VAR72,3023,Q1
VAR72,3024,Q1
VAR72,3025,Q1
VAR72,3026,Q1
VAR72,3027,Q1
VAR72,3028,Q1
VAR72,3029,Q1
VAR72,3031,Q1
VAR72,3032,Q1
VAR72,3033,Q1
VAR72,3034,Q1
VAR72,3035,Q1
VAR72,3036,Q1
VAR72,3037,Q1
VAR72,3038,Q1
VAR72,3039,Q1
VAR72,3040,Q1
VAR72,3041,Q1
VAR72,3043,Q1
VAR72,3044,Q1
VAR72,3045,Q1
VAR72,3046,Q1
VAR72,3047,Q1
VAR72,3048,Q1
VAR72,3049,Q1
VAR72,3050,Q1
VAR72,3052,Q1
VAR72,3053,Q1
VAR72,3054,Q1
VAR72,3055,Q1
VAR72,3056,Q1
VAR72,3058,Q1
VAR72,3059,Q1
VAR72,3060,Q1
VAR72,3061,Q1
VAR72,3062,Q1
VAR72,3063,Q1
VAR72,3065,Q1
VAR72,3066,Q1
VAR72,3067,Q1
VAR72,3068,Q1
VAR72,3069,Q1
VAR72,3070,Q1
VAR72,3071,Q1
VAR72,3072,Q1
VAR72,3073,Q1
VAR72,3075,Q1
VAR72,3074,Q1
VAR72,3076,Q1
VAR72,3077,Q1
VAR72,3078,Q1
VAR72,3079,Q1
VAR72,3080,Q1
VAR72,3081,Q1
VAR72,3082,Q1
VAR72,3083,Q1
VAR72,3085,Q1
VAR72,3086,Q1
VAR72,3087,Q1
VAR72,3088,Q1
VAR72,3089,Q1
VAR72,3090,Q1
VAR72,3091,Q1
VAR72,3092,Q1
VAR72,3093,Q1
VAR72,3094,Q1
VAR72,3095,Q1
VAR72,3097,Q1
VAR72,3098,Q1
VAR72,3099,Q1
VAR72,3100,Q1
VAR72,3101,Q1
VAR72,3102,Q1
VAR72,3103,Q1
VAR72,3104,Q1
VAR72,3105,Q1
VAR72,3106,Q1
VAR72,3107,Q1
VAR72,3108,Q1
VAR72,3109,Q1
VAR72,3110,Q1
VAR72,3111,Q1
VAR72,3112,Q1
VAR72,3113,Q1
VAR72,3114,Q1
VAR72,3115,Q1
VAR72,3116,Q1
VAR72,3117,Q1
VAR75,3002,Q1
VAR75,3003,Q1
VAR75,3004,Q1
VAR75,3005,Q1
VAR75,3007,Q1
VAR75,3008,Q1
VAR75,3009,Q1
VAR75,3010,Q1
VAR75,3011,Q1
VAR75,3012,Q1
VAR75,3013,Q1
VAR75,3014,Q1
VAR75,3015,Q1
VAR75,3016,Q1
VAR75,3017,Q1
VAR75,3018,Q1
VAR75,3020,Q1
VAR75,3021,Q1
VAR75,3022,Q1
VAR75,3023,Q1
VAR75,3024,Q1
VAR75,3025,Q1
VAR75,3026,Q1
VAR75,3027,Q1
VAR75,3028,Q1
VAR75,3029,Q1
VAR75,3031,Q1
VAR75,3032,Q1
VAR75,3033,Q1
VAR75,3034,Q1
VAR75,3035,Q1
VAR75,3036,Q1
VAR75,3037,Q1
VAR75,3038,Q1
VAR75,3039,Q1
VAR75,3040,Q1
VAR75,3041,Q1
VAR75,3043,Q1
VAR75,3044,Q1
VAR75,3045,Q1
VAR75,3046,Q1
VAR75,3047,Q1
VAR75,3048,Q1
VAR75,3049,Q1
VAR75,3050,Q1
VAR75,3052,Q1
VAR75,3053,Q1
VAR75,3054,Q1
VAR75,3055,Q1
VAR75,3056,Q1
VAR75,3058,Q1
VAR75,3059,Q1
VAR75,3060,Q1
VAR75,3061,Q1
VAR75,3062,Q1
VAR75,3063,Q1
VAR75,3065,Q1
VAR75,3066,Q1
VAR75,3067,Q1
VAR75,3068,Q1
VAR75,3069,Q1
VAR75,3070,Q1
VAR75,3071,Q1
VAR75,3072,Q1
VAR75,3073,Q1
VAR75,3075,Q1
VAR75,3074,Q1
VAR75,3076,Q1
VAR75,3077,Q1
VAR75,3078,Q1
VAR75,3079,Q1
VAR75,3080,Q1
VAR75,3081,Q1
VAR75,3082,Q1
VAR75,3083,Q1
VAR75,3085,Q1
VAR75,3086,Q1
VAR75,3087,Q1
VAR75,3088,Q1
VAR75,3089,Q1
VAR75,3090,Q1
VAR75,3091,Q1
VAR75,3092,Q1
VAR75,3093,Q1
VAR75,3094,Q1
VAR75,3095,Q1
VAR75,3097,Q1
VAR75,3098,Q1
VAR75,3099,Q1
VAR75,3100,Q1
VAR75,3101,Q1
VAR75,3102,Q1
VAR75,3103,Q1
VAR75,3104,Q1
VAR75,3105,Q1
VAR75,3106,Q1
VAR75,3107,Q1
VAR75,3108,Q1
VAR75,3109,Q1
VAR75,3110,Q1
VAR75,3111,Q1
VAR75,3112,Q1
VAR75,3113,Q1
VAR75,3114,Q1
VAR75,3115,Q1
VAR75,3116,Q1
VAR75,3117,Q1
VAR77,3002,Q1
VAR77,3003,Q1
VAR77,3004,Q1
VAR77,3005,Q1
VAR77,3007,Q1
VAR77,3008,Q1
VAR77,3009,Q1
VAR77,3010,Q1
VAR77,3011,Q1
VAR77,3012,Q1
VAR77,3013,Q1
VAR77,3014,Q1
VAR77,3015,Q1
VAR77,3016,Q1
VAR77,3017,Q1
VAR77,3018,Q1
VAR77,3020,Q1
VAR77,3021,Q1
VAR77,3022,Q1
VAR77,3023,Q1
VAR77,3024,Q1
VAR77,3025,Q1
VAR77,3026,Q1
VAR77,3027,Q1
VAR77,3028,Q1
VAR77,3029,Q1
VAR77,3031,Q1
VAR77,3032,Q1
VAR77,3033,Q1
VAR77,3034,Q1
VAR77,3035,Q1
VAR77,3036,Q1
VAR77,3037,Q1
VAR77,3038,Q1
VAR77,3039,Q1
VAR77,3040,Q1
VAR77,3041,Q1
VAR77,3043,Q1
VAR77,3044,Q1
VAR77,3045,Q1
VAR77,3046,Q1
VAR77,3047,Q1
VAR77,3048,Q1
VAR77,3049,Q1
VAR77,3050,Q1
VAR77,3052,Q1
VAR77,3053,Q1
VAR77,3054,Q1
VAR77,3055,Q1
VAR77,3056,Q1
VAR77,3058,Q1
VAR77,3059,Q1
VAR77,3060,Q1
VAR77,3061,Q1
VAR77,3062,Q1
VAR77,3063,Q1
VAR77,3065,Q1
VAR77,3066,Q1
VAR77,3067,Q1
VAR77,3068,Q1
VAR77,3069,Q1
VAR77,3070,Q1
VAR77,3071,Q1
VAR77,3072,Q1
VAR77,3073,Q1
VAR77,3075,Q1
VAR77,3074,Q1
VAR77,3076,Q1
VAR77,3077,Q1
VAR77,3078,Q1
VAR77,3079,Q1
VAR77,3080,Q1
VAR77,3081,Q1
VAR77,3082,Q1
VAR77,3083,Q1
VAR77,3085,Q1
VAR77,3086,Q1
VAR77,3087,Q1
VAR77,3088,Q1
VAR77,3089,Q1
VAR77,3090,Q1
VAR77,3091,Q1
VAR77,3092,Q1
VAR77,3093,Q1
VAR77,3094,Q1
VAR77,3095,Q1
VAR77,3097,Q1
VAR77,3098,Q1
VAR77,3099,Q1
VAR77,3100,Q1
VAR77,3101,Q1
VAR77,3102,Q1
VAR77,3103,Q1
VAR77,3104,Q1
VAR77,3105,Q1
VAR77,3106,Q1
VAR77,3107,Q1
VAR77,3108,Q1
VAR77,3109,Q1
VAR77,3110,Q1
VAR77,3111,Q1
VAR77,3112,Q1
VAR77,3113,Q1
VAR77,3114,Q1
VAR77,3115,Q1
VAR77,3116,Q1
VAR77,3117,Q1
VAR79,3002,Q1
VAR79,3003,Q1
VAR79,3004,Q1
VAR79,3005,Q1
VAR79,3007,Q1
VAR79,3008,Q1
VAR79,3009,Q1
VAR79,3010,Q1
VAR79,3011,Q1
VAR79,3012,Q1
VAR79,3013,Q1
VAR79,3014,Q1
VAR79,3015,Q1
VAR79,3016,Q1
VAR79,3017,Q1
VAR79,3018,Q1
VAR79,3020,Q1
VAR79,3021,Q1
VAR79,3022,Q1
VAR79,3023,Q1
VAR79,3024,Q1
VAR79,3025,Q1
VAR79,3026,Q1
VAR79,3027,Q1
VAR79,3028,Q1
VAR79,3029,Q1
VAR79,3031,Q1
VAR79,3032,Q1
VAR79,3033,Q1
VAR79,3034,Q1
VAR79,3035,Q1
VAR79,3036,Q1
VAR79,3037,Q1
VAR79,3038,Q1
VAR79,3039,Q1
VAR79,3040,Q1
VAR79,3041,Q1
VAR79,3043,Q1
VAR79,3044,Q1
VAR79,3045,Q1
VAR79,3046,Q1
VAR79,3047,Q1
VAR79,3048,Q1
VAR79,3049,Q1
VAR79,3050,Q1
VAR79,3052,Q1
VAR79,3053,Q1
VAR79,3054,Q1
VAR79,3055,Q1
VAR79,3056,Q1
VAR79,3058,Q1
VAR79,3059,Q1
VAR79,3060,Q1
VAR79,3061,Q1
VAR79,3062,Q1
VAR79,3063,Q1
VAR79,3065,Q1
VAR79,3066,Q1
VAR79,3067,Q1
VAR79,3068,Q1
VAR79,3069,Q1
VAR79,3070,Q1
VAR79,3071,Q1
VAR79,3072,Q1
VAR79,3073,Q1
VAR79,3075,Q1
VAR79,3074,Q1
VAR79,3076,Q1
VAR79,3077,Q1
VAR79,3078,Q1
VAR79,3079,Q1
VAR79,3080,Q1
VAR79,3081,Q1
VAR79,3082,Q1
VAR79,3083,Q1
VAR79,3085,Q1
VAR79,3086,Q1
VAR79,3087,Q1
VAR79,3088,Q1
VAR79,3089,Q1
VAR79,3090,Q1
VAR79,3091,Q1
VAR79,3092,Q1
VAR79,3093,Q1
VAR79,3094,Q1
VAR79,3095,Q1
VAR79,3097,Q1
VAR79,3098,Q1
VAR79,3099,Q1
VAR79,3100,Q1
VAR79,3101,Q1
VAR79,3102,Q1
VAR79,3103,Q1
VAR79,3104,Q1
VAR79,3105,Q1
VAR79,3106,Q1
VAR79,3107,Q1
VAR79,3108,Q1
VAR79,3109,Q1
VAR79,3110,Q1
VAR79,3111,Q1
VAR79,3112,Q1
VAR79,3113,Q1
VAR79,3114,Q1
VAR79,3115,Q1
VAR79,3116,Q1
VAR79,3117,Q1
VAR81,3002,Q1
VAR81,3003,Q1
VAR81,3004,Q1
VAR81,3005,Q1
VAR81,3007,Q1
VAR81,3008,Q1
VAR81,3009,Q1
VAR81,3010,Q1
VAR81,3011,Q1
VAR81,3012,Q1
VAR81,3013,Q1
VAR81,3014,Q1
VAR81,3015,Q1
VAR81,3016,Q1
VAR81,3017,Q1
VAR81,3018,Q1
VAR81,3020,Q1
VAR81,3021,Q1
VAR81,3022,Q1
VAR81,3023,Q1
VAR81,3024,Q1
VAR81,3025,Q1
VAR81,3026,Q1
VAR81,3027,Q1
VAR81,3028,Q1
VAR81,3029,Q1
VAR81,3031,Q1
VAR81,3032,Q1
VAR81,3033,Q1
VAR81,3034,Q1
VAR81,3035,Q1
VAR81,3036,Q1
VAR81,3037,Q1
VAR81,3038,Q1
VAR81,3039,Q1
VAR81,3040,Q1
VAR81,3041,Q1
VAR81,3043,Q1
VAR81,3044,Q1
VAR81,3045,Q1
VAR81,3046,Q1
VAR81,3047,Q1
VAR81,3048,Q1
VAR81,3049,Q1
VAR81,3050,Q1
VAR81,3052,Q1
VAR81,3053,Q1
VAR81,3054,Q1
VAR81,3055,Q1
VAR81,3056,Q1
VAR81,3058,Q1
VAR81,3059,Q1
VAR81,3060,Q1
VAR81,3061,Q1
VAR81,3062,Q1
VAR81,3063,Q1
VAR81,3065,Q1
VAR81,3066,Q1
VAR81,3067,Q1
VAR81,3068,Q1
VAR81,3069,Q1
VAR81,3070,Q1
VAR81,3071,Q1
VAR81,3072,Q1
VAR81,3073,Q1
VAR81,3075,Q1
VAR81,3074,Q1
VAR81,3076,Q1
VAR81,3077,Q1
VAR81,3078,Q1
VAR81,3079,Q1
VAR81,3080,Q1
VAR81,3081,Q1
VAR81,3082,Q1
VAR81,3083,Q1
VAR81,3085,Q1
VAR81,3086,Q1
VAR81,3087,Q1
VAR81,3088,Q1
VAR81,3089,Q1
VAR81,3090,Q1
VAR81,3091,Q1
VAR81,3092,Q1
VAR81,3093,Q1
VAR81,3094,Q1
VAR81,3095,Q1
VAR81,3097,Q1
VAR81,3098,Q1
VAR81,3099,Q1
VAR81,3100,Q1
VAR81,3101,Q1
VAR81,3102,Q1
VAR81,3103,Q1
VAR81,3104,Q1
VAR81,3105,Q1
VAR81,3106,Q1
VAR81,3107,Q1
VAR81,3108,Q1
VAR81,3109,Q1
VAR81,3110,Q1
VAR81,3111,Q1
VAR81,3112,Q1
VAR81,3113,Q1
VAR81,3114,Q1
VAR81,3115,Q1
VAR81,3116,Q1
VAR81,3117,Q1
VAR83,3002,Q1
VAR83,3003,Q1
VAR83,3004,Q1
VAR83,3005,Q1
VAR83,3007,Q1
VAR83,3008,Q1
VAR83,3009,Q1
VAR83,3010,Q1
VAR83,3011,Q1
VAR83,3012,Q1
VAR83,3013,Q1
VAR83,3014,Q1
VAR83,3015,Q1
VAR83,3016,Q1
VAR83,3017,Q1
VAR83,3018,Q1
VAR83,3020,Q1
VAR83,3021,Q1
VAR83,3022,Q1
VAR83,3023,Q1
VAR83,3024,Q1
VAR83,3025,Q1
VAR83,3026,Q1
VAR83,3027,Q1
VAR83,3028,Q1
VAR83,3029,Q1
VAR83,3031,Q1
VAR83,3032,Q1
VAR83,3033,Q1
VAR83,3034,Q1
VAR83,3035,Q1
VAR83,3036,Q1
VAR83,3037,Q1
VAR83,3038,Q1
VAR83,3039,Q1
VAR83,3040,Q1
VAR83,3041,Q1
VAR83,3043,Q1
VAR83,3044,Q1
VAR83,3045,Q1
VAR83,3046,Q1
VAR83,3047,Q1
VAR83,3048,Q1
VAR83,3049,Q1
VAR83,3050,Q1
VAR83,3052,Q1
VAR83,3053,Q1
VAR83,3054,Q1
VAR83,3055,Q1
VAR83,3056,Q1
VAR83,3058,Q1
VAR83,3059,Q1
VAR83,3060,Q1
VAR83,3061,Q1
VAR83,3062,Q1
VAR83,3063,Q1
VAR83,3065,Q1
VAR83,3066,Q1
VAR83,3067,Q1
VAR83,3068,Q1
VAR83,3069,Q1
VAR83,3070,Q1
VAR83,3071,Q1
VAR83,3072,Q1
VAR83,3073,Q1
VAR83,3075,Q1
VAR83,3074,Q1
VAR83,3076,Q1
VAR83,3077,Q1
VAR83,3078,Q1
VAR83,3079,Q1
VAR83,3080,Q1
VAR83,3081,Q1
VAR83,3082,Q1
VAR83,3083,Q1
VAR83,3085,Q1
VAR83,3086,Q1
VAR83,3087,Q1
VAR83,3088,Q1
VAR83,3089,Q1
VAR83,3090,Q1
VAR83,3091,Q1
VAR83,3092,Q1
VAR83,3093,Q1
VAR83,3094,Q1
VAR83,3095,Q1
VAR83,3097,Q1
VAR83,3098,Q1
VAR83,3099,Q1
VAR83,3100,Q1
VAR83,3101,Q1
VAR83,3102,Q1
VAR83,3103,Q1
VAR83,3104,Q1
VAR83,3105,Q1
VAR83,3106,Q1
VAR83,3107,Q1
VAR83,3108,Q1
VAR83,3109,Q1
VAR83,3110,Q1
VAR83,3111,Q1
VAR83,3112,Q1
VAR83,3113,Q1
VAR83,3114,Q1
VAR83,3115,Q1
VAR83,3116,Q1
VAR83,3117,Q1
VAR85,3002,Q1
VAR85,3003,Q1
VAR85,3004,Q1
VAR85,3005,Q1
VAR85,3007,Q1
VAR85,3008,Q1
VAR85,3009,Q1
VAR85,3010,Q1
VAR85,3011,Q1
VAR85,3012,Q1
VAR85,3013,Q1
VAR85,3014,Q1
VAR85,3015,Q1
VAR85,3016,Q1
VAR85,3017,Q1
VAR85,3018,Q1
VAR85,3020,Q1
VAR85,3021,Q1
VAR85,3022,Q1
VAR85,3023,Q1
VAR85,3024,Q1
VAR85,3025,Q1
VAR85,3026,Q1
VAR85,3027,Q1
VAR85,3028,Q1
VAR85,3029,Q1
VAR85,3031,Q1
VAR85,3032,Q1
VAR85,3033,Q1
VAR85,3034,Q1
VAR85,3035,Q1
VAR85,3036,Q1
VAR85,3037,Q1
VAR85,3038,Q1
VAR85,3039,Q1
VAR85,3040,Q1
VAR85,3041,Q1
VAR85,3043,Q1
VAR85,3044,Q1
VAR85,3045,Q1
VAR85,3046,Q1
VAR85,3047,Q1
VAR85,3048,Q1
VAR85,3049,Q1
VAR85,3050,NA
VAR85,3052,Q1
VAR85,3053,Q1
VAR85,3054,Q1
VAR85,3055,Q1
VAR85,3056,Q1
VAR85,3058,Q1
VAR85,3059,Q1
VAR85,3060,Q1
VAR85,3061,Q1
VAR85,3062,Q1
VAR85,3063,Q1
VAR85,3065,Q1
VAR85,3066,Q1
VAR85,3067,Q1
VAR85,3068,Q1
VAR85,3069,Q1
VAR85,3070,Q1
VAR85,3071,NA
VAR85,3072,Q1
VAR85,3073,Q1
VAR85,3075,Q1
VAR85,3074,Q1
VAR85,3076,Q1
VAR85,3077,Q1
VAR85,3078,Q1
VAR85,3079,Q1
VAR85,3080,Q1
VAR85,3081,Q1
VAR85,3082,Q1
VAR85,3083,Q1
VAR85,3085,Q1
VAR85,3086,Q1
VAR85,3087,Q1
VAR85,3088,Q1
VAR85,3089,Q1
VAR85,3090,Q1
VAR85,3091,Q1
VAR85,3092,Q1
VAR85,3093,Q1
VAR85,3094,Q1
VAR85,3095,Q1
VAR85,3097,Q1
VAR85,3098,Q1
VAR85,3099,Q1
VAR85,3100,Q1
VAR85,3101,Q1
VAR85,3102,Q1
VAR85,3103,Q1
VAR85,3104,Q1
VAR85,3105,Q1
VAR85,3106,Q1
VAR85,3107,Q1
VAR85,3108,Q1
VAR85,3109,Q1
VAR85,3110,Q1
VAR85,3111,Q1
VAR85,3112,Q1
VAR85,3113,Q1
VAR85,3114,Q1
VAR85,3115,Q1
VAR85,3116,Q1
VAR85,3117,Q1
VAR87,3002,Q1
VAR87,3003,Q1
VAR87,3004,Q1
VAR87,3005,Q1
VAR87,3007,Q1
VAR87,3008,Q1
VAR87,3009,Q1
VAR87,3010,Q1
VAR87,3011,Q1
VAR87,3012,Q1
VAR87,3013,Q1
VAR87,3014,Q1
VAR87,3015,Q1
VAR87,3016,Q1
VAR87,3017,Q1
VAR87,3018,Q1
VAR87,3020,Q1
VAR87,3021,Q1
VAR87,3022,Q1
VAR87,3023,Q1
VAR87,3024,Q1
VAR87,3025,Q1
VAR87,3026,Q1
VAR87,3027,Q1
VAR87,3028,Q1
VAR87,3029,Q1
VAR87,3031,Q1
VAR87,3032,Q1
VAR87,3033,Q1
VAR87,3034,Q1
VAR87,3035,Q1
VAR87,3036,Q1
VAR87,3037,Q1
VAR87,3038,Q1
VAR87,3039,Q1
VAR87,3040,Q1
VAR87,3041,Q1
VAR87,3043,Q1
VAR87,3044,Q1
VAR87,3045,Q1
VAR87,3046,Q1
VAR87,3047,Q1
VAR87,3048,Q1
VAR87,3049,Q1
VAR87,3050,NA
VAR87,3052,Q1
VAR87,3053,Q1
VAR87,3054,Q1
VAR87,3055,Q1
VAR87,3056,Q1
VAR87,3058,Q1
VAR87,3059,Q1
VAR87,3060,Q1
VAR87,3061,Q1
VAR87,3062,Q1
VAR87,3063,Q1
VAR87,3065,Q1
VAR87,3066,Q1
VAR87,3067,Q1
VAR87,3068,Q1
VAR87,3069,Q1
VAR87,3070,Q1
VAR87,3071,NA
VAR87,3072,Q1
VAR87,3073,Q1
VAR87,3075,Q1
VAR87,3074,Q1
VAR87,3076,Q1
VAR87,3077,Q1
VAR87,3078,Q1
VAR87,3079,Q1
VAR87,3080,Q1
VAR87,3081,Q1
VAR87,3082,Q1
VAR87,3083,Q1
VAR87,3085,Q1
VAR87,3086,Q1
VAR87,3087,Q1
VAR87,3088,Q1
VAR87,3089,Q1
VAR87,3090,Q1
VAR87,3091,Q1
VAR87,3092,Q1
VAR87,3093,Q1
VAR87,3094,Q1
VAR87,3095,Q1
VAR87,3097,Q1
VAR87,3098,Q1
VAR87,3099,Q1
VAR87,3100,Q1
VAR87,3101,Q1
VAR87,3102,Q1
VAR87,3103,Q1
VAR87,3104,Q1
VAR87,3105,Q1
VAR87,3106,Q1
VAR87,3107,Q1
VAR87,3108,Q1
VAR87,3109,Q1
VAR87,3110,Q1
VAR87,3111,Q1
VAR87,3112,Q1
VAR87,3113,Q1
VAR87,3114,Q1
VAR87,3115,Q1
VAR87,3116,Q1
VAR87,3117,Q1
VAR89,3002,Q1
VAR89,3003,Q1
VAR89,3004,Q1
VAR89,3005,Q1
VAR89,3007,Q1
VAR89,3008,Q1
VAR89,3009,Q1
VAR89,3010,Q1
VAR89,3011,Q1
VAR89,3012,Q1
VAR89,3013,Q1
VAR89,3014,Q1
VAR89,3015,Q1
VAR89,3016,Q1
VAR89,3017,Q1
VAR89,3018,Q1
VAR89,3020,Q1
VAR89,3021,Q1
VAR89,3022,Q1
VAR89,3023,Q1
VAR89,3024,Q1
VAR89,3025,Q1
VAR89,3026,Q1
VAR89,3027,Q1
VAR89,3028,Q1
VAR89,3029,Q1
VAR89,3031,Q1
VAR89,3032,Q1
VAR89,3033,Q1
VAR89,3034,Q1
VAR89,3035,Q1
VAR89,3036,Q1
VAR89,3037,Q1
VAR89,3038,Q1
VAR89,3039,Q1
VAR89,3040,Q1
VAR89,3041,Q1
VAR89,3043,Q1
VAR89,3044,Q1
VAR89,3045,Q1
VAR89,3046,Q1
VAR89,3047,Q1
VAR89,3048,Q1
VAR89,3049,Q1
VAR89,3050,NA
VAR89,3052,Q1
VAR89,3053,Q1
VAR89,3054,Q1
VAR89,3055,Q1
VAR89,3056,Q1
VAR89,3058,Q1
VAR89,3059,Q1
VAR89,3060,Q1
VAR89,3061,Q1
VAR89,3062,Q1
VAR89,3063,Q1
VAR89,3065,Q1
VAR89,3066,Q1
VAR89,3067,Q1
VAR89,3068,Q1
VAR89,3069,Q1
VAR89,3070,Q1
VAR89,3071,NA
VAR89,3072,Q1
VAR89,3073,Q1
VAR89,3075,Q1
VAR89,3074,Q1
VAR89,3076,Q1
VAR89,3077,Q1
VAR89,3078,Q1
VAR89,3079,Q1
VAR89,3080,Q1
VAR89,3081,Q1
VAR89,3082,Q1
VAR89,3083,Q1
VAR89,3085,Q1
VAR89,3086,Q1
VAR89,3087,Q1
VAR89,3088,Q1
VAR89,3089,Q1
VAR89,3090,Q1
VAR89,3091,Q1
VAR89,3092,Q1
VAR89,3093,Q1
VAR89,3094,Q1
VAR89,3095,Q1
VAR89,3097,Q1
VAR89,3098,Q1
VAR89,3099,Q1
VAR89,3100,Q1
VAR89,3101,Q1
VAR89,3102,Q1
VAR89,3103,Q1
VAR89,3104,Q1
VAR89,3105,Q1
VAR89,3106,Q1
VAR89,3107,Q1
VAR89,3108,Q1
VAR89,3109,Q1
VAR89,3110,Q1
VAR89,3111,Q1
VAR89,3112,Q1
VAR89,3113,Q1
VAR89,3114,Q1
VAR89,3115,Q1
VAR89,3116,Q1
VAR89,3117,Q1
VAR91,3002,Q1
VAR91,3003,Q1
VAR91,3004,Q1
VAR91,3005,Q1
VAR91,3007,Q1
VAR91,3008,Q1
VAR91,3009,Q1
VAR91,3010,Q1
VAR91,3011,Q1
VAR91,3012,Q1
VAR91,3013,Q1
VAR91,3014,Q1
VAR91,3015,Q1
VAR91,3016,Q1
VAR91,3017,Q1
VAR91,3018,Q1
VAR91,3020,Q1
VAR91,3021,Q1
VAR91,3022,Q1
VAR91,3023,Q1
VAR91,3024,Q1
VAR91,3025,Q1
VAR91,3026,Q1
VAR91,3027,Q1
VAR91,3028,Q1
VAR91,3029,Q1
VAR91,3031,Q1
VAR91,3032,Q1
VAR91,3033,Q1
VAR91,3034,Q1
VAR91,3035,Q1
VAR91,3036,Q1
VAR91,3037,Q1
VAR91,3038,Q1
VAR91,3039,Q1
VAR91,3040,Q1
VAR91,3041,Q1
VAR91,3043,Q1
VAR91,3044,Q1
VAR91,3045,Q1
VAR91,3046,Q1
VAR91,3047,Q1
VAR91,3048,Q1
VAR91,3049,Q1
VAR91,3050,NA
VAR91,3052,Q1
VAR91,3053,Q1
VAR91,3054,Q1
VAR91,3055,Q1
VAR91,3056,Q1
VAR91,3058,Q1
VAR91,3059,Q1
VAR91,3060,Q1
VAR91,3061,Q1
VAR91,3062,Q1
VAR91,3063,Q1
VAR91,3065,Q1
VAR91,3066,Q1
VAR91,3067,Q1
VAR91,3068,Q1
VAR91,3069,Q1
VAR91,3070,Q1
VAR91,3071,NA
VAR91,3072,Q1
VAR91,3073,Q1
VAR91,3075,Q1
VAR91,3074,Q1
VAR91,3076,Q1
VAR91,3077,Q1
VAR91,3078,Q1
VAR91,3079,Q1
VAR91,3080,Q1
VAR91,3081,Q1
VAR91,3082,Q1
VAR91,3083,Q1
VAR91,3085,Q1
VAR91,3086,Q1
VAR91,3087,Q1
VAR91,3088,Q1
VAR91,3089,Q1
VAR91,3090,Q1
VAR91,3091,Q1
VAR91,3092,Q1
VAR91,3093,Q1
VAR91,3094,Q1
VAR91,3095,Q1
VAR91,3097,Q1
VAR91,3098,Q1
VAR91,3099,Q1
VAR91,3100,Q1
VAR91,3101,Q1
VAR91,3102,Q1
VAR91,3103,Q1
VAR91,3104,Q1
VAR91,3105,Q1
VAR91,3106,Q1
VAR91,3107,Q1
VAR91,3108,Q1
VAR91,3109,Q1
VAR91,3110,Q1
VAR91,3111,Q1
VAR91,3112,Q1
VAR91,3113,Q1
VAR91,3114,Q1
VAR91,3115,Q1
VAR91,3116,Q1
VAR91,3117,Q1
VAR93,3002,Q1
VAR93,3003,Q1
VAR93,3004,Q1
VAR93,3005,Q1
VAR93,3007,Q1
VAR93,3008,Q1
VAR93,3009,Q1
VAR93,3010,Q1
VAR93,3011,Q1
VAR93,3012,Q1
VAR93,3013,Q1
VAR93,3014,Q1
VAR93,3015,Q1
VAR93,3016,Q1
VAR93,3017,Q1
VAR93,3018,Q1
VAR93,3020,Q1
VAR93,3021,Q1
VAR93,3022,Q1
VAR93,3023,Q1
VAR93,3024,Q1
VAR93,3025,Q1
VAR93,3026,Q1
VAR93,3027,Q1
VAR93,3028,Q1
VAR93,3029,Q1
VAR93,3031,Q1
VAR93,3032,Q1
VAR93,3033,Q1
VAR93,3034,Q1
VAR93,3035,Q1
VAR93,3036,Q1
VAR93,3037,Q1
VAR93,3038,Q1
VAR93,3039,Q1
VAR93,3040,Q1
VAR93,3041,Q1
VAR93,3043,Q1
VAR93,3044,Q1
VAR93,3045,Q1
VAR93,3046,Q1
VAR93,3047,Q1
VAR93,3048,Q1
VAR93,3049,Q1
VAR93,3050,NA
VAR93,3052,Q1
VAR93,3053,Q1
VAR93,3054,Q1
VAR93,3055,Q1
VAR93,3056,Q1
VAR93,3058,Q1
VAR93,3059,Q1
VAR93,3060,Q1
VAR93,3061,Q1
VAR93,3062,Q1
VAR93,3063,Q1
VAR93,3065,Q1
VAR93,3066,Q1
VAR93,3067,Q1
VAR93,3068,Q1
VAR93,3069,Q1
VAR93,3070,Q1
VAR93,3071,NA
VAR93,3072,Q1
VAR93,3073,Q1
VAR93,3075,Q1
VAR93,3074,Q1
VAR93,3076,Q1
VAR93,3077,Q1
VAR93,3078,Q1
VAR93,3079,Q1
VAR93,3080,Q1
VAR93,3081,Q1
VAR93,3082,Q1
VAR93,3083,Q1
VAR93,3085,Q1
VAR93,3086,Q1
VAR93,3087,Q1
VAR93,3088,Q1
VAR93,3089,Q1
VAR93,3090,Q1
VAR93,3091,Q1
VAR93,3092,Q1
VAR93,3093,Q1
VAR93,3094,Q1
VAR93,3095,Q1
VAR93,3097,Q1
VAR93,3098,Q1
VAR93,3099,Q1
VAR93,3100,Q1
VAR93,3101,Q1
VAR93,3102,Q1
VAR93,3103,Q1
VAR93,3104,Q1
VAR93,3105,Q1
VAR93,3106,Q1
VAR93,3107,Q1
VAR93,3108,Q1
VAR93,3109,Q1
VAR93,3110,Q1
VAR93,3111,Q1
VAR93,3112,Q1
VAR93,3113,Q1
VAR93,3114,Q1
VAR93,3115,Q1
VAR93,3116,Q1
VAR93,3117,Q1
VAR94,3002,Q1
VAR94,3003,Q1
VAR94,3004,Q1
VAR94,3005,Q1
VAR94,3007,Q1
VAR94,3008,Q1
VAR94,3009,Q1
VAR94,3010,Q1
VAR94,3011,Q1
VAR94,3012,Q1
VAR94,3013,Q1
VAR94,3014,Q1
VAR94,3015,Q1
VAR94,3016,Q1
VAR94,3017,Q1
VAR94,3018,Q1
VAR94,3020,Q1
VAR94,3021,Q1
VAR94,3022,Q1
VAR94,3023,Q1
VAR94,3024,Q1
VAR94,3025,Q1
VAR94,3026,Q1
VAR94,3027,Q1
VAR94,3028,Q1
VAR94,3029,Q1
VAR94,3031,Q1
VAR94,3032,Q1
VAR94,3033,Q1
VAR94,3034,Q1
VAR94,3035,Q1
VAR94,3036,Q1
VAR94,3037,Q1
VAR94,3038,Q1
VAR94,3039,Q1
VAR94,3040,Q1
VAR94,3041,Q1
VAR94,3043,Q1
VAR94,3044,Q1
VAR94,3045,Q1
VAR94,3046,Q1
VAR94,3047,Q1
VAR94,3048,Q1
VAR94,3049,Q1
VAR94,3050,NA
VAR94,3052,Q1
VAR94,3053,Q1
VAR94,3054,Q1
VAR94,3055,Q1
VAR94,3056,Q1
VAR94,3058,Q1
VAR94,3059,Q1
VAR94,3060,Q1
VAR94,3061,Q1
VAR94,3062,Q1
VAR94,3063,Q1
VAR94,3065,Q1
VAR94,3066,Q1
VAR94,3067,Q1
VAR94,3068,Q1
VAR94,3069,Q1
VAR94,3070,Q1
VAR94,3071,NA
VAR94,3072,Q1
VAR94,3073,Q1
VAR94,3075,Q1
VAR94,3074,Q1
VAR94,3076,Q1
VAR94,3077,Q1
VAR94,3078,Q1
VAR94,3079,Q1
VAR94,3080,Q1
VAR94,3081,Q1
VAR94,3082,Q1
VAR94,3083,Q1
VAR94,3085,Q1
VAR94,3086,Q1
VAR94,3087,Q1
VAR94,3088,Q1
VAR94,3089,Q1
VAR94,3090,Q1
VAR94,3091,Q1
VAR94,3092,Q1
VAR94,3093,Q1
VAR94,3094,Q1
VAR94,3095,Q1
VAR94,3097,Q1
VAR94,3098,Q1
VAR94,3099,Q1
VAR94,3100,Q1
VAR94,3101,Q1
VAR94,3102,Q1
VAR94,3103,Q1
VAR94,3104,Q1
VAR94,3105,Q1
VAR94,3106,Q1
VAR94,3107,Q1
VAR94,3108,Q1
VAR94,3109,Q1
VAR94,3110,Q1
VAR94,3111,Q1
VAR94,3112,Q1
VAR94,3113,Q1
VAR94,3114,Q1
VAR94,3115,Q1
VAR94,3116,Q1
VAR94,3117,Q1
VAR96,3002,Q1
VAR96,3003,Q1
VAR96,3004,Q1
VAR96,3005,Q1
VAR96,3007,Q1
VAR96,3008,Q1
VAR96,3009,Q1
VAR96,3010,Q1
VAR96,3011,Q1
VAR96,3012,Q1
VAR96,3013,Q1
VAR96,3014,Q1
VAR96,3015,Q1
VAR96,3016,Q1
VAR96,3017,Q1
VAR96,3018,Q1
VAR96,3020,Q1
VAR96,3021,Q1
VAR96,3022,Q1
VAR96,3023,Q1
VAR96,3024,Q1
VAR96,3025,Q1
VAR96,3026,Q1
VAR96,3027,Q1
VAR96,3028,Q1
VAR96,3029,Q1
VAR96,3031,Q1
VAR96,3032,Q1
VAR96,3033,Q1
VAR96,3034,Q1
VAR96,3035,Q1
VAR96,3036,Q1
VAR96,3037,Q1
VAR96,3038,Q1
VAR96,3039,Q1
VAR96,3040,Q1
VAR96,3041,Q1
VAR96,3043,Q1
VAR96,3044,Q1
VAR96,3045,Q1
VAR96,3046,Q1
VAR96,3047,Q1
VAR96,3048,Q1
VAR96,3049,Q1
VAR96,3050,Q1
VAR96,3052,Q1
VAR96,3053,Q1
VAR96,3054,Q1
VAR96,3055,Q1
VAR96,3056,Q1
VAR96,3058,Q1
VAR96,3059,Q1
VAR96,3060,Q1
VAR96,3061,Q1
VAR96,3062,Q1
VAR96,3063,Q1
VAR96,3065,Q1
VAR96,3066,Q1
VAR96,3067,Q1
VAR96,3068,Q1
VAR96,3069,Q1
VAR96,3070,Q1
VAR96,3071,Q1
VAR96,3072,Q1
VAR96,3073,Q1
VAR96,3075,Q1
VAR96,3074,Q1
VAR96,3076,Q1
VAR96,3077,Q1
VAR96,3078,Q1
VAR96,3079,Q1
VAR96,3080,Q1
VAR96,3081,Q1
VAR96,3082,Q1
VAR96,3083,Q1
VAR96,3085,Q1
VAR96,3086,Q1
VAR96,3087,Q1
VAR96,3088,Q1
VAR96,3089,Q1
VAR96,3090,Q1
VAR96,3091,Q1
VAR96,3092,Q1
VAR96,3093,Q1
VAR96,3094,Q1
VAR96,3095,Q1
VAR96,3097,Q1
VAR96,3098,Q1
VAR96,3099,Q1
VAR96,3100,Q1
VAR96,3101,Q1
VAR96,3102,Q1
VAR96,3103,Q1
VAR96,3104,Q1
VAR96,3105,Q1
VAR96,3106,Q1
VAR96,3107,Q1
VAR96,3108,Q1
VAR96,3109,Q1
VAR96,3110,Q1
VAR96,3111,Q1
VAR96,3112,Q1
VAR96,3113,Q1
VAR96,3114,Q1
VAR96,3115,Q1
VAR96,3116,Q1
VAR96,3117,Q1
VAR98,3002,Q1
VAR98,3003,Q1
VAR98,3004,Q1
VAR98,3005,Q1
VAR98,3007,Q1
VAR98,3008,Q1
VAR98,3009,Q1
VAR98,3010,Q1
VAR98,3011,Q1
VAR98,3012,Q1
VAR98,3013,Q1
VAR98,3014,Q1
VAR98,3015,Q1
VAR98,3016,Q1
VAR98,3017,Q1
VAR98,3018,Q1
VAR98,3020,Q1
VAR98,3021,Q1
VAR98,3022,Q1
VAR98,3023,Q1
VAR98,3024,Q1
VAR98,3025,Q1
VAR98,3026,Q1
VAR98,3027,Q1
VAR98,3028,Q1
VAR98,3029,Q1
VAR98,3031,Q1
VAR98,3032,Q1
VAR98,3033,Q1
VAR98,3034,Q1
VAR98,3035,Q1
VAR98,3036,Q1
VAR98,3037,Q1
VAR98,3038,Q1
VAR98,3039,Q1
VAR98,3040,Q1
VAR98,3041,Q1
VAR98,3043,Q1
VAR98,3044,Q1
VAR98,3045,Q1
VAR98,3046,Q1
VAR98,3047,Q1
VAR98,3048,Q1
VAR98,3049,Q1
VAR98,3050,Q1
VAR98,3052,Q1
VAR98,3053,Q1
VAR98,3054,Q1
VAR98,3055,Q1
VAR98,3056,Q1
VAR98,3058,Q1
VAR98,3059,Q1
VAR98,3060,Q1
VAR98,3061,Q1
VAR98,3062,Q1
VAR98,3063,Q1
VAR98,3065,Q1
VAR98,3066,Q1
VAR98,3067,Q1
VAR98,3068,Q1
VAR98,3069,Q1
VAR98,3070,Q1
VAR98,3071,Q1
VAR98,3072,Q1
VAR98,3073,Q1
VAR98,3075,Q1
VAR98,3074,Q1
VAR98,3076,Q1
VAR98,3077,Q1
VAR98,3078,Q1
VAR98,3079,Q1
VAR98,3080,Q1
VAR98,3081,Q1
VAR98,3082,Q1
VAR98,3083,Q1
VAR98,3085,Q1
VAR98,3086,Q1
VAR98,3087,Q1
VAR98,3088,Q1
VAR98,3089,Q1
VAR98,3090,Q1
VAR98,3091,Q1
VAR98,3092,Q1
VAR98,3093,Q1
VAR98,3094,Q1
VAR98,3095,Q1
VAR98,3097,Q1
VAR98,3098,Q1
VAR98,3099,Q1
VAR98,3100,Q1
VAR98,3101,Q1
VAR98,3102,Q1
VAR98,3103,Q1
VAR98,3104,Q1
VAR98,3105,Q1
VAR98,3106,Q1
VAR98,3107,Q1
VAR98,3108,Q1
VAR98,3109,Q1
VAR98,3110,Q1
VAR98,3111,Q1
VAR98,3112,Q1
VAR98,3113,Q1
VAR98,3114,Q1
VAR98,3115,Q1
VAR98,3116,Q1
VAR98,3117,Q1
VAR5,3002,Q2
VAR5,3003,Q2
VAR5,3004,Q2
VAR5,3005,Q2
VAR5,3007,Q2
VAR5,3008,Q2
VAR5,3009,Q2
VAR5,3010,Q2
VAR5,3011,Q2
VAR5,3012,Q2
VAR5,3013,Q2
VAR5,3014,Q2
VAR5,3015,Q2
VAR5,3016,Q2
VAR5,3017,Q2
VAR5,3018,Q2
VAR5,3020,Q2
VAR5,3021,Q2
VAR5,3022,Q2
VAR5,3023,Q2
VAR5,3024,Q2
VAR5,3025,Q2
VAR5,3026,Q2
VAR5,3027,Q2
VAR5,3028,Q2
VAR5,3029,Q2
VAR5,3031,Q3
VAR5,3032,Q2
VAR5,3033,Q2
VAR5,3034,Q2
VAR5,3035,Q2
VAR5,3036,Q2
VAR5,3037,Q2
VAR5,3038,Q2
VAR5,3039,Q2
VAR5,3040,Q2
VAR5,3041,Q2
VAR5,3043,Q2
VAR5,3044,Q2
VAR5,3045,Q2
VAR5,3046,Q2
VAR5,3047,Q2
VAR5,3048,Q2
VAR5,3049,Q2
VAR5,3050,Q1
VAR5,3052,Q2
VAR5,3053,Q2
VAR5,3054,Q2
VAR5,3055,Q2
VAR5,3056,Q2
VAR5,3058,Q2
VAR5,3059,Q2
VAR5,3060,Q2
VAR5,3061,Q2
VAR5,3062,Q1
VAR5,3063,Q2
VAR5,3065,Q2
VAR5,3066,Q2
VAR5,3067,Q2
VAR5,3068,Q2
VAR5,3069,Q2
VAR5,3070,Q2
VAR5,3071,Q2
VAR5,3072,Q3
VAR5,3073,Q2
VAR5,3075,Q2
VAR5,3074,Q2
VAR5,3076,Q2
VAR5,3077,Q2
VAR5,3078,Q2
VAR5,3079,Q2
VAR5,3080,Q2
VAR5,3081,Q2
VAR5,3082,Q2
VAR5,3083,Q2
VAR5,3085,Q2
VAR5,3086,Q2
VAR5,3087,Q2
VAR5,3088,Q2
VAR5,3089,Q2
VAR5,3090,Q2
VAR5,3091,Q2
VAR5,3092,Q2
VAR5,3093,Q2
VAR5,3094,Q2
VAR5,3095,Q2
VAR5,3097,Q2
VAR5,3098,Q2
VAR5,3099,Q2
VAR5,3100,Q2
VAR5,3101,Q2
VAR5,3102,Q2
VAR5,3103,Q2
VAR5,3104,Q2
VAR5,3105,Q2
VAR5,3106,Q2
VAR5,3107,Q2
VAR5,3108,Q2
VAR5,3109,Q2
VAR5,3110,Q2
VAR5,3111,Q2
VAR5,3112,Q2
VAR5,3113,Q3
VAR5,3114,Q2
VAR5,3115,Q2
VAR5,3116,Q2
VAR5,3117,Q2
VAR4,3002,Q2
VAR4,3003,Q2
VAR4,3004,Q2
VAR4,3005,Q2
VAR4,3007,Q2
VAR4,3008,Q2
VAR4,3009,Q2
VAR4,3010,Q2
VAR4,3011,Q2
VAR4,3012,Q2
VAR4,3013,Q2
VAR4,3014,Q2
VAR4,3015,Q2
VAR4,3016,Q2
VAR4,3017,Q2
VAR4,3018,Q2
VAR4,3020,Q2
VAR4,3021,Q2
VAR4,3022,Q2
VAR4,3023,Q2
VAR4,3024,Q2
VAR4,3025,Q2
VAR4,3026,Q2
VAR4,3027,Q2
VAR4,3028,Q2
VAR4,3029,Q2
VAR4,3031,Q3
VAR4,3032,Q2
VAR4,3033,Q2
VAR4,3034,Q2
VAR4,3035,Q2
VAR4,3036,Q2
VAR4,3037,Q2
VAR4,3038,Q2
VAR4,3039,Q2
VAR4,3040,Q2
VAR4,3041,Q2
VAR4,3043,Q2
VAR4,3044,Q2
VAR4,3045,Q2
VAR4,3046,Q2
VAR4,3047,Q2
VAR4,3048,Q2
VAR4,3049,Q2
VAR4,3050,Q2
VAR4,3052,Q2
VAR4,3053,Q2
VAR4,3054,Q2
VAR4,3055,Q2
VAR4,3056,Q2
VAR4,3058,Q2
VAR4,3059,Q2
VAR4,3060,Q2
VAR4,3061,Q2
VAR4,3062,Q2
VAR4,3063,Q2
VAR4,3065,Q2
VAR4,3066,Q2
VAR4,3067,Q2
VAR4,3068,Q2
VAR4,3069,Q2
VAR4,3070,Q2
VAR4,3071,Q2
VAR4,3072,Q3
VAR4,3073,Q2
VAR4,3075,Q2
VAR4,3074,Q2
VAR4,3076,Q2
VAR4,3077,Q2
VAR4,3078,Q2
VAR4,3079,Q2
VAR4,3080,Q2
VAR4,3081,Q2
VAR4,3082,Q2
VAR4,3083,Q2
VAR4,3085,Q2
VAR4,3086,Q2
VAR4,3087,Q2
VAR4,3088,Q2
VAR4,3089,Q2
VAR4,3090,Q2
VAR4,3091,Q2
VAR4,3092,Q2
VAR4,3093,Q2
VAR4,3094,Q2
VAR4,3095,Q2
VAR4,3097,Q2
VAR4,3098,Q2
VAR4,3099,Q2
VAR4,3100,Q2
VAR4,3101,Q2
VAR4,3102,Q2
VAR4,3103,Q2
VAR4,3104,Q2
VAR4,3105,Q2
VAR4,3106,Q2
VAR4,3107,Q2
VAR4,3108,Q2
VAR4,3109,Q2
VAR4,3110,Q2
VAR4,3111,Q2
VAR4,3112,Q2
VAR4,3113,Q2
VAR4,3114,Q2
VAR4,3115,Q2
VAR4,3116,Q2
VAR4,3117,Q2
VAR11,3002,Q5
VAR11,3003,Q5
VAR11,3004,Q5
VAR11,3005,Q5
VAR11,3007,Q5
VAR11,3008,Q5
VAR11,3009,Q5
VAR11,3010,Q5
VAR11,3011,Q5
VAR11,3012,Q5
VAR11,3013,Q5
VAR11,3014,Q5
VAR11,3015,Q5
VAR11,3016,Q5
VAR11,3017,Q5
VAR11,3018,Q5
VAR11,3020,Q5
VAR11,3021,Q5
VAR11,3022,Q5
VAR11,3023,Q5
VAR11,3024,Q5
VAR11,3025,Q5
VAR11,3026,Q5
VAR11,3027,Q5
VAR11,3028,Q5
VAR11,3029,Q5
VAR11,3031,Q5
VAR11,3032,Q5
VAR11,3033,Q5
VAR11,3034,Q5
VAR11,3035,Q5
VAR11,3036,Q5
VAR11,3037,Q5
VAR11,3038,Q5
VAR11,3039,Q5
VAR11,3040,Q5
VAR11,3041,Q5
VAR11,3043,Q5
VAR11,3044,Q5
VAR11,3045,Q5
VAR11,3046,Q5
VAR11,3047,Q5
VAR11,3048,Q5
VAR11,3049,Q5
VAR11,3050,NA
VAR11,3052,Q5
VAR11,3053,Q5
VAR11,3054,Q5
VAR11,3055,Q5
VAR11,3056,Q5
VAR11,3058,Q5
VAR11,3059,Q5
VAR11,3060,Q5
VAR11,3061,Q5
VAR11,3062,Q5
VAR11,3063,Q5
VAR11,3065,Q5
VAR11,3066,Q5
VAR11,3067,Q5
VAR11,3068,Q5
VAR11,3069,Q5
VAR11,3070,Q5
VAR11,3071,Q5
VAR11,3072,Q5
VAR11,3073,Q5
VAR11,3075,Q5
VAR11,3074,Q5
VAR11,3076,Q5
VAR11,3077,Q5
VAR11,3078,Q5
VAR11,3079,Q5
VAR11,3080,Q5
VAR11,3081,Q5
VAR11,3082,Q5
VAR11,3083,Q5
VAR11,3085,Q5
VAR11,3086,Q5
VAR11,3087,Q5
VAR11,3088,Q5
VAR11,3089,Q5
VAR11,3090,Q5
VAR11,3091,Q5
VAR11,3092,Q5
VAR11,3093,Q5
VAR11,3094,Q5
VAR11,3095,Q5
VAR11,3097,Q5
VAR11,3098,Q5
VAR11,3099,Q5
VAR11,3100,Q5
VAR11,3101,Q5
VAR11,3102,Q5
VAR11,3103,Q5
VAR11,3104,Q5
VAR11,3105,Q5
VAR11,3106,Q5
VAR11,3107,Q5
VAR11,3108,Q5
VAR11,3109,Q5
VAR11,3110,Q5
VAR11,3111,Q5
VAR11,3112,Q5
VAR11,3113,Q5
VAR11,3114,Q5
VAR11,3115,Q5
VAR11,3116,Q5
VAR11,3117,Q5
VAR13,3002,Q5
VAR13,3003,Q5
VAR13,3004,Q5
VAR13,3005,Q5
VAR13,3007,Q5
VAR13,3008,Q5
VAR13,3009,Q5
VAR13,3010,Q5
VAR13,3011,Q5
VAR13,3012,Q5
VAR13,3013,Q5
VAR13,3014,Q5
VAR13,3015,Q5
VAR13,3016,Q5
VAR13,3017,Q5
VAR13,3018,Q5
VAR13,3020,Q5
VAR13,3021,Q5
VAR13,3022,Q5
VAR13,3023,Q5
VAR13,3024,Q5
VAR13,3025,Q5
VAR13,3026,Q5
VAR13,3027,Q5
VAR13,3028,Q5
VAR13,3029,Q5
VAR13,3031,Q5
VAR13,3032,Q5
VAR13,3033,Q5
VAR13,3034,Q5
VAR13,3035,Q5
VAR13,3036,Q5
VAR13,3037,Q5
VAR13,3038,Q5
VAR13,3039,Q5
VAR13,3040,Q5
VAR13,3041,Q5
VAR13,3043,Q5
VAR13,3044,Q5
VAR13,3045,Q5
VAR13,3046,Q5
VAR13,3047,Q5
VAR13,3048,Q5
VAR13,3049,Q5
VAR13,3050,NA
VAR13,3052,Q5
VAR13,3053,Q5
VAR13,3054,Q5
VAR13,3055,Q5
VAR13,3056,Q5
VAR13,3058,Q5
VAR13,3059,Q5
VAR13,3060,Q5
VAR13,3061,Q5
VAR13,3062,Q5
VAR13,3063,Q5
VAR13,3065,Q5
VAR13,3066,Q5
VAR13,3067,Q5
VAR13,3068,Q5
VAR13,3069,Q5
VAR13,3070,Q5
VAR13,3071,Q5
VAR13,3072,Q5
VAR13,3073,Q5
VAR13,3075,Q5
VAR13,3074,Q5
VAR13,3076,Q5
VAR13,3077,Q5
VAR13,3078,Q5
VAR13,3079,Q5
VAR13,3080,Q5
VAR13,3081,Q5
VAR13,3082,Q5
VAR13,3083,Q5
VAR13,3085,Q5
VAR13,3086,Q5
VAR13,3087,Q5
VAR13,3088,Q5
VAR13,3089,Q5
VAR13,3090,Q5
VAR13,3091,Q5
VAR13,3092,Q5
VAR13,3093,Q5
VAR13,3094,Q5
VAR13,3095,Q5
VAR13,3097,Q5
VAR13,3098,Q5
VAR13,3099,Q5
VAR13,3100,Q5
VAR13,3101,Q5
VAR13,3102,Q5
VAR13,3103,Q5
VAR13,3104,Q5
VAR13,3105,Q5
VAR13,3106,Q5
VAR13,3107,Q5
VAR13,3108,Q5
VAR13,3109,Q5
VAR13,3110,Q5
VAR13,3111,Q5
VAR13,3112,Q5
VAR13,3113,Q5
VAR13,3114,Q5
VAR13,3115,Q5
VAR13,3116,Q5
VAR13,3117,Q5
VAR15,3002,Q5
VAR15,3003,Q5
VAR15,3004,Q5
VAR15,3005,Q5
VAR15,3007,Q5
VAR15,3008,Q5
VAR15,3009,Q5
VAR15,3010,Q5
VAR15,3011,Q5
VAR15,3012,Q5
VAR15,3013,Q5
VAR15,3014,Q5
VAR15,3015,Q5
VAR15,3016,Q5
VAR15,3017,Q5
VAR15,3018,Q5
VAR15,3020,Q5
VAR15,3021,Q5
VAR15,3022,Q5
VAR15,3023,Q5
VAR15,3024,Q5
VAR15,3025,Q5
VAR15,3026,Q5
VAR15,3027,Q5
VAR15,3028,Q5
VAR15,3029,Q5
VAR15,3031,Q5
VAR15,3032,Q5
VAR15,3033,Q5
VAR15,3034,Q5
VAR15,3035,Q5
VAR15,3036,Q5
VAR15,3037,Q5
VAR15,3038,Q5
VAR15,3039,Q5
VAR15,3040,Q5
VAR15,3041,Q5
VAR15,3043,Q5
VAR15,3044,Q5
VAR15,3045,Q5
VAR15,3046,Q5
VAR15,3047,Q5
VAR15,3048,Q5
VAR15,3049,Q5
VAR15,3050,NA
VAR15,3052,Q5
VAR15,3053,Q5
VAR15,3054,Q5
VAR15,3055,Q5
VAR15,3056,Q5
VAR15,3058,Q5
VAR15,3059,Q5
VAR15,3060,Q5
VAR15,3061,Q5
VAR15,3062,Q5
VAR15,3063,Q5
VAR15,3065,Q5
VAR15,3066,Q5
VAR15,3067,Q5
VAR15,3068,Q5
VAR15,3069,Q5
VAR15,3070,Q5
VAR15,3071,Q5
VAR15,3072,Q5
VAR15,3073,Q5
VAR15,3075,Q5
VAR15,3074,Q5
VAR15,3076,Q5
VAR15,3077,Q5
VAR15,3078,Q5
VAR15,3079,Q5
VAR15,3080,Q5
VAR15,3081,Q5
VAR15,3082,Q5
VAR15,3083,Q5
VAR15,3085,Q5
VAR15,3086,Q5
VAR15,3087,Q5
VAR15,3088,Q5
VAR15,3089,Q5
VAR15,3090,Q5
VAR15,3091,Q5
VAR15,3092,Q5
VAR15,3093,Q5
VAR15,3094,Q5
VAR15,3095,Q5
VAR15,3097,Q5
VAR15,3098,Q5
VAR15,3099,Q5
VAR15,3100,Q5
VAR15,3101,Q5
VAR15,3102,Q5
VAR15,3103,Q5
VAR15,3104,Q5
VAR15,3105,Q5
VAR15,3106,Q5
VAR15,3107,Q5
VAR15,3108,Q5
VAR15,3109,Q5
VAR15,3110,Q5
VAR15,3111,Q5
VAR15,3112,Q5
VAR15,3113,Q5
VAR15,3114,Q5
VAR15,3115,Q5
VAR15,3116,Q5
VAR15,3117,Q5
VAR16,3002,Q5
VAR16,3003,Q5
VAR16,3004,Q5
VAR16,3005,Q5
VAR16,3007,Q5
VAR16,3008,Q5
VAR16,3009,Q5
VAR16,3010,Q5
VAR16,3011,Q5
VAR16,3012,Q5
VAR16,3013,Q5
VAR16,3014,Q5
VAR16,3015,Q5
VAR16,3016,Q5
VAR16,3017,Q5
VAR16,3018,Q5
VAR16,3020,Q5
VAR16,3021,Q5
VAR16,3022,Q5
VAR16,3023,Q5
VAR16,3024,Q5
VAR16,3025,Q5
VAR16,3026,Q5
VAR16,3027,Q5
VAR16,3028,Q5
VAR16,3029,Q5
VAR16,3031,Q5
VAR16,3032,Q5
VAR16,3033,Q5
VAR16,3034,Q5
VAR16,3035,Q5
VAR16,3036,Q5
VAR16,3037,Q5
VAR16,3038,Q5
VAR16,3039,Q5
VAR16,3040,Q5
VAR16,3041,Q5
VAR16,3043,Q5
VAR16,3044,Q5
VAR16,3045,Q5
VAR16,3046,Q5
VAR16,3047,Q5
VAR16,3048,Q5
VAR16,3049,Q5
VAR16,3050,NA
VAR16,3052,Q5
VAR16,3053,Q5
VAR16,3054,Q5
VAR16,3055,Q5
VAR16,3056,Q5
VAR16,3058,Q5
VAR16,3059,Q5
VAR16,3060,Q5
VAR16,3061,Q5
VAR16,3062,Q5
VAR16,3063,Q5
VAR16,3065,Q5
VAR16,3066,Q5
VAR16,3067,Q5
VAR16,3068,Q5
VAR16,3069,Q5
VAR16,3070,Q5
VAR16,3071,Q5
VAR16,3072,Q5
VAR16,3073,Q5
VAR16,3075,Q5
VAR16,3074,Q5
VAR16,3076,Q5
VAR16,3077,Q5
VAR16,3078,Q5
VAR16,3079,Q5
VAR16,3080,Q5
VAR16,3081,Q5
VAR16,3082,Q5
VAR16,3083,Q5
VAR16,3085,Q5
VAR16,3086,Q5
VAR16,3087,Q5
VAR16,3088,Q5
VAR16,3089,Q5
VAR16,3090,Q5
VAR16,3091,Q5
VAR16,3092,Q5
VAR16,3093,Q5
VAR16,3094,Q5
VAR16,3095,Q5
VAR16,3097,Q5
VAR16,3098,Q5
VAR16,3099,Q5
VAR16,3100,Q5
VAR16,3101,Q5
VAR16,3102,Q5
VAR16,3103,Q5
VAR16,3104,Q5
VAR16,3105,Q5
VAR16,3106,Q5
VAR16,3107,Q5
VAR16,3108,Q5
VAR16,3109,Q5
VAR16,3110,Q5
VAR16,3111,Q5
VAR16,3112,Q5
VAR16,3113,Q5
VAR16,3114,Q5
VAR16,3115,Q5
VAR16,3116,Q5
VAR16,3117,Q5
