Var_Name_clean,Percent of people attached to a primary care physician,Percent of people uncertainly attached to a primary care physician,Number of crimes against the person,Number of property crimes,Number of other crimes,Number of total crimes,Number of crimes against the person per 1000 people (plus 50m buffer),Number of property crimes per 1000 people (plus 50m buffer),Number of other crimes per 1000 people (plus 50m buffer),Number of total crimes per 1000 people (plus 50m buffer),Mean walk score,Mean bike score,SES index rank order,SES index decile,SES index quintile,Percent tree canopy coverage,Percent of residential area covered in parkland,Pedestrian network density (km per km squared),Cycling network density (km per km squared),Trail network density (km per km squared),Number of residents within a 15-minute walk of a CHC,Percent of residents within a 15-minute walk of a CHC,Average distance to the nearest CHC (km),Total population (2021),Number of private dwellings,Number of households,Number of supermarkets,Number of supermarkets per 1000 people (plus 50m buffer),Average distance to closest three supermarkets (population-weighted),Percent of population within a 15-minute walk of a supermarket,Number of grocery stores (incl. supermarkets),Number of grocery stores (incl. supermarkets) per 1000 people (plus 50m buffer),"Average distance to closest three grocery stores (incl. supermarkets, population-weighted)",Percent of population within a 15-minute walk of a grocery store (incl. supermarkets),Number of convenience stores,Number of convenience stores per 1000 people (plus 50m buffer),Average distance to closest three convenience stores (population-weighted),Percent of population within a 15-minute walk of a convenience store,Number of fast food restaurants,Number of fast food restaurants per 1000 people (plus 50m buffer),Average distance to closest three fast food restaurants (population-weighted),Percent of population within a 15-minute walk of a fast food restaurant,Number of restaurants,Number of restaurants per 1000 people (plus 50m buffer),Average distance to closest three restaurants (population-weighted),Percent of population within a 15-minute walk of a restaurant,Number of specialty food stores,Number of specialty food stores per 1000 people (plus 50m buffer),Average distance to closest three specialty food stores (population-weighted),Percent of population within a 15-minute walk of a specialty food store,Number of mental health counselling services,Number of mental health counselling services per 1000 people (plus 50m buffer),Average distance to closest three mental health counselling services (population-weighted),Average distance to closest five mental health counselling services (population-weighted),Number of mental health services,Number of mental health services per 1000 people (plus 50m buffer),Average distance to closest mental health service (population-weighted),Average distance to closest three mental health services (population-weighted),Average distance to closest five mental health services (population-weighted),Number of support groups,Number of support groups per 1000 people (plus 50m buffer),Average distance to closest five support groups (population-weighted),Average distance to closest ten support groups (population-weighted),Number of cannabis stores,Number of cannabis stores per 1000 people (plus 50m buffer),Average distance to closest three cannabis stores (population-weighted),Percent of population within a 15-minute walk of a cannabis store,Number of moneylenders,Number of moneylenders per 1000 people (plus 50m buffer),Average distance to closest three moneylenders (population-weighted),Percent of population within a 15-minute walk of a moneylender
type 1,Percentage 1,Percentage 1,Count,Count,Count,Count,Rate,Rate,Rate,Rate,Average,Average,Rank,Rank,Rank,Percentage 1,Percentage 1,Rate,Rate,Rate,Count,Percentage 1,Average distance,Count,Count,Count,Count,Rate,Average distance,Percentage 2,Count,Rate,Average distance,Percentage 2,Count,Rate,Average distance,Percentage 2,Count,Rate,Average distance,Percentage 2,Count,Rate,Average distance,Percentage 2,Count,Rate,Average distance,Percentage 2,Count,Rate,Average distance,Average distance,Count,Rate,Average distance,Average distance,Average distance,Count,Rate,Average distance,Average distance,Count,Rate,Average distance,Percentage 2,Count,Rate,Average distance,Percentage 2
type 2,of population,of population,Number,Number,Number,Number,per 1000,per 1000,per 1000,per 1000,Average,Average,Rank order,Decile,Quintile,area coverage,area coverage,km per km2,km per km2,km per km2,Within 15 min,Within 15 min,to nearest,Number,Number,Number,Number,per 1000,to nearest 3,Within 15 min,Number,per 1000,to nearest 3,Within 15 min,Number,per 1000,to nearest 3,Within 15 min,Number,per 1000,to nearest 3,Within 15 min,Number,per 1000,to nearest 3,Within 15 min,Number,per 1000,to nearest 3,Within 15 min,Number,per 1000,to nearest 3,to nearest 5,Number,per 1000,to nearest 1,to nearest 3,to nearest 5,Number,per 1000,to nearest 5,to nearest 10,Number,per 1000,to nearest 3,Within 15 min,Number,per 1000,to nearest 3,Within 15 min
cat,Primary care attachment,Primary care attachment,Crime and safety,Crime and safety,Crime and safety,Crime and safety,Crime and safety,Crime and safety,Crime and safety,Crime and safety,Transportation,Transportation,SES index,SES index,SES index,Environment,Environment,Transport networks,Transport networks,Transport networks,CHC access,CHC access,CHC access,General demographics,General demographics,General demographics,Food environment,Food environment,Food environment,Food environment,Food environment,Food environment,Food environment,Food environment,Food environment,Food environment,Food environment,Food environment,Food environment,Food environment,Food environment,Food environment,Food environment,Food environment,Food environment,Food environment,Food environment,Food environment,Food environment,Food environment,Mental health supports,Mental health supports,Mental health supports,Mental health supports,Mental health supports,Mental health supports,Mental health supports,Mental health supports,Mental health supports,Mental health supports,Mental health supports,Mental health supports,Mental health supports,Cannabis stores,Cannabis stores,Cannabis stores,Cannabis stores,Moneylenders,Moneylenders,Moneylenders,Moneylenders
Quintilable,yes,yes,no,no,no,no,yes,yes,yes,yes,yes,yes,no,no,no,yes,yes,yes,yes,yes,no,no,yes,no,no,no,no,no,yes,yes,no,no,yes,yes,no,yes,yes,yes,no,yes,yes,no,no,yes,yes,no,no,no,yes,yes,no,no,yes,yes,no,no,yes,yes,yes,no,no,yes,yes,no,no,yes,yes,no,no,yes,no
data_ID,percent_attached,percent_uncertaintly_attached,crime_person_total,crime_property_total,crime_other_total,crime_total,crime_person_total_per_1000pop_plus_50m_buffer,crime_property_total_per_1000pop_plus_50m_buffer,crime_other_total_per_1000pop_plus_50m_buffer,crime_total_per_1000pop_plus_50m_buffer,walkscore_mean,bikescore_mean,SES_Rank_order,SES_Deciles,SeS_Quintiles,Percent_coverage_tree canopy,Percent_coverage_parkland_residential,Pedestrian_Network_Density_km_per_km2,Cycling_Network_Density_km_per_km2,Trail_Network_Density_km_per_km2,Number_of_Residents_within_15_mins_chc,Residents_within_15_min_walk_%_chc,Average_distance_to_nearest_chc_km,pop2021_total,dwellings_priv_count,household_count,food_supermarket_num_region,food_supermarket_num_per_1000_res_plus_buffer,food_supermarket_dist_closest_3_popwt,food_supermarket_pct_within_15_mins,food_supermarketgrocery_num_region,food_supermarketgrocery_num_per_1000_res_plus_buffer,food_supermarketgrocery_dist_closest_3_popwt,food_supermarketgrocery_pct_within_15_mins,food_convenience_num_region,food_convenience_num_per_1000_res_plus_buffer,food_convenience_dist_closest_3_popwt,food_convenience_pct_within_15_mins,food_fastfood_num_region,food_fastfood_num_per_1000_res_plus_buffer,food_fastfood_dist_closest_3_popwt,food_fastfood_pct_within_15_mins,food_restaurant_num_region,food_restaurant_num_per_1000_res_plus_buffer,food_restaurant_dist_closest_3_popwt,food_restaurant_pct_within_15_mins,food_specialty_num_region,food_specialty_num_per_1000_res_plus_buffer,food_specialty_dist_closest_3_popwt,food_specialty_pct_within_15_mins,mh_counselling_num_region,mh_counselling_num_per_1000_res_plus_buffer,mh_counselling_dist_closest_3_popwt,mh_counselling_dist_closest_5_popwt,mh_services_num_region,mh_services_num_per_1000_res_plus_buffer,mh_services_dist_closest_1_popwt,mh_services_dist_closest_3_popwt,mh_services_dist_closest_5_popwt,mh_supportgroup_num_region,mh_supportgroup_num_per_1000_res_plus_buffer,mh_supportgroup_dist_closest_5_popwt,mh_supportgroup_dist_closest_10_popwt,cannabis_num_region,cannabis_num_per_1000_res_plus_buffer,cannabis_dist_closest_3_popwt,cannabis_pct_within_15_mins,moneylender_num_region,moneylender_num_per_1000_res_plus_buffer,moneylender_dist_closest_3_popwt,moneylender_pct_within_15_mins
0,84.4,15.6,7627,29132,6201,42960,7.496154621,28.64205297,6.094618435,42.23282602,32.77221968,65.2483527,NA,NA,NA,34.49,14.3,1.08,0.89,0.792071086,178107,17.50523367,7.39822,1017315,427115,407250,106,0.104,2.654,0.522,141,0.139,2.505,0.568,359,0.353,1.639,0.775,1575,1.548,1.264,0.815,1084,1.065,1.406,0.758,290,0.285,2.378,0.552,43,0.042,3.071,3.7,60,0.059,2.205,3.071,3.7,103,0.101,3.7,4.785,125,0.123,2.766,0.505,59,0.058,4.929,0.225
3001,NA,NA,13,70,18,101,NA,NA,NA,NA,12.765625,57.4375,84,8,4,27.66,16.26,0.54,1.09,0.55,0,0,4.61,315,130,125,1,NA,2.542,NA,1,NA,2.542,NA,2,NA,1.55,NA,14,NA,1.545,NA,8,NA,2.189,NA,0,NA,3.96,NA,0,NA,5.598,5.915,0,NA,4.718,5.598,5.915,0,NA,5.915,6.608,0,0,3.466,0,0,0,5.848,0
3002,86.3,13.7,49,184,10,243,8.886027044,28.46104314,1.93174501,39.2788152,36.78,77.97,14,2,1,34.02,18.35,5.79,2.82,2,1924,24.78,1.72,7765,3190,3055,0,0.129,1.567,0.548,0,0.129,1.415,0.559,1,0.386,1.205,0.723,22,3.606,0.86,0.798,3,1.288,1.233,0.55,4,0.644,1.102,0.721,0,0,0.863,1.073,1,0.129,0.633,0.863,1.073,3,0.386,1.073,1.382,3,0.515,1.521,0.458,2,0.644,1.339,0.556
3003,77.8,22.2,110,302,37,449,8.647140865,23.43096234,2.928870293,35.0069735,35.54,80.01,104,10,5,17.26,11.03,12.58,4.14,4.02,1053,7.34,2.43,14340,6000,5745,1,0.07,1.729,0.966,1,0.07,1.729,0.966,3,0.488,0.815,0.999,32,2.72,0.536,1,2,0.349,0.931,0.993,8,0.697,0.667,1,0,0,1.879,2.253,0,0,1.581,1.879,2.253,0,0,2.253,2.802,0,0,2.821,0,0,0,2.282,0.178
3004,80,20,95,386,48,529,12.65332473,50.6132989,6.455777921,69.72240155,51.56,65.4,89,9,5,18.95,10.26,6.47,4.77,1.24,1160,14.98,1.8,7745,3320,3220,1,0.129,1.398,0.948,1,0.129,1.323,0.948,4,0.646,1.146,0.992,26,3.615,0.568,1,6,0.775,0.803,1,1,0.129,1.657,0.644,0,0,1.716,2.218,0,0,0.771,1.716,2.218,1,0.129,2.218,2.954,2,0.258,1.275,1,1,0.129,2.706,0.176
3005,84.9,15.1,21,77,9,107,3.293413174,11.9760479,1.347305389,16.61676647,28.96,72.47,69,7,4,28.56,22.21,9.69,9.43,7.1,0,0,4.58,6680,2835,2785,0,0,2.319,0.424,0,0,2.19,0.424,2,0.299,1.302,0.95,1,0.15,1.107,0.991,2,0.299,1.028,0.98,1,0.15,1.592,0.74,0,0,3.942,4.077,0,0,3.868,3.942,4.077,0,0,4.077,5.096,0,0,2.618,0.108,0,0,4.144,0
3006,NA,NA,NA,NA,NA,NA,NA,NA,NA,NA,63.4,78.5,NA,NA,NA,41.67,0,0.99,1.9,0.58,NA,NA,NA,NA,0,10,0,NA,NA,NA,0,NA,NA,NA,0,NA,NA,NA,0,NA,NA,NA,0,NA,NA,NA,0,NA,NA,NA,0,NA,NA,NA,0,NA,NA,NA,NA,0,NA,NA,NA,0,NA,NA,NA,0,NA,NA,NA
3007,86.1,13.9,27,190,16,233,6.130268199,38.69731801,3.0651341,47.89272031,33.79,54.11,62,6,3,32.59,8.69,4.91,2.81,3.28,0,0,6.12,5220,2140,2095,3,0.575,1.362,0.775,3,0.575,1.362,0.775,5,1.149,0.854,0.924,15,2.874,0.777,0.939,15,3.065,0.793,0.953,4,0.958,0.98,0.901,0,0,1.208,2.077,1,0.192,0.786,1.208,2.077,3,0.575,2.077,3.921,2,0.383,1.28,0.673,2,0.383,2.603,0.81
3008,83.4,16.6,32,79,12,123,8.083140878,18.93764434,2.771362587,29.79214781,26.12,58.08,87,8,4,17.27,9.83,8.23,7.02,3.48,0,0,5.5,4330,1890,1845,1,0.231,1.758,1,1,0.231,1.758,1,2,0.462,1.297,0.839,8,2.079,0.744,0.94,6,1.386,0.875,0.928,1,0.231,1.39,0.384,0,0,1.025,1.91,0,0,0.914,1.025,1.91,0,0.462,1.91,3.64,1,0.231,1.388,0.671,0,0,3.027,0.001
3009,78.5,21.5,86,294,24,404,19.45589448,91.34377576,6.760098928,117.5597692,57.27,85.45,99,10,5,21.95,44.17,7.64,4.65,3.15,3412,56.26,1.37,6065,3325,2980,3,0.495,1.085,0.966,4,0.66,0.922,0.966,6,1.154,0.687,1,26,6.265,0.504,1,11,2.143,0.593,1,7,1.319,0.688,1,2,0.33,0.763,0.903,4,0.66,0.593,0.763,0.903,0,0,0.903,1.272,1,0.66,0.914,1,3,0.824,0.766,1
3010,89.3,10.7,38,121,8,167,8.721986675,15.50575409,6.420351302,30.64809207,33.32,51.35,66,7,4,35.02,9.78,7.13,4.56,4.35,0,0,6.17,8255,3230,3175,1,0.121,3.175,0.839,1,0.121,3.174,0.839,2,0.242,1.537,0.931,5,0.606,0.774,0.939,2,0.242,1.651,0.939,1,0.121,2.682,0.838,0,0,5.015,5.47,0,0,4.642,5.015,5.47,0,0,5.47,6.275,1,0.121,3.236,0.712,0,0,4.728,0
3011,84.7,15.3,43,109,10,162,5.47645126,18.83899233,1.533406353,25.84884995,49.8,65.26,76,7,4,43.58,45.5,4.44,3.9,5.81,0,0,4.84,9130,3285,3210,2,0.329,1.27,0.872,2,0.329,1.233,0.872,4,0.548,1.077,1,10,1.205,0.824,0.977,2,0.329,1.243,0.951,1,0.11,1.774,0.302,0,0,3.856,4.369,0,0,2.799,3.856,4.369,0,0,4.369,5.099,0,0,2.079,0.286,0,0,3.795,0.143
3012,85.1,14.9,34,94,10,138,8.771929825,25.61403509,1.637426901,36.02339181,26.23,70.01,65,6,3,21.9,14.42,7.3,4.66,2.27,2323,27.17,2.4,8550,3875,3765,2,0.234,1.174,0.71,2,0.234,1.153,0.71,1,0.351,1.05,0.984,7,1.17,0.779,0.984,5,0.585,0.954,0.761,1,0.117,1.313,0.47,0,0,1.146,1.34,0,0,0.96,1.146,1.34,2,0.234,1.34,1.691,0,0,1.536,0.578,0,0,1.553,0.473
3013,82.8,17.2,36,683,13,732,5.173362686,81.34287287,1.651073198,88.16730875,24.41,79.15,72,7,4,25.42,4.21,6.8,4.03,3.27,536,5.9,2.63,9085,4080,3910,0,0,1.524,0.694,0,0,1.428,0.725,2,0.22,1.091,0.989,4,0.55,0.746,0.984,1,0.22,0.933,0.872,0,0,1.274,0.581,0,0,1.01,1.146,2,0.22,0.862,1.01,1.146,2,0.22,1.146,1.412,0,0,1.651,0.548,1,0.11,1.698,0.487
3014,87.2,12.8,72,203,17,292,2.942884802,7.976766699,0.696999032,11.61665053,18.45,60.3,26,3,2,20.9,7.18,8.19,5.37,4.9,0,0,5.15,25825,9035,8930,0,0.039,2.133,0.165,1,0.077,1.758,0.473,3,0.116,1.54,0.901,3,0.271,1.337,0.808,4,0.194,1.344,0.529,0,0,3.141,0.04,0,0,2.927,3.308,0,0,1.927,2.927,3.308,1,0.039,3.308,3.958,0,0,2.963,0.144,0,0,4.09,0
3015,80.7,19.3,104,261,32,397,15.05250875,35.70595099,4.317386231,55.07584597,27.77,84.47,100,10,5,37.18,85.38,10.39,7.74,7.67,5733,66.9,1.28,8570,4645,4405,2,0.233,1.109,0.967,2,0.233,1.106,0.967,7,1.167,0.669,1,17,2.1,0.426,1,9,1.05,0.63,1,5,0.583,0.686,1,0,0,1.124,1.364,2,0.233,0.964,1.124,1.364,0,0,1.364,1.771,1,0.117,1.855,0.693,3,0.35,1.016,0.86
3016,85.8,14.2,58,220,13,291,3.735909823,14.29951691,0.901771337,18.93719807,19.53,66.58,31,3,2,13.98,14.57,5.57,3.98,2.5,0,0,8.67,15525,5040,4950,2,0.129,3.392,0.498,2,0.129,2.861,0.498,5,0.322,1.347,0.565,22,1.417,0.875,0.945,22,1.417,0.868,0.959,3,0.193,2.795,0.366,0,0,7.932,8.09,0,0,7.586,7.932,8.09,0,0,8.09,8.707,3,0.193,1.878,0.691,0,0,8.391,0
3017,88.7,11.3,40,128,16,184,3.458877786,11.60645657,1.614142967,16.67947733,29.6,65.69,15,2,1,19.36,11.74,2.76,3.51,2.03,0,0,4.76,13010,4640,4475,2,0.154,1.824,0.768,2,0.154,1.823,0.768,1,0.154,1.975,0.736,7,0.615,0.984,0.919,2,0.154,1.323,0.857,1,0.077,2.745,0.33,0,0,2.909,3.71,0,0,2.234,2.909,3.71,0,0,3.71,5.19,2,0.154,2.161,0.52,0,0,4.992,0
3018,80.4,19.6,45,153,14,212,6.545454545,20.84848485,1.696969697,29.09090909,26.23,79.43,94,9,5,27.22,16.76,6.87,4.37,2.91,0,0,3.09,8250,3895,3640,0,0,2.887,0,2,0.242,1.451,0.865,4,0.485,0.781,1,8,1.091,0.528,1,6,0.97,0.525,1,2,0.485,0.812,0.95,0,0,1.663,2.198,0,0,1.214,1.663,2.198,0,0.242,2.198,2.71,1,0.242,1.165,0.942,0,0,3.26,0
3019,NA,NA,26,93,6,125,NA,NA,NA,NA,26.16666667,86.5,NA,NA,NA,17.54,NA,8.62,12.69,12.1,0,0,2.67,NA,0,0,0,NA,NA,NA,0,NA,NA,NA,1,NA,NA,NA,30,NA,NA,NA,5,NA,NA,NA,0,NA,NA,NA,1,NA,NA,NA,0,NA,NA,NA,NA,0,NA,NA,NA,0,0,NA,NA,0,0,NA,NA
3020,78.4,21.6,199,621,80,900,12.86913273,41.59154492,5.035747591,59.49642524,48.08,87.76,98,9,5,20.41,9.13,10.92,4.48,3.2,8160,50.73,1.24,16085,7555,7120,1,0.062,1.718,0.443,2,0.124,1.337,0.956,8,0.622,0.673,1,18,1.43,0.612,0.995,10,0.995,0.793,1,2,0.124,1.417,0.786,2,0.124,0.727,0.913,2,0.124,0.594,0.727,0.913,2,0.124,0.913,1.259,1,0.062,1.462,0.74,0,0.062,2.492,0.249
3021,90.6,9.4,19,88,1,108,3.585346843,15.58846454,0.467653936,19.64146532,5.36,29.84,6,1,1,38.76,3.83,0.17,0.22,0.42,0,0,13.68,6415,2275,2225,0,0,10.665,0.003,0,0,10.393,0.003,3,0.468,5.9,0.202,4,1.247,4.143,0.243,4,0.624,4.07,0.321,3,0.468,4.477,0.259,0,0,8.44,10.453,1,0.156,3.902,8.44,10.453,1,0.156,10.453,12.787,0,0,9.843,0.003,0,0,14.756,0
3022,83.9,16.1,71,677,35,783,8.932769158,83.2157969,6.299952985,98.44851904,24.84,71.75,81,8,4,23.65,9.27,7.2,4.04,3.97,2570,24.17,1.68,10635,4795,4620,2,0.188,1.577,0.49,3,0.282,1.485,0.49,3,0.282,0.997,0.913,19,2.069,0.594,1,10,1.128,0.714,1,1,0.094,1.628,0.637,1,0.094,1.214,1.401,1,0.094,0.871,1.214,1.401,0,0,1.401,1.845,1,0.094,1.848,0.464,1,0.094,1.749,0.489
3023,84.2,15.8,25,101,6,132,6.155507559,72.57019438,1.61987041,80.34557235,21.68,77.97,56,6,3,24.29,13.62,7.31,4.72,3,0,0,4.13,9260,3700,3580,0,0,2.659,0.08,0,0,2.621,0.08,0,0.216,1.17,0.88,5,1.728,0.732,1,3,0.54,0.863,1,0,0,1.81,0.271,0,0,2.208,2.511,0,0,1.755,2.208,2.511,0,0,2.511,2.918,0,0.108,2.179,0.308,0,0,3.433,0
3024,76.4,23.6,748,2465,3235,6448,25.14894951,85.85763562,103.323926,214.3305111,68.97,95.07,64,6,3,15.51,42.23,28.51,9.05,6.08,29833,93.55,0.81,31890,22810,20335,2,0.063,0.952,0.969,5,0.157,0.658,1,22,0.753,0.332,1,207,6.742,0.225,1,145,4.641,0.211,1,18,0.564,0.446,1,5,0.157,0.378,0.428,7,0.282,0.304,0.378,0.428,15,0.47,0.428,0.553,10,0.314,0.52,0.997,7,0.22,0.7,0.999
3025,87.5,12.5,33,138,9,180,3.139584217,15.10394569,0.933389902,19.17691981,47.68,50,39,4,2,35.08,11.18,8.21,4.82,4.37,0,0,4.39,11785,4440,4385,0,0,1.895,0.503,0,0,1.895,0.503,4,0.339,1.257,0.8,10,1.188,1.101,0.845,3,0.933,1.312,0.498,1,0.255,1.452,0.735,0,0,2.421,3.008,0,0,1.952,2.421,3.008,1,0.085,3.008,4.098,1,0.085,2.401,0.15,4,0.424,1.946,0.191
3026,89.9,10.1,43,206,10,259,3.882149047,16.70710572,0.831889081,21.42114385,21.34,43.03,13,2,1,22.02,10.85,1.97,2.27,1.15,0,0,7.26,14425,4965,4860,2,0.139,3.356,0.018,2,0.139,3.356,0.018,1,0.139,2.773,0.25,13,1.317,2.383,0.38,6,0.416,2.66,0.074,4,0.347,2.836,0.074,0,0,4.171,4.804,0,0,2.845,4.171,4.804,0,0,4.804,5.818,1,0.069,3.914,0,0,0.069,4.278,0
3027,83.7,16.3,44,133,8,185,4.140786749,12.50517598,0.745341615,17.39130435,49.34,56.09,58,6,3,18.78,17.82,10.42,7.04,4.88,0,0,4.84,12075,3755,3705,1,0.083,1.34,0.844,1,0.083,1.329,0.844,0,0.166,1.496,0.737,5,0.497,0.8,0.946,3,0.248,0.888,0.891,3,0.248,1.068,0.788,0,0.083,3.03,4.633,0,0,1.458,3.03,4.633,0,0,4.633,7.56,0,0,2.473,0.232,0,0,7.734,0
3028,79.1,20.9,58,297,20,375,11.88863807,132.4303988,4.514672686,148.8337096,37.84,69.66,80,8,4,21.12,1.48,4.49,2.78,1.75,1381,20.78,1.58,6645,2600,2400,2,0.301,1.39,0.829,2,0.301,1.32,0.829,2,0.903,1.012,1,35,6.772,0.573,1,12,2.558,0.713,1,9,1.354,1.071,0.949,1,0.15,1.064,1.229,0,0,0.69,1.064,1.229,3,0.451,1.229,1.499,1,0.15,1.646,0.632,2,0.451,1.461,0.572
3029,83.1,16.9,81,150,16,247,14.75694444,29.16666667,2.951388889,46.875,51.62,88.23,11,2,1,25.26,5.08,22.62,2.98,1.57,903,15.68,1.67,5760,2695,2535,0,0,1.882,0.361,0,0,1.481,0.491,1,0.174,0.949,1,5,0.868,0.539,1,0,0.174,0.648,1,2,0.347,0.704,0.985,0,0,0.873,0.994,2,0.347,0.527,0.873,0.994,3,0.521,0.994,1.219,0,0,0.964,0.961,0,0,3.411,0
3030,NA,NA,17,147,3,167,NA,NA,NA,NA,20.48314607,62.6741573,NA,NA,NA,7.75,#VALUE!,2.39,2.38,0.89,0,0,3.51,NA,0,0,0,NA,NA,NA,0,NA,NA,NA,5,NA,NA,NA,27,NA,NA,NA,17,NA,NA,NA,1,NA,NA,NA,1,NA,NA,NA,0,NA,NA,NA,NA,0,NA,NA,NA,1,50,NA,NA,1,50,NA,NA
3031,90.8,9.2,11,22,2,35,5.240174672,10.04366812,0.873362445,16.15720524,6.19,36.46,74,7,4,64.06,1.9,2.08,0.92,4.64,0,0,30.44,2290,1115,995,0,0,24.236,0,0,0,23.7,0,1,0.873,3.231,0.491,2,0.873,2.144,0.491,1,0.437,5.598,0.113,1,0.437,15.119,0.375,0,0,13.258,18.823,0,0,6.43,13.258,18.823,0,0,18.823,24.203,0,0,22.387,0,0,0,29.855,0
3032,88.3,11.7,66,257,16,339,5.010155721,18.82193636,1.218686527,25.05077861,37.6,61.3,50,5,3,26.44,16.62,7.83,7.28,5.43,35,0.24,3.21,14770,5920,5840,1,0.068,1.702,0.771,1,0.068,1.702,0.771,2,0.339,1.14,0.793,12,1.49,0.715,1,9,1.016,1.344,0.635,1,0.068,1.814,0.378,0,0,1.809,2.196,0,0,1.485,1.809,2.196,1,0.068,2.196,3.517,1,0.135,1.557,0.73,1,0.406,1.843,0.251
3033,91,9,19,28,5,52,4.98687664,7.874015748,1.312335958,14.17322835,0.24,28.52,4,1,1,55.92,3.19,0.01,0.1,0.13,0,0,18.51,3810,1315,1295,0,0,13.344,0,0,0,13.333,0,0,0,9.273,0.011,0,0,9.016,0.011,0,0,9.487,0,0,0,10.168,0,0,0,13.439,14.986,0,0,10.458,13.439,14.986,0,0,14.986,17.188,0,0,12.053,0,0,0,18.501,0
3034,84.7,15.3,37,116,28,181,4.908675799,14.38356164,3.196347032,22.48858447,21.04,74.05,82,8,4,20.38,16.65,8.55,7.68,4.7,0,0,5.16,8760,3225,3125,0,0,2.911,0.197,0,0,2.855,0.197,2,0.228,1.193,0.903,1,0.342,0.971,0.903,2,0.228,1.268,0.539,1,0.114,1.615,0.236,1,0.114,2.595,3.122,0,0,0.967,2.595,3.122,0,0,3.122,3.726,0,0,2.532,0.197,0,0,3.905,0
3035,83.6,16.4,66,276,15,357,7.947019868,33.59422035,1.806140879,43.3473811,24.71,74.18,70,7,4,23.34,5.33,5.91,4.6,5.14,479,5.77,2.98,8305,3240,3145,1,0.12,1.848,0.368,3,0.361,1.518,0.594,3,0.482,1.315,0.9,17,2.769,0.928,1,5,1.204,1.197,0.649,0,0,2.132,0.147,0,0,2.256,2.366,0,0,2.063,2.256,2.366,0,0,2.366,2.611,2,0.241,1.655,0.415,1,0.241,1.955,0.492
3036,86.6,13.4,10,36,3,49,2.791878173,10.15228426,0.76142132,13.70558376,10.48,63.72,29,3,2,37.52,18.1,3.94,3.53,4.56,0,0,5.09,3940,1645,1600,0,0,3.91,0,0,0,3.38,0.084,1,0.254,1.704,0.848,0,0,1.745,0.126,3,0.761,0.951,0.932,0,0,2.186,0.084,0,0,4.465,4.622,0,0,4.302,4.465,4.622,0,0,4.622,5.049,0,0,4.36,0,0,0,4.419,0
3037,91.3,8.7,18,30,6,54,4.130434783,8.47826087,1.304347826,13.91304348,2.13,22.89,8,1,1,31.3,4.4,0.06,0.32,0.18,0,0,10.37,4600,1660,1625,0,0,3.934,0.021,0,0,3.902,0.021,1,0.217,3.329,0.109,1,0.217,3.047,0.109,1,0.217,3.238,0.114,1,0.217,3.888,0.089,0,0,7.377,7.887,0,0,6.687,7.377,7.887,0,0,7.887,9.007,0,0,6.472,0,0,0,9.754,0
3038,89.9,10.1,18,50,2,70,3.183023873,9.549071618,0.530503979,13.26259947,1.66,28.81,3,1,1,38.65,9.63,0.03,0.27,0.2,0,0,19.77,5655,2085,2000,0,0,13.387,0,0,0,12.85,0,2,0.354,6.458,0.133,0,0,7.036,0.041,3,0.531,5.148,0.154,0,0,11.438,0,0,0,13.264,14.964,0,0,9.238,13.264,14.964,1,0.177,14.964,16.882,0,0,11.78,0,0,0,18.616,0
3039,85.4,14.6,13,67,4,84,5.901639344,28.85245902,1.639344262,36.39344262,0.74,26.62,57,6,3,38.84,30.85,0.06,0.03,0.24,0,0,16.75,3050,1280,1240,0,0,9.384,0,0,0,9.358,0,2,0.656,5.496,0.034,1,0.328,6.178,0.092,4,1.311,5.62,0.103,0,0,9.825,0.002,0,0,10.883,11.339,0,0,9.841,10.883,11.339,0,0,11.339,12.287,0,0,9.25,0.01,0,0,12.483,0
3040,83.7,16.3,44,151,25,220,11.15879828,43.16370325,6.376456162,60.69895769,36.74,74.68,73,7,4,22.03,4.91,7.45,3.68,2.79,0,0,3.79,8155,3645,3570,2,0.245,1.387,0.678,2,0.245,1.354,0.678,4,0.613,0.833,0.962,10,1.471,0.694,0.972,3,0.368,1.004,0.962,1,0.123,1.267,0.927,0,0,1.161,1.422,0,0,0.936,1.161,1.422,1,0.245,1.422,2.133,1,0.123,1.831,0.441,1,0.123,2.412,0.355
3041,80.2,19.8,48,182,10,240,8.965517241,33.62068966,2.068965517,44.65517241,56.08,72.16,102,10,5,45.67,9.16,5.68,3.34,7.76,0,0,3.73,5800,2180,2105,1,0.172,1.224,0.77,2,0.345,1.072,0.77,2,0.69,0.696,1,11,2.586,0.748,0.96,5,0.862,0.787,0.986,3,1.034,1.019,0.735,0,0,3.516,4.007,0,0,3.186,3.516,4.007,0,0,4.007,4.765,1,0.172,1.012,0.96,0,0.172,2.955,0.705
3042,NA,NA,4,18,NA,NA,NA,NA,NA,NA,31.75,83.5,NA,NA,NA,9.62,NA,4.4,4.91,6.23,0,0,2.47,NA,0,0,0,NA,NA,NA,0,NA,NA,NA,0,NA,NA,NA,0,NA,NA,NA,0,NA,NA,NA,0,NA,NA,NA,0,NA,NA,NA,0,NA,NA,NA,NA,0,NA,NA,NA,0,0,NA,NA,0,0,NA,NA
3043,88.7,11.3,68,196,15,279,4.05330372,11.54913937,0.888395336,16.49083842,31.79,61.87,21,2,1,15.76,11.47,7.42,5.93,3.26,127,0.71,3.33,18010,6565,6485,1,0.111,1.405,0.724,1,0.111,1.405,0.724,4,0.278,1.404,0.704,14,1.11,0.968,0.867,4,0.278,1.149,0.87,1,0.056,1.8,0.384,0,0,1.991,2.449,0,0,1.426,1.991,2.449,3,0.167,2.449,3.64,0,0.056,1.832,0.374,1,0.056,3.14,0.259
3044,87.1,12.9,57,242,16,315,4.06162465,17.57703081,1.120448179,22.75910364,30.13,39.68,52,5,3,39.66,12.93,1.26,1.08,1.52,0,0,9.38,14280,4470,4380,1,0.07,3.831,0.564,1,0.07,3.831,0.564,4,0.35,1.423,0.613,9,0.7,1.199,0.719,4,0.28,1.4,0.603,0,0,6.469,0,0,0,8.117,8.5,0,0,7.1,8.117,8.5,0,0,8.5,9.222,1,0.07,4.929,0.399,0,0,8.517,0
3045,82,18,29,203,12,244,13.00992282,75.41345094,3.74862183,92.17199559,38.49,68.89,60,6,3,21.12,5.3,5.52,3.48,0.35,1316,29.02,1.53,4535,1770,1715,3,0.662,1.384,0.626,5,1.103,1.138,0.673,6,1.323,1.104,0.911,23,5.954,0.72,1,19,4.41,0.749,1,1,0.441,1.192,0.905,3,0.662,1.294,1.438,2,0.441,1.168,1.294,1.438,0,0,1.438,1.698,3,0.662,1.034,1,1,0.221,1.751,0.339
3046,91.6,8.4,17,44,4,65,5.612244898,13.26530612,1.275510204,20.15306122,2.23,30.47,40,4,2,37.44,49.52,0.05,0.2,0.3,0,0,34.59,3920,1695,1580,0,0,20.809,0,0,0,20.705,0,1,0.255,7.852,0.218,1,0.255,7.521,0.23,0,0,10.233,0.012,0,0,15.034,0.006,0,0,11.369,15.328,0,0,6.568,11.369,15.328,1,0.255,15.328,22.861,0,0,20.118,0,0,0,32.879,0
3047,83.1,16.9,121,741,141,1003,8.993733874,55.14190933,10.46811648,74.60375968,48.85,94.98,34,4,2,26.02,18.15,28.78,10.76,9.21,1598,11.78,1.75,13565,6885,6395,3,0.221,1.071,0.873,4,0.295,0.773,0.948,6,0.442,0.63,1,29,2.138,0.403,1,43,3.17,0.39,1,11,0.811,0.612,1,0,0,0.835,0.971,0,0,0.672,0.835,0.971,2,0.147,0.971,1.211,4,0.295,0.646,1,0,0,1.95,0.17
3048,87,13,84,232,16,332,7.256778309,20.33492823,1.275917065,28.8676236,32.71,72.28,51,5,3,16.21,10.73,8.11,6.67,4.14,2860,22.81,2.53,12540,4785,4705,3,0.239,1.435,0.697,4,0.319,1.206,0.776,7,0.638,1.504,0.645,30,2.791,0.844,0.925,15,1.276,0.863,0.966,5,0.478,1.74,0.817,0,0,1.843,2.083,0,0,1.288,1.843,2.083,3,0.239,2.083,3.165,5,0.478,1.881,0.746,2,0.159,2.524,0.215
3049,91,9,32,159,7,198,3.204524034,15.83411876,0.754005655,19.79264844,11.9,35.15,12,2,1,43.38,4.01,0.22,0.93,0.47,0,0,16.65,10610,3620,3565,1,0.094,8.015,0.101,1,0.094,8.015,0.101,4,0.471,3.929,0.174,2,0.189,5.014,0.151,4,0.566,3.339,0.239,0,0,11.52,0,0,0,11.188,12.784,0,0,8.941,11.188,12.784,0,0,12.784,14.849,0,0,10.14,0,0,0,16.091,0
3050,NA,NA,43,61,67,171,NA,NA,NA,NA,10.08,31.98,83,8,4,42.66,281.58,0.41,0.9,1.32,0,0,6.49,1165,140,135,0,NA,2.412,NA,0,NA,2.412,NA,3,NA,0.963,NA,9,NA,0.815,NA,4,NA,1.167,NA,0,NA,2.01,NA,0,NA,2.756,3.479,0,NA,2.256,2.756,3.479,0,NA,3.479,4.569,0,0,2.64,0.345,0,0,2.487,0.271
3051,NA,NA,18,85,6,109,NA,NA,NA,NA,11.51,45.06,NA,NA,NA,35.47,3249.28,0.59,1.36,2.47,0,0,6,160,55,55,0,NA,3.259,NA,0,NA,3.259,NA,0,NA,2.763,NA,4,NA,2.655,NA,0,NA,2.548,NA,0,NA,2.632,NA,0,NA,3.731,4.269,0,NA,3.125,3.731,4.269,0,NA,4.269,5.38,0,0,3.43,0,0,0,5.145,0
3052,84.1,15.9,28,53,6,87,7.455429498,15.88330632,2.106969206,25.44570502,49.34,76,77,8,4,22.77,12.76,8.58,9.33,5.7,0,0,4.4,6170,2305,2260,0,0,2.427,0,0,0,2.301,0,1,0.162,0.945,1,2,0.324,0.811,1,0,0,1.601,0.772,0,0,1.776,0.581,0,0,1.974,2.385,0,0,0.731,1.974,2.385,1,0.162,2.385,3.335,0,0,2.651,0,0,0,3.726,0
3053,84.1,15.9,36,73,12,121,7.719928187,14.18312388,2.333931777,24.23698384,53.98,80.05,93,9,5,20.05,21.37,12.71,14.78,9.94,0,0,3.83,5570,2005,1965,0,0,1.404,0.646,0,0,1.3,0.646,1,0.18,0.992,1,2,0.539,0.743,1,1,0.18,1.124,0.911,0,0,1.316,0.558,0,0,2.535,2.998,0,0,1.353,2.535,2.998,0,0,2.998,3.676,0,0,1.652,0.347,0,0,2.709,0.373
3054,75.8,24.2,83,371,37,491,12.20588235,56.02941176,5.441176471,73.67647059,62.04,71.66,101,10,5,19.28,4.21,7.64,1.81,2.03,0,0,4.36,6800,3130,2950,0,0,1.083,1,0,0,1.076,1,1,0.294,0.866,0.99,5,1.618,0.569,1,2,0.441,0.957,0.993,1,0.147,1.34,0.831,0,0,1.172,1.454,0,0,0.93,1.172,1.454,0,0,1.454,2.503,1,0.294,1.209,1,0,0.147,2.001,0.752
3055,79.9,20.1,101,640,58,799,10.12311902,60.37391701,5.380756954,75.87779298,66.96,95.73,61,6,3,18.64,6.52,24.8,6.82,4.19,2109,19.23,1.65,10965,6685,6205,1,0.091,1.442,0.958,2,0.182,0.824,1,6,0.547,0.457,1,29,2.918,0.275,1,26,2.554,0.351,1,13,1.277,0.4,1,3,0.274,0.451,0.502,3,0.274,0.409,0.451,0.502,4,0.365,0.502,0.684,3,0.274,0.668,1,0,0,3.002,0
3056,83.4,16.6,46,133,13,192,5.526161082,17.04879483,1.646090535,24.22104644,36.73,70.12,90,9,5,17.62,8.74,10.4,5.99,4.63,0,0,4.77,8505,3000,2940,0,0,3.272,0.001,0,0,3.254,0.001,3,0.353,0.985,0.981,3,0.353,0.942,0.994,1,0.118,1.699,0.718,1,0.118,1.353,0.973,0,0,2.466,2.74,0,0,1.819,2.466,2.74,0,0,2.74,3.793,1,0.118,2.756,0.296,0,0,4.516,0
3057,NA,NA,42,108,67,217,NA,NA,NA,NA,38.92753623,54.63768116,NA,NA,NA,14.23,NA,2.37,0.57,0.73,0,0,4.55,NA,15,20,1,NA,NA,NA,1,NA,NA,NA,4,NA,NA,NA,14,NA,NA,NA,6,NA,NA,NA,4,NA,NA,NA,0,NA,NA,NA,4,NA,NA,NA,NA,0,NA,NA,NA,1,40,NA,NA,0,0,NA,NA
3058,79.6,20.4,57,176,12,245,10.51738762,30.02544529,2.374893978,42.91772689,33.26,74.14,86,8,4,22.61,11.83,6.72,3.72,2.02,0,0,3.52,5895,2620,2510,0,0,2.444,0.192,0,0,2.359,0.192,5,0.848,0.864,1,17,2.884,0.521,1,6,1.018,0.759,1,4,0.679,0.925,1,0,0,1.755,1.966,0,0,1.573,1.755,1.966,0,0,1.966,2.365,1,0.17,2.099,0.457,0,0,2.911,0
3059,87.7,12.3,21,135,5,161,6.193078324,29.69034608,1.092896175,36.97632058,57.09,98.16,2,1,1,26.45,6.62,19.15,9.04,7.11,286,5.21,2.2,5490,2310,2230,1,0.182,0.982,1,1,0.182,0.896,1,1,0.364,0.936,0.881,15,3.097,0.51,1,19,4.554,0.442,1,9,1.639,0.514,1,0,0,1.082,1.138,0,0,1.023,1.082,1.138,0,0.182,1.138,1.316,2,0.364,0.777,0.962,0,0,4.166,0
3060,86.1,13.9,65,396,21,482,3.309100025,20.25570318,1.052895463,24.61769867,22.39,61.4,27,3,2,22.05,36.29,5.42,4.79,4.16,0,0,4.54,19945,7545,7300,2,0.1,2.299,0.313,3,0.15,1.779,0.538,5,0.251,1.585,0.669,34,1.705,0.995,0.824,23,1.153,1.316,0.555,9,0.451,1.687,0.43,0,0,4.076,4.31,0,0,3.521,4.076,4.31,0,0,4.31,5.432,2,0.1,2.313,0.227,0,0,4.616,0
3061,85.8,14.2,61,207,25,293,5.332167832,19.05594406,2.272727273,26.66083916,38.84,72.77,48,5,3,23.35,33.44,8.48,6.6,5.8,5029,43.96,1.62,11440,4390,4330,2,0.175,1.543,0.879,3,0.35,1.186,0.886,4,0.524,1.059,0.819,15,1.748,0.876,0.99,11,1.049,0.898,0.961,5,0.524,1.261,0.524,1,0.087,1.347,1.496,1,0.087,1.251,1.347,1.496,1,0.087,1.496,2.942,2,0.262,1.388,0.516,2,0.262,1.496,0.446
3062,91.7,8.3,6,13,1,20,2.631578947,7.142857143,0.37593985,10.15037594,0.6,29.12,24,3,2,27.46,2.93,0,0.02,0,0,0,28.59,2660,995,980,0,0,16.53,0,0,0,16.487,0,1,0.376,8.613,0.04,0,0,10.476,0,0,0,10.242,0.018,1,0.376,8.875,0.005,0,0,10.954,13.822,0,0,6.291,10.954,13.822,1,0.376,13.822,19.71,0,0,14.407,0,0,0,28.067,0
3063,85.6,14.4,52,229,16,297,6.042031524,27.05779335,2.189141856,35.28896673,45.73,84,47,5,3,27.22,5.96,8.81,6.48,2.59,0,0,2.45,11420,4945,4805,1,0.088,1.756,0.576,2,0.175,1.194,0.92,4,0.35,0.928,0.936,28,3.327,0.558,1,9,2.014,0.623,1,7,0.963,0.753,0.994,0,0,1.042,1.229,0,0,0.88,1.042,1.229,3,0.263,1.229,1.524,1,0.088,1.337,0.712,0,0,2.464,0.246
3064,NA,NA,13,23,10,46,NA,NA,NA,NA,49.33333333,94,NA,NA,NA,10.57,NA,13.02,12.41,15.87,54,49.09,1.38,110,70,65,0,NA,NA,NA,0,NA,NA,NA,0,NA,NA,NA,1,NA,NA,NA,1,NA,NA,NA,0,NA,NA,NA,0,NA,NA,NA,0,NA,NA,NA,NA,0,NA,NA,NA,0,0,NA,NA,0,0,NA,NA
3065,74.9,25.1,167,498,63,728,13.1007476,37.73584906,4.699181203,55.53577786,39.86,75.82,108,10,5,14.92,22.58,6.78,2.26,2.48,12110,86.22,1.21,14045,5995,5520,2,0.142,1.516,0.909,3,0.214,1.086,0.909,4,0.356,0.831,1,18,1.495,0.549,1,14,1.21,0.557,1,4,0.285,0.83,1,0,0,1.39,1.738,1,0.142,0.886,1.39,1.738,0,0,1.738,2.247,1,0.071,1.418,0.917,0,0,1.77,0.165
3066,84,16,10,40,3,53,4.081632653,13.81475667,1.25588697,19.1522763,22.5,65.47727273,63,6,3,27.5,11.45,9.27,5.65,2.93,0,0,4.14,3185,1425,1380,0,0,2.334,0,0,0,2.334,0,0,0,1.432,0.332,0,0,0.967,1,1,0.314,1.215,1,0,0,1.83,0.104,0,0,2.527,2.982,0,0,2.317,2.527,2.982,0,0,2.982,3.654,0,0,2.295,0.665,0,0,3.216,0
3067,76,24,138,945,257,1340,37.76325345,162.2367466,42.41103849,242.4110385,71.44,95.56,105,10,5,18.37,37.88,26.6,7.6,7.34,6968,101.21,0.55,6885,4090,3585,1,0.145,0.958,1,1,0.145,0.859,1,1,0.871,0.462,1,3,1.888,0.354,1,7,2.033,0.323,1,1,0.145,0.853,1,2,0.436,0.459,0.567,0,0.29,0.391,0.459,0.567,0,0,0.567,0.735,1,0.436,0.59,1,0,0,1.119,0.838
3068,72.3,27.7,571,1258,262,2091,96.63299663,211.952862,44.10774411,352.6936027,58.43,95.31,68,7,4,14.82,30.58,25.13,6.39,4.87,4871,82,1.09,5940,4025,3495,1,0.337,0.796,1,3,0.673,0.569,1,7,1.515,0.308,1,50,10.943,0.214,1,92,16.33,0.233,1,17,3.03,0.452,1,1,0.168,0.364,0.439,4,0.842,0.239,0.364,0.439,1,0.168,0.439,0.683,6,1.347,0.451,1,3,0.505,0.633,1
3069,81.1,18.9,67,158,15,240,8.684863524,20.5955335,1.985111663,31.26550868,58.38,85.56,91,9,5,28.06,5.19,5.86,4.87,5.28,1766,21.91,2.03,8060,4350,4185,1,0.124,1.321,0.627,1,0.124,1.321,0.627,2,0.62,0.686,1,7,1.117,0.543,1,4,0.62,0.554,1,1,0.124,1.159,1,0,0,1.283,1.412,1,0.124,1.031,1.283,1.412,0,0,1.412,1.643,0,0,1.556,0.633,1,0.124,1.505,0.635
3070,90.5,9.5,41,129,3,173,4.308281474,13.88224031,0.382958353,18.57348013,17.69,32.89,10,1,1,28.4,7.16,0.27,0.97,0.32,0,0,11.76,10445,3955,3835,2,0.191,4.672,0.136,2,0.191,4.663,0.136,3,0.287,4.01,0.281,10,0.957,2.841,0.259,17,1.628,2.772,0.237,4,0.383,3.632,0.21,0,0,5.863,7.791,0,0,3.204,5.863,7.791,1,0.191,7.791,11.354,4,0.383,3.551,0.191,0,0,14.102,0
3071,91.4,8.6,8,20,2,30,3.854389722,9.850107066,0.856531049,14.56102784,0.19,26.14,42,4,2,54.03,10.71,0.15,0.01,0.3,0,0,27.38,2335,885,855,0,0,14.667,0,0,0,14.432,0,0,0,11.811,0,0,0,9.22,0,1,0.428,9.449,0.006,0,0,13.376,0,0,0,14.652,17.424,0,0,10.486,14.652,17.424,0,0,17.424,21.996,0,0,14.799,0,0,0,25.363,0
3072,90,10,6,28,1,35,2.310231023,9.240924092,0.330033003,11.88118812,24.51,52.18,7,1,1,57.01,11.94,1.66,3.46,6.04,0,0,4.98,3030,1145,1130,0,0,3.623,0,0,0,3.194,0,0,0,1.571,0.395,1,0.33,1.309,0.692,0,0,1.877,0.277,0,0,3.629,0,0,0,3.521,4.02,0,0,1.534,3.521,4.02,0,0,4.02,4.502,0,0,3.043,0,0,0,3.624,0
3073,91.9,8.1,19,59,4,82,3.45721694,10.71737252,0.691443388,14.86603284,4.52,28.78,23,3,2,25.41,4.03,0.04,0.11,0.07,0,0,25.36,5785,2125,2085,0,0,11.398,0,0,0,11.398,0,1,0.173,7.712,0.23,3,0.519,5.139,0.238,2,0.346,6.117,0.23,0,0,17.427,0,0,0,13.654,17.198,0,0,5.447,13.654,17.198,1,0.173,17.198,20.659,0,0,16.322,0,0,0,24.053,0
3074,91.4,8.6,50,107,6,163,6.155632985,14.4018583,0.696864111,21.2543554,8.29,33.24,25,3,2,26.9,23.24,0.12,0.32,0.21,0,0,10.84,8610,3245,3175,1,0.116,6.823,0.201,1,0.232,6.763,0.202,3,0.348,4.196,0.409,8,1.161,1.969,0.497,6,0.813,2.152,0.454,2,0.232,4.091,0.306,0,0,5.066,7.246,0,0,2.228,5.066,7.246,2,0.232,7.246,9.597,1,0.116,6.912,0.279,0,0,12.071,0.002
3075,91.6,8.4,11,38,3,52,3.603603604,10.2960103,0.772200772,14.67181467,1.41,26.2,22,3,2,39.52,7.73,0.06,0.24,0.1,0,0,20.22,3885,1440,1425,0,0,14.003,0,0,0,13.987,0,0,0,12.066,0,0,0,10.519,0.001,1,0.257,7.953,0.299,0,0,12.092,0,0,0,12.547,14.485,0,0,10.809,12.547,14.485,0,0,14.485,17.29,0,0,14.259,0,0,0,18.68,0
3076,91.5,8.5,14,34,0,0,4.909983633,11.45662848,0,16.36661211,4.46,33.85,36,4,2,15.68,5.49,0.25,0.6,0.03,0,0,14.08,3055,1125,1095,0,0,10.696,0,0,0,10.446,0,2,0.655,6.336,0.291,1,0.327,7.077,0.215,2,0.655,5.737,0.216,0,0,9.978,0,0,0,11.586,12.547,0,0,11.09,11.586,12.547,0,0,12.547,14.314,0,0,11.436,0,0,0,14.426,0
3077,82,18,24,186,11,221,5.520926091,65.89492431,13.35707925,84.77292965,58.97,90.72,18,2,1,38.99,58.71,20.32,6.31,5.69,3022,53.82,1.48,5615,2880,2670,0,0,1.415,0.967,0,0,1.413,0.967,1,0.356,0.69,1,7,1.959,0.445,1,8,1.603,0.537,1,2,0.356,0.999,0.893,0,0,1.293,1.416,0,0,1.216,1.293,1.416,0,0,1.416,1.572,1,0.356,1.013,0.919,0,0,1.697,0.008
3078,92.6,7.4,16,65,2,83,3.245436105,13.59026369,0.405679513,17.24137931,6.92,32.29,19,2,1,23.41,19.46,0.05,0.23,0.06,0,0,17.39,4930,1820,1780,0,0,11.138,0,0,0,11.104,0,1,0.203,7.999,0.097,3,0.609,3.966,0.13,1,0.203,6.763,0.071,0,0,11.115,0,0,0,9.416,11.668,0,0,4.204,9.416,11.668,1,0.203,11.668,15.36,0,0,11.129,0,0,0,20.308,0
3079,86.1,13.9,96,297,21,414,4.480398258,13.98050197,0.954158888,19.41505912,53.99,75.1,59,6,3,12.68,8.41,11.45,7.64,3.97,0,0,4.36,24105,8285,8165,1,0.041,1.602,0.648,1,0.041,1.588,0.648,8,0.373,0.908,1,20,0.83,0.694,1,20,0.871,0.783,1,5,0.207,1.405,0.498,0,0.041,2.721,4.271,0,0,1.928,2.721,4.271,0,0,4.271,6.653,1,0.041,2.099,0.357,1,0.041,6.165,0.158
3080,87.6,12.4,83,284,20,387,3.987455197,13.84408602,0.896057348,18.72759857,26.76,67.98,41,4,2,26.37,9.61,4.44,5.2,3.57,4054,18.16,2.69,22320,7860,7775,1,0.045,2.209,0.268,1,0.045,2.18,0.268,5,0.224,1.26,0.925,18,0.851,0.975,0.8,17,0.851,0.961,0.909,2,0.09,1.754,0.51,1,0.045,3.081,4.993,0,0,1.345,3.081,4.993,1,0.045,4.993,7.101,2,0.09,2.119,0.379,0,0,7.507,0
3081,83.1,16.9,76,187,24,287,4.688908927,12.62398557,1.562969642,18.87586414,42.58,59.4,75,7,4,34.09,14.6,5.59,2.79,5.93,8103,48.71,1.85,16635,6715,6410,1,0.06,2.051,0.473,1,0.06,2.001,0.473,5,0.301,1.214,0.955,11,0.661,0.864,0.964,10,0.601,0.91,0.906,0,0,2.386,0.09,0,0,3.96,4.297,0,0,3.609,3.96,4.297,0,0,4.297,4.889,2,0.12,1.904,0.655,0,0,3.578,0.019
3082,77.5,22.5,52,173,8,233,6.209724663,21.08963093,0.93731693,28.23667252,47.97,95.82,46,5,3,24.53,10.09,21.31,10.88,6.61,0,0,2.29,8535,4430,3955,0,0,1.673,0.423,0,0,1.636,0.431,5,0.586,0.578,1,8,0.937,0.468,1,5,0.586,0.6,1,2,0.234,0.879,0.989,1,0.117,0.809,1.017,1,0.117,0.581,0.809,1.017,1,0.117,1.017,1.285,0,0,1.628,0.377,0,0,2.334,0
3083,84.7,15.3,28,120,3,151,4.475308642,19.29012346,0.462962963,24.22839506,41.86,95.81,17,2,1,30.28,26.56,26.11,10.79,7.03,3186,49.17,1.24,6480,2650,2505,0,0,1.335,0.764,1,0.154,1.053,0.912,2,0.309,0.827,1,12,1.852,0.472,1,10,1.543,0.55,1,5,0.772,0.6,1,0,0,0.843,0.995,0,0,0.731,0.843,0.995,2,0.309,0.995,1.251,1,0.154,1.166,0.93,0,0,2.08,0.043
3084,NA,NA,3,28,1,32,NA,NA,NA,NA,55.08333333,46.91666667,NA,NA,NA,5.44,NA,5.76,2.28,0.63,0,0,3.54,NA,30,30,0,NA,NA,NA,0,NA,NA,NA,0,NA,NA,NA,1,NA,NA,NA,3,NA,NA,NA,2,NA,NA,NA,0,NA,NA,NA,0,NA,NA,NA,NA,1,NA,NA,NA,1,20,NA,NA,0,0,NA,NA
3085,89.3,10.7,54,143,13,210,5.128205128,16.18037135,1.326259947,22.63483643,55.73,NA,33,4,2,23.12,10.24,9.11,5.74,3.74,0,0,3.37,11310,4265,4200,2,0.177,1.16,0.876,2,0.177,1.14,0.876,4,0.354,1.112,0.881,17,2.122,0.621,0.989,11,1.857,0.719,0.989,1,0.088,1.1,0.805,0,0,2.17,2.435,0,0,1.824,2.17,2.435,0,0,2.435,3.148,0,0,1.643,0.473,1,0.265,1.566,0.717
3086,92.2,7.8,21,46,9,76,4.549431321,9.798775153,1.749781277,16.09798775,8.32,31.42,38,4,2,29.55,9.12,0.13,0.24,0.14,0,0,24.59,5715,2110,2060,1,0.175,10.027,0.288,1,0.175,10.024,0.288,2,0.35,6.367,0.397,4,0.7,3.959,0.43,2,0.525,4.921,0.321,0,0,12.981,0,0,0,11.808,14.116,0,0,8.386,11.808,14.116,1,0.175,14.116,18.688,0,0,13.324,0,0,0,21.656,0
3087,76.8,23.2,342,948,94,1384,18.10874704,51.06382979,4.869976359,74.04255319,44.89,88.46,103,10,5,17.53,14.31,10.16,5.17,3.69,9651,45.63,1.33,21150,9520,8990,4,0.236,0.984,0.863,4,0.236,0.969,0.863,15,0.709,0.648,0.955,56,2.742,0.508,1,28,1.324,0.641,1,10,0.473,0.975,0.979,1,0.047,0.851,1.021,3,0.142,0.636,0.851,1.021,3,0.142,1.021,1.333,2,0.095,1.527,0.727,6,0.284,1.056,0.767
3088,74.8,25.2,51,96,12,159,9.314140559,18.62828112,2.032176122,29.9745978,39.45454545,74.84090909,107,10,5,12.55,5.72,10.26,1.02,2.84,1984,33.6,1.63,5905,2420,2255,0,0,1.336,0.345,0,0,1.191,0.35,1,0.169,1.004,1,1,0.169,0.859,1,2,0.339,0.777,1,2,0.339,0.883,1,0,0,0.973,1.196,0,0,0.811,0.973,1.196,1,0.508,1.196,1.54,1,0.169,1.184,1,0,0,1.587,0.345
3089,81.4,18.6,34,243,12,289,5.595523581,39.00879297,1.918465228,46.52278177,26.36,73.97,79,8,4,18.72,10.71,8.9,5.67,3.23,105,1.68,2.7,6255,2360,2320,0,0,1.708,0.308,0,0,1.463,0.352,5,0.799,0.738,1,6,1.439,0.65,1,3,0.799,0.763,1,1,0.16,2.082,0.87,0,0,2.551,3.099,0,0,1.551,2.551,3.099,0,0,3.099,3.734,2,0.32,1.157,1,0,0,3.516,0
3090,84.3,15.7,35,88,10,133,6.388206388,15.72481572,1.801801802,23.91482391,39.49,75.99,49,5,3,24.18,13.81,7.17,3.88,3.14,418,6.85,2.54,6105,2645,2580,0,0,2.057,0.471,0,0,1.709,0.471,1,0.328,1.191,0.975,0,0.328,1.126,0.719,0,0,1.377,0.635,1,0.164,1.254,0.975,0,0,1.683,1.91,0,0,1.38,1.683,1.91,0,0,1.91,2.239,0,0,2.19,0.288,0,0,2.5,0
3091,88.9,11.1,105,690,46,841,3.968650992,23.87860597,1.634150409,29.48140737,34.43,56.34,35,4,2,4.82,21.32,3.58,2.51,2.5,0,0,5.78,29985,10130,9985,5,0.167,2.094,0.314,6,0.2,2.091,0.314,3,0.133,2.034,0.415,28,0.934,1.367,0.552,19,0.634,1.327,0.567,5,0.167,2.186,0.197,0,0,2.564,3.48,1,0.033,1.803,2.564,3.48,0,0,3.48,5.117,4,0.133,2.066,0.508,0,0,4.419,0
3092,85,15,53,68,8,129,19.2393736,23.26621924,4.026845638,46.53243848,31.13,63.16,78,8,4,24.09,8.34,5.39,3.89,3.76,0,0,3.75,4470,1770,1725,0,0,2.379,0.161,0,0,2.379,0.161,0,0.224,1.095,0.693,3,0.671,0.72,1,0,0,1.118,0.861,0,0,1.118,0.768,0,0,2.251,2.704,0,0,1.919,2.251,2.704,0,0,2.704,3.258,0,0,2.463,0.66,0,0,3.002,0
3093,83.3,16.7,32,41,9,82,10.75949367,17.40506329,3.164556962,31.32911392,28.53,82.97,55,6,3,30.65,15.94,5.69,4.67,5.12,1748,55.32,1.38,3160,1405,1340,0,0,1.4,0.78,0,0,1.383,0.78,0,0,1.066,0.945,1,0.949,0.724,1,0,0,1.167,0.89,0,0,1.108,0.945,0,0,0.981,1.238,0,0,0.775,0.981,1.238,2,0.633,1.238,1.638,0,0,1.741,0.336,0,0,1.285,0.75
3094,87.9,12.1,16,43,11,70,3.528114664,9.702315325,2.425578831,15.65600882,27.6,55.07,54,5,3,31.1,77.86,4.22,5.03,3.65,155,3.42,2.21,4535,2005,1865,0,0,2.321,0,0,0,2.321,0,1,0.221,1.616,0.756,2,0.441,1.393,0.756,0,0,1.884,0,0,0,1.832,0.297,0,0,1.689,2.065,0,0,1.484,1.689,2.065,2,0.441,2.065,3.461,0,0,2.228,0,0,0,3.181,0
3095,88.4,11.6,44,133,13,190,5.358012664,18.5094983,1.656113005,25.52362396,42.39,64.13,44,5,3,22.88,7.42,8.2,4.38,4.04,3599,35.06,1.79,10265,4195,4125,2,0.195,1.521,0.66,2,0.195,1.468,0.66,5,0.585,0.928,0.985,21,2.338,0.81,0.977,8,0.974,0.903,0.839,7,0.779,1.116,0.84,1,0.097,1.538,1.992,0,0,1.07,1.538,1.992,1,0.097,1.992,2.881,2,0.195,1.584,0.569,1,0.097,2.055,0.458
3097,86,14,34,157,10,201,2.474226804,11.61512027,0.687285223,14.7766323,43.4,69.93,43,4,2,14.14,10.77,10.26,7.57,4.03,0,0,5.96,14550,4775,4725,2,0.137,1.589,0.692,2,0.137,1.589,0.692,2,0.137,1.211,0.967,4,0.275,1.037,0.794,0,0,1.489,0.545,0,0,1.483,0.5,1,0.069,3.533,4.811,0,0,1.579,3.533,4.811,0,0,4.811,6.846,0,0,3.267,0.026,0,0,6.139,0
3098,82.5,17.5,39,71,15,125,8.528784648,15.13859275,3.198294243,26.86567164,25.17,74.32,88,9,5,29.83,55.43,9.34,8.21,6.25,0,0,2.91,4690,2120,2055,0,0,2.571,0.017,0,0,2.19,0.017,0,0,2.022,0.059,1,0.213,1.605,0.562,2,0.426,1.206,0.9,0,0,2,0.017,0,0,2.503,2.689,0,0,2.272,2.503,2.689,0,0,2.689,2.899,0,0,2.369,0,0,0,2.556,0
3099,86.8,13.2,9,33,1,43,3.300330033,11.22112211,0.330033003,14.85148515,15.46,59.49,5,1,1,39.32,9.85,3.88,1.52,3.01,53,1.75,2.72,3030,1175,1150,0,0,2.418,0.099,0,0,2.324,0.099,0,0,1.963,0.278,0,0,1.711,0.278,0,0,1.602,0.34,0,0,2.185,0.188,0,0,2.612,3.036,0,0,2.152,2.612,3.036,0,0,3.036,3.515,0,0,2.441,0.037,0,0,2.657,0
3100,88.3,11.7,59,219,18,296,3.189542484,11.60784314,0.941176471,15.73856209,22.68,48.25,16,2,1,21.38,10.48,1.91,1.85,1.02,0,0,8.2,19125,6660,6520,1,0.052,2.902,0.317,1,0.052,2.902,0.317,3,0.157,1.879,0.749,7,0.366,1.32,0.746,4,0.209,1.673,0.582,0,0,3.668,0,0,0,5.609,6.661,0,0,2.893,5.609,6.661,0,0,6.661,8.881,2,0.105,3.146,0.588,0,0,9.07,0
3101,78.4,21.6,124,723,111,958,11.67720342,57.19598364,8.702119747,77.57530681,29.85,73.43,85,8,4,17.88,43.55,6.55,4.98,3.39,0,0,3.53,13445,6425,6075,3,0.223,1.912,0.451,7,0.521,1.669,0.503,6,0.595,0.98,0.863,26,2.083,0.802,0.932,14,1.264,1.191,0.793,6,0.521,1.464,0.548,0,0,1.73,2.02,1,0.074,1.397,1.73,2.02,1,0.074,2.02,2.415,1,0.149,2.047,0.428,2,0.149,2.451,0.169
3102,83.1,16.9,6,31,2,39,3.636363636,23.03030303,1.212121212,27.87878788,25.06,73.85,1,1,1,52.67,29.62,5.05,6.38,9.38,0,0,2.39,1650,675,575,0,0,1.069,0.859,0,0,1.068,0.859,0,0,0.975,0.892,0,0,0.968,0.892,1,0.606,0.987,0.892,0,0,1.178,0.892,0,0,2.294,2.388,0,0,2.239,2.294,2.388,0,0,2.388,2.54,0,0,1.503,0.51,0,0,1.637,0.356
3103,84.9,15.1,43,155,11,209,4.826958106,17.03096539,1.639344262,23.49726776,25.99,53.75,53,5,3,30.88,8.99,4.74,4.5,3.65,0,0,3.73,10980,4080,3995,0,0,1.952,0.647,0,0,1.945,0.647,2,0.273,1.066,0.751,6,1.002,0.874,0.81,4,0.729,1.177,0.66,2,0.273,1.468,0.729,0,0,3.179,3.401,0,0,2.487,3.179,3.401,0,0,3.401,3.961,0,0.091,2.284,0.485,0,0.091,3.352,0.343
3104,74.7,25.3,282,1059,167,1508,36.2716763,161.5606936,23.04913295,220.8815029,61.58,96.05,97,9,5,19.76,15.81,25.86,9.73,7.1,10564,76.33,1,13840,9065,7430,1,0.072,1.186,0.779,1,0.072,1.158,0.779,13,1.084,0.359,1,79,6.358,0.341,1,29,2.89,0.336,1,10,0.723,0.929,0.929,2,0.145,0.49,0.541,3,0.217,0.374,0.49,0.541,7,0.506,0.541,0.732,5,0.578,0.696,1,0,0.145,1.35,0.504
3105,82.4,17.6,31,284,17,332,14.38848921,116.9064748,6.474820144,137.7697842,68.48,85.88,92,9,5,17.01,4.91,11.14,2.6,1.59,0,0,2.92,2780,1205,1150,2,0.719,0.829,1,3,1.079,0.717,1,1,0.36,0.963,1,15,6.115,0.536,1,5,1.799,0.721,1,3,1.079,0.828,1,0,0,2.256,2.678,0,0,1.992,2.256,2.678,0,0,2.678,3.402,2,0.719,1.082,0.976,1,0.36,1.91,0.937
3106,88.6,11.4,97,330,24,451,4.414414414,15.63063063,1.081081081,21.12612613,28.29,55.6,9,1,1,25.62,8.86,5.04,5.23,2.87,0,0,6.29,22200,7890,7785,2,0.09,2.486,0.251,2,0.09,2.474,0.251,3,0.225,1.837,0.608,19,0.901,1.115,0.681,13,0.586,1.261,0.721,5,0.225,1.47,0.517,0,0,3.623,4.605,0,0,1.49,3.623,4.605,2,0.09,4.605,5.714,2,0.09,2.907,0.222,0,0,6.181,0
3107,87.8,12.2,49,172,12,233,4.755111745,17.9743224,1.236329054,23.9657632,5.79,53.33,28,3,2,9.75,11.13,1.43,3.11,4.72,0,0,3.54,10515,3650,3515,1,0.19,1.993,0.335,2,0.285,1.82,0.335,0,0,2.362,0.112,8,1.617,1.403,0.426,5,0.761,1.643,0.263,1,0.095,2.16,0.221,0,0,2.541,2.767,0,0,2.098,2.541,2.767,0,0.095,2.767,3.654,0,0.095,2.499,0.139,0,0,3.231,0.085
3108,86.4,13.6,54,162,18,234,4.82302606,18.04745235,1.555814858,24.42629327,31.63,52.55,20,2,1,19.57,11.29,3.81,2.32,2.57,0,0,4.4,12855,4675,4595,3,0.233,1.608,0.753,3,0.233,1.608,0.753,4,0.389,1.485,0.809,23,1.789,1.1,0.836,12,1.167,1.136,0.841,0,0,2.55,0.002,0,0,3.351,3.83,0,0,2.255,3.351,3.83,0,0,3.83,4.734,1,0.078,2.161,0.522,0,0,4.462,0
3109,87.1,12.9,122,638,49,809,4.673737192,23.33273414,1.761639403,29.76811073,12.05,46.88,32,3,2,13.36,16.09,3.97,2.37,2.4,999,3.59,4.04,27815,9520,9035,3,0.108,2.89,0.07,4,0.144,2.735,0.07,2,0.072,2.549,0.481,24,0.935,2.579,0.151,10,0.431,2.573,0.14,0,0,3.579,0.032,0,0,4.457,5.996,0,0,3.787,4.457,5.996,0,0,5.996,8.876,2,0.072,2.86,0.426,0,0,10.286,0
3110,87.3,12.7,18,30,0,0,3.833865815,6.602768903,0,10.43663472,24.13,70.05,45,5,3,34.6,14.92,5.9,5.43,3.48,0,0,5.45,4695,1905,1875,1,0.213,2.546,0.517,1,0.213,2.546,0.517,0,0.213,1.845,0.256,4,0.852,1.139,0.65,4,1.278,1.119,0.673,2,0.639,1.313,0.445,0,0,2.996,3.476,0,0,1.844,2.996,3.476,0,0,3.476,4.281,1,0.213,2.36,0.517,0,0,3.957,0
3111,74.2,25.8,181,778,115,1074,18.67555979,82.03906622,11.05288232,111.7675083,70.01,88.52,96,9,5,21.55,12.18,18.88,4.37,4.02,10063,95.88,0.94,10495,6060,5515,1,0.095,1.345,0.827,1,0.095,1.345,0.827,13,1.525,0.384,1,13,2.287,0.415,1,12,2.001,0.545,1,1,0.381,0.699,1,0,0.095,0.614,0.698,3,0.381,0.488,0.614,0.698,3,0.286,0.698,0.828,3,0.381,0.77,1,4,0.572,0.77,0.987
3112,73.6,26.4,144,891,98,1133,27.16723549,151.3993174,15.6996587,194.2662116,71.35,87.19,106,10,5,15.71,10.34,14.75,4.1,1.6,7381,100.76,0.69,7325,4525,4005,2,0.273,1.082,1,2,0.273,1.082,1,10,2.321,0.347,1,14,3.003,0.304,1,5,2.048,0.384,1,2,0.273,0.768,1,5,0.683,0.382,0.491,4,0.956,0.291,0.382,0.491,1,0.273,0.491,0.662,0,0.273,1.092,0.983,2,0.819,0.71,1
3113,90.6,9.4,12,30,6,48,4.62633452,13.52313167,2.135231317,20.28469751,2.24,26.8,30,3,2,36.28,1.98,0.09,0.11,0.08,0,0,23,2810,1055,1025,0,0,13.092,0,0,0,12.674,0,1,0.356,5.06,0,1,0.356,5.957,0.272,0,0,7.725,0,0,0,13.388,0.055,0,0,15.72,16.901,0,0,12.31,15.72,16.901,0,0,16.901,18.866,0,0,13.896,0,0,0,19.397,0
3114,80.7,19.3,36,74,7,117,15.35648995,35.10054845,2.925045704,53.3820841,33.7032967,71.62637363,67,7,4,29.94,21.41,2.62,2.97,4.45,0,0,2.7,2735,1220,1125,0,0,2.099,0,0,0,2.099,0,0,0,0.977,1,3,1.828,0.713,1,2,1.463,0.743,1,0,0,2.162,0,1,0.366,0.673,0.86,0,0,0.596,0.673,0.86,3,1.097,0.86,1.635,0,0,2.163,0,0,0,1.808,1
3115,77.1,22.9,149,485,42,676,19.0692395,62.31555051,5.561861521,86.94665153,62.77,95.61,95,9,5,13.06,4.6,26.88,6.11,1.31,8695,98.69,0.58,8810,5285,4760,0,0,1.686,0.26,2,0.227,0.826,0.946,12,1.362,0.341,1,36,4.2,0.228,1,82,9.535,0.187,1,9,1.022,0.4,1,2,0.341,0.51,0.601,3,0.454,0.391,0.51,0.601,0,0.568,0.601,0.754,4,0.568,0.555,1,0,0,1.64,0.21
3116,84.4,15.6,83,821,61,965,7.084690554,69.78827362,5.211726384,82.08469055,57.23,97.6,37,4,2,29.39,13.75,12.42,10.76,8.47,1189,9.68,2.27,12280,6790,6275,3,0.244,1.019,0.92,3,0.244,0.991,0.92,2,0.244,1.097,0.92,18,1.873,0.506,1,19,1.792,0.544,1,7,0.733,0.718,0.98,1,0.081,0.974,1.302,0,0,0.847,0.974,1.302,2,0.163,1.302,1.686,3,0.326,0.883,1,0,0,3.951,0
3117,84.8,15.2,87,373,52,512,8.13648294,36.3079615,4.899387577,49.34383202,33.38,82.18,71,7,4,25.79,5.96,7.51,6.62,5.03,4542,39.74,2.03,11430,5565,5355,0,0,1.573,0.84,1,0.087,1.274,0.868,3,0.262,1.064,0.817,8,0.7,0.794,0.964,9,0.787,0.749,0.957,4,0.35,0.959,0.932,3,0.262,0.731,0.84,2,0.175,0.594,0.731,0.84,4,0.525,0.84,1.095,2,0.175,1.26,0.887,1,0.087,1.437,0.828
