name,total_population,number_of_seniors_age_65,percent_of_pop_that_are_seniors_age_65,average_age_of_the_population,median_age_of_the_population,number_of_people_living_alone,percent_of_people_living_alone,number_of_after_tax_income_recipients_age_15,average_after_tax_income_in_2020_among_recipients,number_of_market_income_recipients_age_15,average_market_income_in_2020_among_recipients,percent_of_income_from_government_transfers_2020,average_after_tax_income_in_2019_among_recipients,average_market_income_in_2019_among_recipients,percent_of_income_from_government_transfers_2019,number_of_people_0_17_in_low_income_based_on_lim_at,percent_of_people_0_17_in_low_income_based_on_lim_at,number_of_people_18_64_in_low_income_based_on_lim_at,percent_of_people_18_64_in_low_income_based_on_lim_at,number_of_people_65_in_low_income_based_on_lim_at,percent_of_people_65_in_low_income_based_on_lim_at,number_of_people_in_low_income_based_on_lim_at,percent_of_people_in_low_income_based_on_lim_at,number_of_people_with_knowledge_of_only_french_as_an_official_language,percent_of_people_with_knowledge_of_only_french_as_an_official_language,number_of_people_who_know_neither_english_nor_french,percent_of_people_who_know_neither_english_nor_french,percent_of_pop_that_are_indigenous,number_of_people_who_are_indigenous,percent_of_pop_that_are_fn,number_of_people_who_are_fn,percent_of_pop_that_are_metis,number_of_people_who_are_metis,percent_of_pop_that_are_inuit,number_of_people_who_are_inuit,number_of_immigrants,percent_of_pop_that_are_immigrants,percent_of_pop_that_are_recent_immigrants_arr_2016_2021,number_of_recent_immigrants_arr_2016_2021,percent_of_pop_that_are_refugees,percent_of_immigrants_that_are_refugees,number_of_refugees,percent_of_pop_that_are_visible_minority,number_of_people_who_are_visible_minority,number_of_pop_in_labour_force,percent_of_pop_in_labour_force_participation_rate,number_of_pop_unemployed,unemployment_rate,number_of_people_age_25_64_with_no_high_school_diploma,percent_of_people_age_25_64_with_no_high_school_diploma,number_of_people_age_25_64_with_a_high_school_diploma,percent_of_people_age_25_64_with_a_high_school_diploma,number_of_people_age_25_64_with_a_postsecondary_degree_diploma_or_certificate,percent_of_people_age_25_64_with_a_postsecondary_degree_diploma_or_certificate,number_of_workers_age_15_who_work_at_home,percent_of_workers_age_15_who_work_at_home,number_of_workers_age_15_who_have_no_fixed_workplace_address,percent_of_workers_age_15_who_have_no_fixed_workplace_address,number_of_workers_age_15_who_commute_by_car_truck_or_van,percent_of_workers_age_15_who_commute_by_car_truck_or_van,number_of_workers_age_15_who_commute_by_public_transit,percent_of_workers_age_15_who_commute_by_public_transit,number_of_workers_age_15_who_commute_by_walking,percent_of_workers_age_15_who_commute_by_walking,number_of_workers_age_15_who_commute_by_bicycle,percent_of_workers_age_15_who_commute_by_bicycle,number_of_workers_age_15_who_commute_by_other_means,percent_of_workers_age_15_who_commute_by_other_means,percent_of_workers_age_15_who_commute_for_60_minutes_and_over,number_of_people_with_french_as_a_language_most_spoken_at_home,percent_of_people_with_french_as_a_language_most_spoken_at_home,number_of_youth_age_15_24,percent_of_pop_that_are_youth_age_15_24,ONS_ID
ottawa_airport_3001,0,0,NA,NA,NA,0,NA,0,NA,0,NA,NA,NA,NA,NA,0,NA,0,NA,0,NA,0,NA,0,NA,0,NA,NA,0,NA,0,NA,0,NA,0,0,NA,NA,0,NA,NA,0,NA,0,0,NA,0,NA,0,NA,0,NA,0,NA,0,NA,0,NA,0,NA,0,NA,0,NA,0,NA,0,NA,NA,0,NA,0,NA,3001
ottawa_alta_vista_3002,300,15,0.05,31.8,34.4,10,0.03333333333333333,225,74500,225,88000,6,75000,93000,2.6,80,0.26666666666666666,210,0.7,0,0,0,0,0,0,0,0,0,0,0,0,0,0,0,0,140,0.45901639344262296,0.04918032786885246,15,0,0,0,1,305,200,0.8888888888888888,10,0.05,0,0,170,1,160,0.9411764705882352,115,0.6052631578947368,20,0.10526315789473684,60,0.75,0,0,15,0.1875,0,0,0,0,0,10,0.03333333333333333,40,0.13333333333333333,3002
ottawa_bayshore_3003,2175,90,0.04137931034482758,29.4,28,120,0.05517241379310345,1680,39640,1520,43880,13.5,29520,36000,8.6,375,0.1724137931034483,1715,0.7885057471264367,90,0.04137931034482758,265,0.12183908045977011,0,0,50,0.02293577981651376,0,0,0,0,0,0,0,0,1155,0.5298165137614679,0.32798165137614677,715,0.06896551724137931,0.13333333333333333,150,1,2180,1470,0.8010899182561307,135,0.09183673469387756,30,0.02290076335877862,1280,0.9770992366412212,1195,0.9122137404580152,525,0.3947368421052632,170,0.12781954887218044,440,0.546583850931677,275,0.3416149068322981,55,0.06832298136645963,0,0,35,0.04347826086956521,0.11801242236024843,0,0,435,0.2,3003
ottawa_beacon_hill_south_cardinal_heights_3004,345,30,0.08695652173913043,33.7,31.4,25,0.07246376811594203,275,42000,240,47600,15.8,40400,49600,5.7,75,0.21739130434782608,245,0.7101449275362319,30,0.08695652173913043,0,0,0,0,10,0.02898550724637681,0,0,0,0,0,0,0,0,240,0.6956521739130435,0.17391304347826086,60,0.04347826086956521,0.06521739130434782,15,1,345,230,0.8214285714285714,35,0.15217391304347827,10,0.05,185,0.925,140,0.7,85,0.4473684210526316,10,0.05263157894736842,65,0.5909090909090909,45,0.4090909090909091,0,0,0,0,0,0,0.09090909090909093,20,0.05797101449275362,55,0.15942028985507245,3004
ottawa_beaverbrook_3005,465,35,0.07526881720430108,32,30.2,10,0.02150537634408602,315,58000,295,72000,7.9,44800,56800,5.5,140,0.3010752688172043,290,0.6236559139784946,35,0.07526881720430108,0,0,0,0,0,0,0,0,0,0,0,0,0,0,260,0.5652173913043478,0.2065217391304348,95,0,0,0,1,460,265,0.7910447761194029,20,0.07547169811320754,0,0,240,0.979591836734694,220,0.8979591836734694,130,0.5416666666666666,15,0.0625,95,0.8636363636363636,0,0,0,0,0,0,10,0.09090909090909093,0,0,0,55,0.11827956989247312,3005
ottawa_beechwood_cemetery_3006,NA,NA,NA,NA,NA,NA,NA,NA,NA,NA,NA,NA,NA,NA,NA,NA,NA,NA,NA,NA,NA,NA,NA,NA,NA,NA,NA,NA,NA,NA,NA,NA,NA,NA,NA,NA,NA,NA,NA,NA,NA,NA,NA,NA,NA,NA,NA,NA,NA,NA,NA,NA,NA,NA,NA,NA,NA,NA,NA,NA,NA,NA,NA,NA,NA,NA,NA,NA,NA,NA,NA,NA,NA,3006
ottawa_bells_corners_east_3007,330,35,0.10606060606060606,34.7,28.6,0,0,255,38800,215,43200,18.8,35600,44400,10.6,80,0.24242424242424243,220,0.6666666666666666,35,0.10606060606060606,0,0,0,0,10,0.03076923076923077,0,0,0,0,0,0,0,0,180,0.5538461538461539,0.12307692307692308,40,0,0,0,1,325,165,0.6,10,0.06060606060606061,10,0.0625,155,0.96875,150,0.9375,60,0.4,30,0.2,75,0.8823529411764706,10,0.1176470588235294,0,0,0,0,0,0,0.1176470588235294,0,0,75,0.2272727272727273,3007
ottawa_bells_corners_west_3008,125,20,0.16,40,40,15,0.12,95,40000,90,42000,17.5,31600,34500,18.5,0,0,80,0.64,20,0.16,55,0.44,0,0,0,0,0,0,0,0,0,0,0,0,90,0.6923076923076923,0.2307692307692308,30,0,0,0,1,130,65,0.6190476190476191,0,0,0,0,65,0.9285714285714286,55,0.7857142857142857,30,0.5,10,0.16666666666666666,15,0.5,0,0,0,0,0,0,0,0,0,0,0,10,0.08,3008
ottawa_billings_bridge_heron_park_3009,345,20,0.05797101449275362,31.7,28.4,35,0.10144927536231883,310,37200,280,38400,17.2,31000,33600,8,0,0,300,0.8695652173913043,20,0.05797101449275362,70,0.2028985507246377,0,0,0,0,0,0,0,0,0,0,0,0,165,0.4714285714285714,0.18571428571428572,65,0.05797101449275362,0.13333333333333333,20,1,350,255,0.796875,15,0.0588235294117647,0,0,210,1,190,0.9047619047619048,115,0.4893617021276595,45,0.1914893617021277,60,0.5,40,0.3333333333333333,20,0.16666666666666666,0,0,0,0,0,0,0,85,0.2463768115942029,3009
ottawa_blackburn_hamlet_3010,175,30,0.17142857142857143,39.6,33.6,15,0.08571428571428572,145,38000,145,33500,21,33500,32500,14.4,30,0.17142857142857143,115,0.6571428571428571,30,0.17142857142857143,0,0,0,0,0,0,0,0,0,0,0,0,0,0,100,0.5555555555555556,0.05555555555555555,10,0.08571428571428572,0.21428571428571427,15,1,180,105,0.6774193548387096,30,0.2857142857142857,15,0.16666666666666666,75,0.8333333333333334,65,0.7222222222222222,35,0.4375,0,0,30,0.6666666666666666,10,0.2222222222222222,0,0,0,0,0,0,0,0,0,30,0.17142857142857143,3010
ottawa_blossom_park_timbermill_3011,225,35,0.15555555555555556,41.2,37.6,10,0.04444444444444444,185,52000,185,57200,11.4,54800,65000,9.2,45,0.2,145,0.6444444444444445,35,0.15555555555555556,0,0,0,0,10,0.04444444444444444,0,0,0,0,0,0,0,0,125,0.5555555555555556,0.13333333333333333,30,0,0,0,1,225,150,0.7692307692307693,10,0.06666666666666667,10,0.07407407407407407,125,0.925925925925926,100,0.7407407407407407,65,0.48148148148148145,0,0,65,0.8666666666666667,10,0.13333333333333333,0,0,0,0,0,0,0.13333333333333333,0,0,15,0.06666666666666667,3011
ottawa_borden_farm_fisher_glen_3012,320,95,0.296875,44.8,36.8,30,0.09375,285,51200,275,55600,11,36400,43200,9.4,35,0.109375,195,0.609375,95,0.296875,0,0,0,0,0,0,0,0,0,0,0,0,0,0,175,0.546875,0.125,40,0,0,0,1,320,180,0.6206896551724138,15,0.08333333333333333,0,0,145,1,130,0.896551724137931,75,0.4411764705882353,0,0,35,0.3684210526315789,50,0.5263157894736842,0,0,0,0,0,0,0,0,0,55,0.171875,3012
ottawa_braemar_park_belair_heights_copeland_park_3013,490,45,0.09183673469387756,30.5,26.8,40,0.08163265306122448,410,42200,390,45600,11.2,34200,37600,7,70,0.14285714285714285,375,0.7653061224489796,40,0.08163265306122448,35,0.07142857142857142,0,0,10,0.02061855670103092,0,0,0,0,0,0,0,0,215,0.443298969072165,0.17525773195876287,85,0,0,0,1,485,365,0.8690476190476191,55,0.1506849315068493,0,0,230,1,220,0.9565217391304348,120,0.375,15,0.046875,105,0.5526315789473685,70,0.3684210526315789,10,0.05263157894736842,15,0.07894736842105263,0,0,0.07894736842105263,10,0.02061855670103092,140,0.2857142857142857,3013
ottawa_bridlewood_emerald_meadows_3014,1785,155,0.08683473389355742,33.9,34.4,40,0.02240896358543417,1260,52100,1155,62300,9.9,48900,60400,6,505,0.28291316526610644,1120,0.6274509803921569,155,0.08683473389355742,65,0.03641456582633053,0,0,35,0.0196629213483146,0,0,0,0,0,0,0,0,1040,0.5842696629213483,0.11797752808988764,210,0.02240896358543417,0.0427807486631016,40,1,1780,1015,0.7463235294117647,115,0.11330049261083744,15,0.01587301587301587,935,0.9894179894179894,870,0.9206349206349206,535,0.5944444444444444,50,0.05555555555555555,320,0.8888888888888888,25,0.06944444444444445,10,0.02777777777777777,0,0,10,0.02777777777777777,0.06944444444444445,15,0.00842696629213483,260,0.14565826330532214,3014
ottawa_britannia_3015,445,20,0.0449438202247191,32.3,29.6,45,0.10112359550561796,360,45400,325,53000,10.4,37800,44000,8.6,75,0.16853932584269662,350,0.7865168539325843,20,0.0449438202247191,75,0.16853932584269662,0,0,0,0,0,0,0,0,0,0,0,0,225,0.5056179775280899,0.19101123595505615,85,0.03370786516853932,0.08333333333333333,15,1,445,320,0.8311688311688312,25,0.078125,20,0.06896551724137931,270,0.9310344827586208,225,0.7758620689655172,120,0.4067796610169492,20,0.06779661016949153,100,0.5714285714285714,60,0.34285714285714286,15,0.08571428571428572,0,0,10,0.05714285714285714,0,0,0,70,0.15730337078651685,3015
ottawa_brookside_briarbrook_morgans_grant_3016,2180,200,0.09174311926605504,32.9,33.2,65,0.02981651376146789,1460,54900,1320,69300,8.6,49560,64400,6,725,0.33256880733944955,1255,0.5756880733944955,200,0.09174311926605504,0,0,0,0,45,0.02064220183486238,0,0,0,0,0,0,0,0,1275,0.5848623853211009,0.14220183486238533,310,0.05504587155963303,0.0995850622406639,120,1,2180,1100,0.694006309148265,90,0.08181818181818182,0,0,1065,0.9953271028037384,995,0.9299065420560748,560,0.5544554455445545,40,0.0396039603960396,350,0.7777777777777778,35,0.07777777777777778,35,0.07777777777777778,0,0,25,0.05555555555555555,0.07777777777777778,10,0.00458715596330275,315,0.1444954128440367,3016
ottawa_cardinal_creek_3017,525,55,0.10476190476190476,37.4,37.6,15,0.02857142857142857,420,48000,375,56400,11.8,42000,52800,7.3,95,0.18095238095238095,375,0.7142857142857143,55,0.10476190476190476,0,0,0,0,10,0.01886792452830188,0,0,0,0,0,0,0,0,330,0.6226415094339622,0.07547169811320754,40,0.06666666666666667,0.1206896551724138,35,1,530,345,0.7582417582417582,55,0.15942028985507245,15,0.04838709677419355,295,0.9516129032258064,280,0.9032258064516128,155,0.543859649122807,20,0.07017543859649122,110,0.8461538461538461,15,0.1153846153846154,10,0.07692307692307693,0,0,0,0,0.15384615384615383,30,0.05660377358490566,90,0.17142857142857143,3017
ottawa_carleton_heights_courtland_park_3018,545,20,0.03669724770642202,30.1,25.8,30,0.05504587155963303,455,49400,425,65600,7.2,39600,57800,2.8,75,0.13636363636363635,450,0.8181818181818182,20,0.03636363636363636,70,0.12727272727272726,0,0,20,0.03636363636363636,0,0,0,0,0,0,0,0,205,0.37272727272727274,0.13636363636363635,75,0.02752293577981651,0.07692307692307693,15,1,550,395,0.8315789473684211,50,0.12658227848101267,0,0,275,0.9821428571428572,245,0.875,115,0.3333333333333333,60,0.17391304347826086,135,0.627906976744186,55,0.2558139534883721,25,0.11627906976744186,0,0,0,0,0,0,0,175,0.3211009174311927,3018
ottawa_carleton_university_3019,NA,NA,NA,NA,NA,NA,NA,NA,NA,NA,NA,NA,NA,NA,NA,NA,NA,NA,NA,NA,NA,NA,NA,NA,NA,NA,NA,NA,NA,NA,NA,NA,NA,NA,NA,NA,NA,NA,NA,NA,NA,NA,NA,NA,NA,NA,NA,NA,NA,NA,NA,NA,NA,NA,NA,NA,NA,NA,NA,NA,NA,NA,NA,NA,NA,NA,NA,NA,NA,NA,NA,NA,NA,3019
ottawa_carlington_3020,660,60,0.09090909090909093,33.2,28.6,70,0.10606060606060606,545,39600,470,42800,18,31200,36400,10.9,95,0.14393939393939395,495,0.75,60,0.09090909090909093,110,0.16666666666666666,0,0,30,0.04545454545454545,0,0,0,0,0,0,0,0,320,0.48484848484848486,0.1590909090909091,105,0.02272727272727272,0.05263157894736842,15,1,660,440,0.7787610619469026,50,0.11363636363636365,15,0.03846153846153846,370,0.9487179487179488,335,0.8589743589743589,165,0.4230769230769231,35,0.08974358974358974,130,0.5777777777777777,60,0.26666666666666666,15,0.06666666666666667,0,0,10,0.04444444444444444,0,0,0,120,0.18181818181818185,3020
ottawa_carp_3021,170,15,0.08823529411764706,33.6,32.8,0,0,120,88000,105,126000,4,79000,104000,2.5,60,0.35294117647058826,100,0.5882352941176471,0,0,0,0,0,0,10,0.0588235294117647,0,0,0,0,0,0,0,0,90,0.5294117647058824,0,0,0,0,0,1,170,95,0.7916666666666666,0,0,0,0,90,1,80,0.8888888888888888,35,0.4117647058823529,25,0.29411764705882354,40,0.8,15,0.3,0,0,0,0,0,0,0,0,0,15,0.08823529411764706,3021
ottawa_carson_grove_carson_meadows_3022,325,15,0.04615384615384615,35.1,35.2,45,0.13846153846153847,255,44800,220,51200,15.4,37200,48000,9.8,80,0.24615384615384617,235,0.7230769230769231,15,0.04615384615384615,75,0.2307692307692308,10,0.0303030303030303,10,0.0303030303030303,0,0,0,0,0,0,0,0,205,0.6212121212121212,0.15151515151515152,50,0.1076923076923077,0.1891891891891892,35,1,330,175,0.7,15,0.08571428571428572,25,0.1111111111111111,195,0.8666666666666667,165,0.7333333333333333,90,0.5454545454545454,10,0.06060606060606061,30,0.4,20,0.26666666666666666,15,0.2,0,0,0,0,0,15,0.04545454545454545,10,0.03076923076923077,3022
ottawa_centrepointe_briargreen_3023,690,95,0.13768115942028986,36.9,29.4,35,0.05072463768115942,585,49400,560,57200,10.6,47600,59200,5.2,95,0.13768115942028986,500,0.7246376811594203,95,0.13768115942028986,0,0,0,0,0,0,0,0,0,0,0,0,0,0,355,0.5107913669064749,0.05755395683453238,40,0.0144927536231884,0.03333333333333333,10,1,695,500,0.8130081300813008,65,0.13,0,0,375,0.986842105263158,340,0.8947368421052632,165,0.3793103448275862,15,0.03448275862068965,145,0.5272727272727272,70,0.2545454545454545,20,0.07272727272727272,0,0,30,0.10909090909090909,0.09090909090909093,20,0.02877697841726619,140,0.2028985507246377,3023
ottawa_centretown_3024,1435,70,0.04878048780487805,34.1,31,445,0.31010452961672474,1255,53400,1165,65400,7.8,45300,57400,4.3,175,0.12195121951219512,1190,0.8292682926829268,70,0.04878048780487805,205,0.14285714285714285,0,0,10,0.00699300699300699,0,0,0,0,0,0,0,0,705,0.493006993006993,0.15384615384615383,220,0.02439024390243902,0.056,35,1,1430,1045,0.806949806949807,90,0.0861244019138756,30,0.0297029702970297,985,0.9752475247524752,920,0.9108910891089108,620,0.6492146596858639,15,0.01570680628272251,130,0.3939393939393939,80,0.24242424242424243,90,0.2727272727272727,10,0.0303030303030303,15,0.04545454545454545,0.07575757575757576,20,0.01398601398601398,215,0.14982578397212545,3024
ottawa_chapel_hill_north_3025,555,115,0.2072072072072072,41.5,41.2,0,0,440,49200,385,56400,15.6,47000,62400,9.1,125,0.22522522522522523,310,0.5585585585585585,115,0.2072072072072072,0,0,0,0,10,0.01818181818181818,0,0,0,0,0,0,0,0,295,0.5363636363636364,0.04545454545454545,25,0.06306306306306306,0.18421052631578944,35,1,550,280,0.6222222222222222,20,0.07142857142857142,30,0.10714285714285714,250,0.8928571428571429,210,0.75,105,0.40384615384615385,30,0.1153846153846154,130,0.8387096774193549,15,0.0967741935483871,10,0.06451612903225806,0,0,0,0,0.06451612903225806,25,0.04545454545454545,55,0.0990990990990991,3025
ottawa_chapel_hill_south_3026,870,125,0.14367816091954022,37.6,35.6,20,0.02298850574712643,660,46900,600,49200,18.8,42700,49400,9.9,195,0.22413793103448276,545,0.6264367816091954,125,0.14367816091954022,35,0.04022988505747126,0,0,20,0.02298850574712643,0,0,0,0,0,0,0,0,575,0.6609195402298851,0.06321839080459771,55,0.1206896551724138,0.21212121212121213,105,1,870,505,0.7266187050359713,50,0.099009900990099,25,0.05263157894736842,450,0.9473684210526316,390,0.8210526315789474,160,0.34782608695652173,65,0.14130434782608697,245,0.8305084745762712,20,0.06779661016949153,15,0.05084745762711865,0,0,10,0.03389830508474576,0.05084745762711865,0,0,90,0.10344827586206896,3026
ottawa_chapman_mills_3027,1890,165,0.0873015873015873,34.1,32.8,40,0.02116402116402116,1395,45760,1210,54900,13.2,41560,53700,7.4,505,0.2671957671957672,1220,0.6455026455026455,165,0.0873015873015873,80,0.04232804232804232,0,0,55,0.0291005291005291,0,0,0,0,0,0,0,0,1235,0.6534391534391535,0.15873015873015872,300,0.05026455026455026,0.08085106382978724,95,1,1890,1025,0.6810631229235881,70,0.06829268292682927,25,0.02617801047120419,925,0.9685863874345548,840,0.8795811518324608,385,0.4010416666666667,105,0.109375,460,0.8141592920353983,70,0.12389380530973453,30,0.05309734513274336,0,0,10,0.01769911504424778,0.08849557522123894,25,0.01322751322751322,390,0.2063492063492063,3027
ottawa_city_view_3028,945,30,0.03174603174603174,27.4,24.6,10,0.01058201058201058,860,28750,810,26450,19.3,18720,19520,10.1,35,0.03703703703703703,875,0.925925925925926,35,0.03703703703703703,50,0.05291005291005291,0,0,0,0,0,0,0,0,0,0,0,0,185,0.19576719576719576,0.1111111111111111,105,0.01587301587301587,0.09090909090909093,15,1,945,805,0.8846153846153846,30,0.03726708074534161,10,0.0238095238095238,405,0.9642857142857144,375,0.8928571428571429,95,0.1217948717948718,185,0.23717948717948717,280,0.4117647058823529,390,0.5735294117647058,10,0.01470588235294117,0,0,0,0,0.13970588235294118,0,0,465,0.492063492063492,3028
ottawa_civic_hospital_3029,220,15,0.06818181818181818,28.7,28.4,35,0.1590909090909091,150,73000,145,92000,5.4,57000,69000,4.8,80,0.3636363636363637,130,0.5909090909090909,0,0,0,0,0,0,0,0,0,0,0,0,0,0,0,0,75,0.3409090909090909,0.09090909090909093,20,0,0,0,1,220,130,0.8666666666666667,0,0,0,0,120,1,120,1,85,0.6538461538461539,10,0.07692307692307693,35,0.7777777777777778,10,0.2222222222222222,0,0,0,0,0,0,0,0,0,20,0.09090909090909093,3029
ottawa_colonnade_business_park_3030,NA,NA,NA,NA,NA,NA,NA,NA,NA,NA,NA,NA,NA,NA,NA,NA,NA,NA,NA,NA,NA,NA,NA,NA,NA,NA,NA,NA,NA,NA,NA,NA,NA,NA,NA,NA,NA,NA,NA,NA,NA,NA,NA,NA,NA,NA,NA,NA,NA,NA,NA,NA,NA,NA,NA,NA,NA,NA,NA,NA,NA,NA,NA,NA,NA,NA,NA,NA,NA,NA,NA,NA,NA,3030
ottawa_constance_bay_3031,25,0,0,40,NA,0,0,0,NA,0,NA,NA,NA,NA,NA,0,NA,0,NA,0,NA,0,NA,0,0,0,0,0,0,0,0,0,0,0,0,10,0.4,0,0,0,0,0,1,25,0,0,0,NA,0,0,10,1,10,1,0,NA,0,NA,0,NA,0,NA,0,NA,0,NA,0,NA,NA,0,0,0,0,3031
ottawa_convent_glen_orleans_woods_3032,365,90,0.2465753424657534,42.3,41.6,45,0.1232876712328767,290,46000,275,47200,19.6,42000,45600,13.4,75,0.2054794520547945,200,0.547945205479452,90,0.2465753424657534,0,0,0,0,0,0,0,0,0,0,0,0,0,0,210,0.5833333333333334,0.1111111111111111,40,0.0821917808219178,0.2222222222222222,30,1,360,170,0.5666666666666667,30,0.17647058823529413,0,0,160,1,140,0.875,40,0.2857142857142857,20,0.14285714285714285,75,0.75,15,0.15,0,0,0,0,0,0,0.1,0,0,55,0.1506849315068493,3032
ottawa_corkery_3033,90,0,0,29,29,0,0,55,56000,50,64000,16,66000,80000,4,35,0.3888888888888889,55,0.6111111111111112,0,0,0,0,0,0,0,0,0,0,0,0,0,0,0,0,50,0.5263157894736842,0.10526315789473684,10,0,0,0,1,95,55,0.8461538461538461,0,0,0,0,45,1,40,0.8888888888888888,30,0.5454545454545454,10,0.18181818181818185,30,1,0,0,0,0,0,0,0,0,0,0,0,10,0.1111111111111111,3033
ottawa_craig_henry_manordale_3034,415,60,0.14457831325301204,38.3,27.8,20,0.04819277108433735,380,36600,360,39000,14.7,34600,40800,8.6,40,0.0963855421686747,315,0.7590361445783133,60,0.14457831325301204,60,0.14457831325301204,0,0,0,0,0,0,0,0,0,0,0,0,175,0.42168674698795183,0.07228915662650602,30,0.02409638554216867,0.08333333333333333,10,1,415,305,0.782051282051282,20,0.06557377049180328,0,0,185,0.9736842105263158,140,0.7368421052631579,85,0.2982456140350877,55,0.19298245614035087,75,0.36585365853658536,125,0.6097560975609756,0,0,0,0,0,0,0.14634146341463414,0,0,140,0.3373493975903614,3034
ottawa_crestview_tanglewood_3035,335,45,0.13432835820895522,35.4,30.4,25,0.07462686567164178,275,41600,265,41600,17.2,36400,40400,9.4,50,0.14925373134328357,235,0.7014925373134329,45,0.13432835820895522,35,0.1044776119402985,0,0,0,0,0,0,0,0,0,0,0,0,180,0.5373134328358209,0.16417910447761194,55,0.02985074626865671,0.06666666666666667,10,1,335,225,0.7758620689655172,15,0.06666666666666667,0,0,185,1,180,0.972972972972973,85,0.4047619047619048,25,0.11904761904761904,90,0.75,25,0.20833333333333337,0,0,0,0,0,0,0.08333333333333333,0,0,55,0.16417910447761194,3035
ottawa_crystal_bay_lakeview_park_3036,135,20,0.14814814814814814,37.6,41.2,0,0,85,54000,85,57000,14,50000,60000,8,50,0.3703703703703703,65,0.48148148148148145,0,0,0,0,0,0,0,0,0,0,0,0,0,0,0,0,70,0.5384615384615384,0,0,0,0,0,1,130,65,0.65,15,0.2307692307692308,0,0,50,0.9090909090909092,55,1,25,0.4166666666666667,10,0.16666666666666666,25,0.7142857142857143,0,0,0,0,0,0,0,0,0,0,0,25,0.18518518518518515,3036
ottawa_cumberland_3037,15,0,0,NA,NA,0,0,0,NA,0,NA,NA,NA,NA,NA,0,NA,0,NA,0,NA,0,NA,0,0,0,0,0,0,0,0,0,0,0,0,0,0,0,0,0,NA,0,1,15,15,1,0,0,0,0,15,1,15,1,0,0,0,0,10,1,0,0,0,0,0,0,0,0,0,0,0,0,0,3037
ottawa_dunrobin_3038,175,25,0.14285714285714285,41.4,45.6,0,0,140,55000,130,75000,7.8,54000,80000,4.6,40,0.22857142857142856,110,0.6285714285714286,25,0.14285714285714285,0,0,0,0,0,0,0,0,0,0,0,0,0,0,95,0.5588235294117647,0,0,0,0,0,1,170,85,0.5666666666666667,10,0.1176470588235294,0,0,85,1,80,0.9411764705882352,50,0.6666666666666666,0,0,25,1,0,0,0,0,0,0,0,0,0,0,0,45,0.2571428571428571,3038
ottawa_edwards_carlsbad_springs_3039,0,0,NA,NA,NA,0,NA,0,NA,0,NA,NA,NA,NA,NA,0,NA,0,NA,0,NA,0,NA,0,0,0,0,0,0,0,0,0,0,0,0,0,0,0,0,NA,NA,0,1,10,0,NA,0,NA,0,0,10,1,0,0,0,NA,0,NA,0,NA,0,NA,0,NA,0,NA,0,NA,NA,0,0,0,NA,3039
ottawa_elmvale_canterbury_3040,165,20,0.12121212121212122,34.6,34,10,0.06060606060606061,115,54000,115,58000,11.6,44000,57000,7.4,35,0.21212121212121213,110,0.6666666666666666,20,0.12121212121212122,0,0,0,0,10,0.06060606060606061,0,0,0,0,0,0,0,0,80,0.48484848484848486,0.2727272727272727,45,0.06060606060606061,0.14285714285714285,10,1,165,90,0.6923076923076923,15,0.16666666666666666,0,0,95,1,90,0.9473684210526316,55,0.6875,0,0,15,0.6,0,0,0,0,0,0,0,0,0,0,0,0,0,3040
ottawa_emerald_woods_sawmill_creek_3041,285,30,0.10526315789473684,38.6,32,25,0.08771929824561403,265,41200,250,46800,9.8,36000,42800,5.1,0,0,240,0.8421052631578947,30,0.10526315789473684,0,0,0,0,0,0,0,0,0,0,0,0,0,0,205,0.7321428571428571,0.17857142857142858,50,0.07017543859649122,0.10526315789473684,20,1,280,205,0.7735849056603774,10,0.04878048780487805,25,0.1282051282051282,175,0.8974358974358975,165,0.8461538461538461,55,0.28205128205128205,0,0,60,0.42857142857142855,30,0.21428571428571427,25,0.17857142857142858,0,0,20,0.14285714285714285,0,0,0,40,0.14035087719298245,3041
ottawa_experimental_farm_3042,NA,NA,NA,NA,NA,NA,NA,NA,NA,NA,NA,NA,NA,NA,NA,NA,NA,NA,NA,NA,NA,NA,NA,NA,NA,NA,NA,NA,NA,NA,NA,NA,NA,NA,NA,NA,NA,NA,NA,NA,NA,NA,NA,NA,NA,NA,NA,NA,NA,NA,NA,NA,NA,NA,NA,NA,NA,NA,NA,NA,NA,NA,NA,NA,NA,NA,NA,NA,NA,NA,NA,NA,NA,3042
ottawa_fallingbrook_3043,750,160,0.21333333333333335,40.6,40.4,30,0.04,580,43400,495,49000,19.4,40600,50000,12.2,190,0.25333333333333335,400,0.5333333333333333,160,0.21333333333333335,45,0.06,0,0,10,0.01333333333333333,0,0,0,0,0,0,0,0,465,0.62,0.08,60,0.05333333333333334,0.12121212121212122,40,1,750,370,0.6271186440677966,35,0.0945945945945946,10,0.02816901408450704,345,0.971830985915493,290,0.8169014084507042,180,0.5294117647058824,20,0.0588235294117647,135,0.8709677419354839,10,0.06451612903225806,0,0,0,0,0,0,0.0967741935483871,0,0,75,0.1,3043
ottawa_findlay_creek_3044,1525,115,0.07540983606557378,33.5,32.8,20,0.01311475409836065,1085,49100,980,57900,11.2,45500,56400,6.6,410,0.26885245901639343,1000,0.6557377049180327,115,0.07540983606557378,0,0,0,0,70,0.04590163934426229,0,0,0,0,0,0,0,0,960,0.6295081967213115,0.10163934426229508,155,0.08196721311475409,0.1358695652173913,125,1,1525,875,0.7478632478632479,70,0.08,50,0.06024096385542168,775,0.933734939759036,640,0.7710843373493976,355,0.44654088050314467,45,0.05660377358490566,385,0.8651685393258427,30,0.06741573033707865,10,0.02247191011235955,0,0,20,0.0449438202247191,0.0449438202247191,20,0.01311475409836065,225,0.14754098360655735,3044
ottawa_fisher_heights_3045,320,50,0.15625,36.2,27.2,0,0,255,35200,230,34800,22,31800,34000,13.4,45,0.140625,225,0.703125,50,0.15625,0,0,0,0,10,0.03076923076923077,0,0,0,0,0,0,0,0,155,0.47692307692307695,0.09230769230769233,30,0.0625,0.16666666666666666,20,1,325,180,0.6428571428571429,10,0.05555555555555555,15,0.1,135,0.9,125,0.8333333333333334,50,0.30303030303030304,20,0.12121212121212122,65,0.5652173913043478,40,0.34782608695652173,10,0.08695652173913043,0,0,0,0,0.13043478260869565,0,0,80,0.25,3045
ottawa_fitzroy_3046,60,0,0,22.4,14.8,0,0,0,NA,0,NA,NA,NA,NA,NA,0,NA,0,NA,0,NA,0,NA,0,0,0,0,0,0,0,0,0,0,0,0,20,0.3333333333333333,0,0,0,0,0,1,60,20,0.8,0,0,0,0,20,1,15,0.75,0,0,0,0,10,1,0,0,0,0,0,0,0,0,0,0,0,0,0,3046
ottawa_glebe_dows_lake_3047,340,30,0.08823529411764706,33.8,28.6,15,0.04411764705882353,260,54000,255,90000,6.8,64000,82000,4,90,0.2647058823529412,210,0.6176470588235294,35,0.10294117647058824,25,0.07352941176470588,0,0,0,0,0,0,0,0,0,0,0,0,130,0.3880597014925373,0.04477611940298507,15,0,0,0,1,335,210,0.7636363636363637,25,0.11904761904761904,0,0,165,1,165,1,115,0.6052631578947368,0,0,50,0.6666666666666666,0,0,20,0.26666666666666666,0,0,0,0,0,10,0.02941176470588235,75,0.22058823529411764,3047
ottawa_glen_cairn_3048,825,70,0.08484848484848485,30.8,32.4,20,0.02424242424242424,545,46000,485,53600,12.3,41800,54200,9.2,260,0.3151515151515151,495,0.6,70,0.08484848484848485,70,0.08484848484848485,0,0,20,0.02424242424242424,0,0,0,0,0,0,0,0,515,0.6242424242424243,0.24242424242424243,200,0.05454545454545454,0.09090909090909093,45,1,825,410,0.7008547008547008,30,0.07317073170731707,15,0.03260869565217391,450,0.9782608695652174,415,0.9021739130434784,190,0.5,25,0.06578947368421052,170,0.8717948717948718,10,0.05128205128205128,10,0.05128205128205128,0,0,0,0,0.05128205128205128,0,0,55,0.06666666666666667,3048
ottawa_greely_3049,310,20,0.06451612903225806,37.2,37.6,0,0,240,66000,225,85000,5.1,70000,95000,2.6,75,0.24193548387096775,220,0.7096774193548387,0,0,0,0,0,0,0,0,0,0,0,0,0,0,0,0,175,0.5645161290322581,0.08064516129032258,25,0.06451612903225806,0.14285714285714285,20,1,310,195,0.78,0,0,0,0,185,1,160,0.8648648648648649,95,0.4871794871794872,0,0,80,0.8421052631578947,0,0,0,0,0,0,0,0,0,0,0,40,0.12903225806451613,3049
ottawa_greenbelt_east_3050,0,0,NA,NA,NA,0,NA,0,NA,0,NA,NA,NA,NA,NA,0,NA,0,NA,0,NA,0,NA,0,NA,0,NA,NA,0,NA,0,NA,0,NA,0,0,NA,NA,0,NA,NA,0,NA,0,0,NA,0,NA,0,NA,0,NA,0,NA,0,NA,0,NA,0,NA,0,NA,0,NA,0,NA,0,NA,NA,0,NA,0,NA,3050
ottawa_greenbelt_west_3051,0,0,NA,NA,NA,0,NA,NA,NA,NA,NA,NA,NA,NA,NA,NA,NA,NA,NA,NA,NA,NA,NA,0,NA,0,NA,NA,0,NA,0,NA,0,NA,0,0,NA,NA,0,NA,NA,0,NA,0,0,NA,0,NA,0,NA,0,NA,0,NA,0,NA,0,NA,0,NA,0,NA,0,NA,0,NA,0,NA,NA,0,NA,0,NA,3051
ottawa_greenboro_east_3052,295,60,0.2033898305084746,46.6,53.2,15,0.05084745762711865,255,46000,245,53600,12.8,47600,60000,8.2,30,0.1016949152542373,205,0.6949152542372882,60,0.2033898305084746,60,0.2033898305084746,0,0,0,0,0,0,0,0,0,0,0,0,215,0.7288135593220338,0,0,0,0,0,1,295,180,0.6666666666666666,10,0.05555555555555555,0,0,170,1,140,0.8235294117647058,65,0.3939393939393939,0,0,65,0.6190476190476191,20,0.1904761904761905,0,0,0,0,20,0.1904761904761905,0.09523809523809525,0,0,40,0.13559322033898305,3052
ottawa_greenboro_west_3053,220,25,0.11363636363636365,39.8,39.6,0,0,180,41200,170,42400,19.5,37600,45000,9.6,30,0.13636363636363635,170,0.7727272727272727,20,0.09090909090909093,0,0,0,0,0,0,0,0,0,0,0,0,0,0,145,0.6590909090909091,0.04545454545454545,10,0.09090909090909093,0.16666666666666666,20,1,220,105,0.5384615384615384,15,0.14285714285714285,15,0.125,105,0.875,55,0.4583333333333333,30,0.3333333333333333,0,0,45,0.9,10,0.2,0,0,0,0,0,0,0,0,0,45,0.20454545454545456,3053
ottawa_hawthorn_meadows_sheffield_glen_3054,275,15,0.05454545454545454,31.8,31,30,0.10909090909090909,215,32400,195,30600,20.8,28600,31600,9.2,55,0.2,205,0.7454545454545455,0,0,30,0.10909090909090909,0,0,10,0.03636363636363636,0,0,0,0,0,0,0,0,165,0.6,0.2727272727272727,75,0.07272727272727272,0.12903225806451613,20,1,275,150,0.6521739130434783,10,0.06666666666666667,30,0.16666666666666666,145,0.8055555555555556,130,0.7222222222222222,40,0.2962962962962963,20,0.14814814814814814,45,0.47368421052631576,25,0.2631578947368421,15,0.15789473684210523,0,0,15,0.15789473684210523,0.10526315789473684,0,0,40,0.14545454545454545,3054
ottawa_hintonburg_mechanicsville_3055,350,10,0.02857142857142857,33.4,31.8,85,0.24285714285714283,290,79500,265,114000,3.8,63200,83000,2.3,35,0.1,310,0.8857142857142857,0,0,50,0.14285714285714285,0,0,0,0,0,0,0,0,0,0,0,0,180,0.5142857142857142,0.1,35,0.05714285714285714,0.1176470588235294,20,1,350,270,0.8571428571428571,25,0.0925925925925926,10,0.03703703703703703,260,0.9629629629629628,225,0.8333333333333334,155,0.6458333333333334,10,0.04166666666666666,35,0.3888888888888889,15,0.16666666666666666,15,0.16666666666666666,15,0.16666666666666666,10,0.1111111111111111,0,10,0.02857142857142857,35,0.1,3055
ottawa_hunt_club_park_3056,405,115,0.2839506172839506,46.9,52.4,10,0.02469135802469135,345,44600,310,48400,17.2,44200,50800,11.6,40,0.09876543209876544,250,0.6172839506172839,115,0.2839506172839506,0,0,0,0,30,0.07407407407407407,0,0,0,0,0,0,0,0,330,0.8148148148148148,0.09876543209876544,40,0.1111111111111111,0.17647058823529413,45,1,405,235,0.6266666666666667,20,0.0851063829787234,0,0,205,1,170,0.8292682926829268,95,0.4418604651162791,20,0.09302325581395347,110,0.9166666666666666,10,0.08333333333333333,0,0,0,0,0,0,0,15,0.03703703703703703,60,0.14814814814814814,3056
ottawa_industrial_east_3057,NA,NA,NA,NA,NA,NA,NA,NA,NA,NA,NA,NA,NA,NA,NA,NA,NA,NA,NA,NA,NA,NA,NA,NA,NA,NA,NA,NA,NA,NA,NA,NA,NA,NA,NA,NA,NA,NA,NA,NA,NA,NA,NA,NA,NA,NA,NA,NA,NA,NA,NA,NA,NA,NA,NA,NA,NA,NA,NA,NA,NA,NA,NA,NA,NA,NA,NA,NA,NA,NA,NA,NA,NA,3057
ottawa_iris_3058,375,20,0.05333333333333334,30.7,26.8,25,0.06666666666666667,355,39000,335,41600,12.2,28500,33600,5.5,30,0.08,320,0.8533333333333334,25,0.06666666666666667,0,0,0,0,0,0,0,0,0,0,0,0,0,0,130,0.3466666666666667,0.13333333333333333,50,0,0,0,1,375,290,0.8169014084507042,20,0.06896551724137931,0,0,185,1,175,0.945945945945946,70,0.25925925925925924,40,0.14814814814814814,120,0.6,65,0.325,10,0.05,0,0,0,0,0.05,0,0,150,0.4,3058
ottawa_island_park_wellington_village_3059,135,25,0.18518518518518515,37.2,36,10,0.07407407407407407,100,79000,95,102000,7.4,77000,100000,4.2,40,0.2962962962962963,70,0.5185185185185185,0,0,0,0,0,0,0,0,0,0,0,0,0,0,0,0,60,0.4444444444444444,0.07407407407407407,10,0,0,0,1,135,75,0.7142857142857143,10,0.13333333333333333,0,0,70,1,70,1,55,0.9166666666666666,0,0,10,1,0,0,0,0,0,0,0,0,0,0,0,10,0.07407407407407407,3059
ottawa_kanata_lakes_3060,1880,185,0.09840425531914894,35.7,36,55,0.02925531914893617,1335,63750,1225,86800,5.6,55750,75200,3.4,485,0.2579787234042553,1210,0.6436170212765957,185,0.09840425531914894,105,0.05585106382978723,0,0,25,0.01329787234042553,0,0,0,0,0,0,0,0,1195,0.6356382978723404,0.1622340425531915,305,0.00797872340425531,0.01435406698564593,15,1,1880,1115,0.7636986301369864,120,0.10762331838565024,0,0,1010,0.9950738916256158,940,0.9261083743842364,530,0.5326633165829145,70,0.07035175879396985,335,0.7362637362637363,65,0.14285714285714285,10,0.02197802197802198,0,0,40,0.08791208791208792,0.14285714285714285,10,0.00531914893617021,270,0.14361702127659576,3060
ottawa_katimavik_hazeldean_3061,470,70,0.14893617021276595,39.9,38.4,25,0.05319148936170213,360,56200,335,63800,11,51200,60400,6.6,100,0.2127659574468085,300,0.6382978723404256,70,0.14893617021276595,0,0,0,0,15,0.03191489361702127,0,0,0,0,0,0,0,0,330,0.7021276595744681,0.2872340425531915,135,0.05319148936170213,0.09433962264150944,25,1,470,280,0.7272727272727273,20,0.07142857142857142,0,0,275,1,240,0.8727272727272727,145,0.5471698113207547,0,0,110,0.9166666666666666,0,0,0,0,0,0,0,0,0,0,0,40,0.0851063829787234,3061
ottawa_kinburn_3062,0,0,NA,NA,NA,0,NA,0,NA,0,NA,NA,NA,NA,NA,0,NA,0,NA,0,NA,0,NA,0,NA,0,NA,NA,0,NA,0,NA,0,NA,0,0,NA,NA,0,NA,NA,0,NA,0,0,NA,0,NA,0,NA,0,NA,0,NA,0,NA,0,NA,0,NA,0,NA,0,NA,0,NA,0,NA,NA,0,NA,0,NA,3062
ottawa_laurentian_3063,450,25,0.05555555555555555,30.9,28.8,55,0.12222222222222222,300,68000,285,89000,5,56400,74500,3.2,135,0.3,290,0.6444444444444445,25,0.05555555555555555,55,0.12222222222222222,0,0,0,0,0,0,0,0,0,0,0,0,180,0.4044943820224719,0.16853932584269662,75,0,0,0,1,445,240,0.6857142857142857,10,0.04166666666666666,0,0,240,1,225,0.9375,130,0.5777777777777777,0,0,80,0.8,20,0.2,0,0,0,0,0,0,0.1,0,0,90,0.2,3063
NA,NA,NA,NA,NA,NA,NA,NA,NA,NA,NA,NA,NA,NA,NA,NA,NA,NA,NA,NA,NA,NA,NA,NA,NA,NA,NA,NA,NA,NA,NA,NA,NA,NA,NA,NA,NA,NA,NA,NA,NA,NA,NA,NA,NA,NA,NA,NA,NA,NA,NA,NA,NA,NA,NA,NA,NA,NA,NA,NA,NA,NA,NA,NA,NA,NA,NA,NA,NA,NA,NA,NA,NA,NA,NA
ottawa_ledbury_heron_gate_ridgemont_3065,1050,70,0.06666666666666667,32.8,30.8,100,0.09523809523809525,830,32900,680,32700,26.3,26050,29500,19.9,220,0.20952380952380953,755,0.719047619047619,70,0.06666666666666667,130,0.1238095238095238,0,0,135,0.12857142857142856,0,0,0,0,0,0,0,0,710,0.6794258373205742,0.14832535885167464,155,0.319047619047619,0.48905109489051096,335,1,1045,610,0.7011494252873564,70,0.11475409836065574,165,0.2773109243697479,430,0.7226890756302521,335,0.5630252100840336,155,0.2897196261682243,35,0.06542056074766354,260,0.6933333333333334,80,0.21333333333333335,15,0.04,0,0,10,0.02666666666666667,0.06666666666666667,10,0.00952380952380952,205,0.19523809523809524,3065
ottawa_leslie_park_bruce_farm_3066,120,0,0,30.4,27.4,10,0.08333333333333333,110,33500,115,32000,17,22400,24400,9,0,0,110,0.9166666666666666,0,0,0,0,0,0,0,0,0,0,0,0,0,0,0,0,40,0.32,0.12,15,0,0,0,1,125,100,0.9090909090909092,20,0.2,0,0,75,1.0714285714285714,70,1,25,0.3125,10,0.125,10,0.16666666666666666,50,0.8333333333333334,0,0,0,0,0,0,0.4166666666666667,0,0,40,0.3333333333333333,3066
ottawa_lowertown_east_3067,275,25,0.09090909090909093,30.1,27.4,30,0.10909090909090909,210,30000,165,30200,28.4,22000,24400,25,65,0.23636363636363636,180,0.6545454545454545,25,0.09090909090909093,110,0.4,0,0,0,0,0,0,0,0,0,0,0,0,155,0.5636363636363636,0.12727272727272726,35,0.21818181818181817,0.4,60,1,275,130,0.6190476190476191,35,0.2692307692307692,35,0.25,105,0.75,75,0.5357142857142857,45,0.47368421052631576,0,0,10,0.2,20,0.4,20,0.4,0,0,0,0,0,0,0,40,0.14545454545454545,3067
ottawa_lowertown_west_3068,230,0,0,34.6,32,90,0.391304347826087,215,50000,210,60400,5.8,46000,56800,2.2,0,0,225,0.9782608695652174,0,0,40,0.17391304347826086,0,0,0,0,0,0,0,0,0,0,0,0,115,0.4893617021276595,0.10638297872340426,25,0,0,0,1,235,205,0.9111111111111112,20,0.0975609756097561,0,0,180,1,180,1,75,0.4166666666666667,10,0.05555555555555555,45,0.4090909090909091,0,0,45,0.4090909090909091,0,0,10,0.09090909090909093,0,0,0,40,0.17391304347826086,3068
ottawa_manor_park_3069,130,25,0.19230769230769232,44.8,34,35,0.2692307692307692,120,44000,105,53000,13.6,34000,45000,10.4,0,0,105,0.8076923076923077,25,0.19230769230769232,30,0.2307692307692308,0,0,0,0,0,0,0,0,0,0,0,0,90,0.6923076923076923,0.07692307692307693,10,0.1153846153846154,0.2,15,1,130,85,0.6538461538461539,10,0.1176470588235294,0,0,75,1,60,0.8,25,0.3333333333333333,0,0,25,0.4545454545454546,0,0,15,0.2727272727272727,0,0,0,0,0,0,0,25,0.19230769230769232,3069
ottawa_manotick_3070,310,45,0.14516129032258066,39,42.8,10,0.03225806451612903,240,58000,230,74000,8,67000,89000,3.5,75,0.24193548387096775,190,0.6129032258064516,50,0.16129032258064516,0,0,0,0,0,0,0,0,0,0,0,0,0,0,165,0.5409836065573771,0.04918032786885246,15,0.04838709677419355,0.1111111111111111,15,1,305,180,0.6923076923076923,0,0,0,0,145,1,135,0.9310344827586208,95,0.5428571428571428,10,0.05714285714285714,70,0.9333333333333332,0,0,0,0,0,0,0,0,0,0,0,65,0.20967741935483872,3070
ottawa_marlborough_3071,0,0,NA,NA,NA,0,NA,0,NA,0,NA,NA,NA,NA,NA,0,NA,0,NA,0,NA,0,NA,0,NA,0,NA,NA,0,NA,0,NA,0,NA,0,0,NA,NA,0,NA,NA,0,NA,0,0,NA,0,NA,0,NA,0,NA,0,NA,0,NA,0,NA,0,NA,0,NA,0,NA,0,NA,0,NA,NA,0,NA,0,NA,3071
ottawa_merivale_gardens_grenfell_glen_pineglen_country_place_3072,80,35,0.4375,55.6,64,0,0,70,52000,60,58000,17,50000,54000,15,0,0,35,0.4375,35,0.4375,0,0,0,0,0,0,0,0,0,0,0,0,0,0,50,0.5882352941176471,0,0,0,0,0,1,85,30,0.42857142857142855,0,0,0,0,25,0.8333333333333334,20,0.6666666666666666,25,1,0,0,0,NA,0,NA,0,NA,0,NA,0,NA,NA,0,0,0,0,3072
ottawa_metcalfe_3073,35,0,0,23,14,0,0,0,NA,0,NA,NA,NA,NA,NA,0,NA,0,NA,0,NA,0,NA,0,0,0,0,0,0,0,0,0,0,0,0,10,0.2857142857142857,0,0,0,NA,0,1,35,15,1,0,0,0,0,15,1,15,1,15,1,0,0,0,NA,0,NA,0,NA,0,NA,0,NA,NA,0,0,0,0,3073
ottawa_munster_ashton_3075,35,0,0,18.5,9.9,0,0,0,NA,0,NA,NA,NA,NA,NA,0,NA,0,NA,0,NA,0,NA,0,0,0,0,0,0,0,0,0,0,0,0,0,0,0,0,0,NA,0,1,40,15,1,0,0,0,0,10,1,10,1,0,0,0,0,10,1,0,0,0,0,0,0,0,0,0,0,0,0,0,3075
ottawa_richmond_3074,135,10,0.07407407407407407,34.8,32.8,10,0.07407407407407407,90,60000,90,69000,9.5,66000,80000,4,45,0.34615384615384615,75,0.5769230769230769,0,0,0,0,0,0,0,0,0,0,0,0,0,0,0,0,55,0.4230769230769231,0,0,0.07407407407407407,0.25,10,1,130,80,0.8,20,0.25,0,0,60,1,55,0.9166666666666666,35,0.5833333333333334,0,0,30,1,0,0,0,0,0,0,0,0,0.3333333333333333,0,0,30,0.2222222222222222,3074
ottawa_navan_sarsfield_3076,0,0,NA,NA,NA,0,NA,0,NA,0,NA,NA,NA,NA,NA,0,NA,0,NA,0,NA,0,NA,0,NA,0,NA,NA,0,NA,0,NA,0,NA,0,0,NA,NA,0,NA,NA,0,NA,0,0,NA,0,NA,0,NA,0,NA,0,NA,0,NA,0,NA,0,NA,0,NA,0,NA,0,NA,0,NA,NA,0,NA,0,NA,3076
ottawa_new_edinburgh_3077,120,15,0.125,44,41.6,30,0.25,110,75000,110,96000,4.8,75000,102000,3.4,0,0,95,0.7916666666666666,15,0.125,0,0,0,0,0,0,0,0,0,0,0,0,0,0,50,0.4,0,0,0,0,0,1,125,95,0.8636363636363636,10,0.10526315789473684,0,0,85,1,85,1,50,0.5555555555555556,0,0,25,0.625,0,0,10,0.25,0,0,10,0.25,0,15,0.12,0,0,3077
ottawa_north_gower_kars_3078,35,0,0,39,28,10,0.2857142857142857,0,NA,0,NA,NA,60000,76000,3.6,0,0,35,1,0,0,0,0,0,0,0,0,0,0,0,0,0,0,0,0,20,0.5714285714285714,0,0,0,0,0,1,35,25,0.7142857142857143,0,0,0,0,30,1,30,1,20,0.6666666666666666,0,0,0,NA,0,NA,0,NA,0,NA,0,NA,NA,0,0,0,0,3078
ottawa_old_barrhaven_east_3079,2410,260,0.1078838174273859,35.8,33.6,75,0.03112033195020747,1840,45680,1650,53250,12.5,41520,49800,8.1,565,0.2344398340248963,1580,0.6556016597510373,260,0.1078838174273859,80,0.03319502074688797,0,0,70,0.02904564315352697,0,0,0,0,0,0,0,0,1615,0.6701244813278008,0.1099585062240664,265,0.03941908713692946,0.06291390728476821,95,1,2410,1395,0.7172236503856041,130,0.0931899641577061,35,0.02834008097165992,1195,0.9676113360323888,1090,0.8825910931174089,510,0.4015748031496063,125,0.0984251968503937,485,0.6466666666666666,185,0.24666666666666667,45,0.06,10,0.01333333333333333,25,0.03333333333333333,0.09333333333333334,0,0,455,0.1887966804979253,3079
ottawa_old_barrhaven_west_3080,1710,190,0.1111111111111111,34.1,31.8,40,0.02339181286549707,1180,46900,1040,54800,13.5,45000,52700,8.8,485,0.28362573099415206,1030,0.6023391812865497,190,0.1111111111111111,85,0.04970760233918128,0,0,45,0.02623906705539358,0,0,0,0,0,0,0,0,995,0.5818713450292398,0.11988304093567252,205,0.04678362573099415,0.08743169398907104,80,1,1710,890,0.6872586872586872,105,0.11797752808988764,20,0.02424242424242424,800,0.9696969696969696,695,0.8424242424242424,415,0.5286624203821656,35,0.04458598726114649,295,0.8082191780821918,55,0.1506849315068493,15,0.0410958904109589,0,0,0,0,0.0958904109589041,20,0.01166180758017492,280,0.16374269005847952,3080
ottawa_old_hunt_club_3081,755,230,0.304635761589404,45.3,40.8,45,0.05960264900662251,650,49100,605,53200,18,45800,52200,11.6,90,0.11920529801324505,435,0.5761589403973509,230,0.304635761589404,30,0.03973509933774834,0,0,0,0,0,0,0,0,0,0,0,0,490,0.6533333333333333,0.04,30,0.02649006622516556,0.0547945205479452,20,1,750,420,0.631578947368421,50,0.11904761904761904,0,0,360,0.9863013698630136,300,0.821917808219178,140,0.37333333333333335,35,0.09333333333333334,185,0.8043478260869565,45,0.1956521739130435,0,0,0,0,10,0.04347826086956521,0.08695652173913043,0,0,70,0.09271523178807949,3081
ottawa_old_ottawa_east_3082,620,0,0,29.8,26.2,45,0.07258064516129033,515,42200,500,46200,10.9,50400,67600,3.3,80,0.128,535,0.856,0,0,65,0.104,0,0,0,0,0,0,0,0,0,0,0,0,230,0.368,0.2,125,0,0,0,1,625,485,0.8738738738738738,35,0.07216494845360824,0,0,395,1,390,0.9873417721518988,185,0.4157303370786517,20,0.0449438202247191,130,0.5,125,0.4807692307692308,0,0,0,0,0,0,0.07692307692307693,0,0,150,0.24193548387096775,3082
ottawa_old_ottawa_south_3083,225,15,0.06666666666666667,37.6,37.2,10,0.04444444444444444,190,118000,185,164000,2.7,91000,122000,1.6,40,0.17777777777777778,170,0.7555555555555555,15,0.06666666666666667,0,0,0,0,0,0,0,0,0,0,0,0,0,0,125,0.5681818181818182,0,0,0,0,0,1,220,150,0.7894736842105263,30,0.2,0,0,105,1,95,0.9047619047619048,65,0.5416666666666666,10,0.08333333333333333,35,0.6363636363636364,0,0,0,0,15,0.2727272727272727,0,0,0,0,0,75,0.3333333333333333,3083
ottawa_orleans_industrial_3084,NA,NA,NA,NA,NA,NA,NA,NA,NA,NA,NA,NA,NA,NA,NA,NA,NA,NA,NA,NA,NA,NA,NA,NA,NA,NA,NA,NA,NA,NA,NA,NA,NA,NA,NA,NA,NA,NA,NA,NA,NA,NA,NA,NA,NA,NA,NA,NA,NA,NA,NA,NA,NA,NA,NA,NA,NA,NA,NA,NA,NA,NA,NA,NA,NA,NA,NA,NA,NA,NA,NA,NA,NA,3084
ottawa_orleans_village_chateauneuf_3085,435,95,0.21839080459770116,43.9,44.8,10,0.02298850574712643,390,41400,345,43200,19,37200,42400,12.7,50,0.11494252873563218,290,0.6666666666666666,95,0.21839080459770116,0,0,0,0,0,0,0,0,0,0,0,0,0,0,290,0.6744186046511628,0.06976744186046512,30,0.02298850574712643,0.05405405405405406,10,1,430,275,0.6875,15,0.05454545454545454,25,0.10638297872340426,210,0.8936170212765957,190,0.8085106382978723,100,0.38461538461538464,20,0.07692307692307693,140,0.9032258064516128,15,0.0967741935483871,0,0,0,0,0,0,0.06451612903225806,10,0.02325581395348837,65,0.14942528735632185,3085
ottawa_osgoode_vernon_3086,60,10,0.16666666666666666,37,42.8,0,0,40,72000,35,90000,9,68000,90000,8,0,0,25,0.4166666666666667,0,0,0,0,0,0,0,0,0,0,0,0,0,0,0,0,30,0.5,0,0,0.16666666666666666,0.3333333333333333,10,1,60,25,0.5555555555555556,0,0,0,0,25,1,20,0.8,15,0.75,0,0,0,NA,0,NA,0,NA,0,NA,0,NA,NA,0,0,0,0,3086
ottawa_overbrook_3087,680,65,0.09558823529411764,33.1,29.6,55,0.08088235294117647,470,38200,385,39200,26,33800,40000,15,185,0.27205882352941174,425,0.625,65,0.09558823529411764,165,0.2426470588235294,0,0,30,0.04444444444444444,0,0,0,0,0,0,0,0,360,0.5333333333333333,0.07407407407407407,50,0.08823529411764706,0.18181818181818185,60,1,675,330,0.6407766990291263,65,0.19696969696969696,75,0.20270270270270271,295,0.7972972972972973,260,0.7027027027027027,110,0.4230769230769231,40,0.15384615384615383,110,0.7586206896551724,30,0.20689655172413793,0,0,0,0,0,0,0,0,0,85,0.125,3087
ottawa_parkwood_hills_3088,610,10,0.01639344262295082,28.8,27,20,0.03278688524590164,450,32600,385,31800,24,22900,25200,16,150,0.2459016393442623,445,0.7295081967213115,0,0,135,0.2213114754098361,0,0,30,0.04918032786885246,0,0,0,0,0,0,0,0,335,0.5491803278688525,0.2213114754098361,135,0.09016393442622953,0.16923076923076924,55,1,610,375,0.7731958762886598,70,0.18666666666666668,25,0.07246376811594203,325,0.9420289855072465,290,0.8405797101449275,80,0.26666666666666666,40,0.13333333333333333,115,0.5111111111111111,85,0.37777777777777777,10,0.04444444444444444,0,0,10,0.04444444444444444,0.13333333333333333,10,0.01639344262295082,125,0.20491803278688525,3088
ottawa_pineview_3089,320,40,0.125,36,30.6,15,0.046875,260,40800,225,43600,19.2,38800,42000,13.6,60,0.1875,220,0.6875,40,0.125,50,0.15625,0,0,10,0.03125,0,0,0,0,0,0,0,0,175,0.546875,0.078125,25,0.0625,0.12903225806451613,20,1,320,200,0.7407407407407407,20,0.1,10,0.0625,155,0.96875,115,0.71875,40,0.2222222222222222,20,0.1111111111111111,90,0.6428571428571429,45,0.32142857142857145,0,0,0,0,0,0,0.07142857142857142,10,0.03125,75,0.234375,3089
ottawa_playfair_park_guildwood_estates_3090,250,45,0.18,37,39.6,20,0.08,160,62000,160,69000,10,53200,64000,10,80,0.3137254901960784,125,0.4901960784313726,45,0.17647058823529413,0,0,0,0,0,0,0,0,0,0,0,0,0,0,145,0.5686274509803921,0.1176470588235294,30,0,0,0,1,255,100,0.5714285714285714,15,0.15,10,0.08333333333333333,110,0.9166666666666666,95,0.7916666666666666,55,0.6111111111111112,0,0,30,0.75,0,0,0,0,0,0,0,0,0,0,0,10,0.04,3090
ottawa_portobello_south_3091,2765,250,0.09041591320072331,35.1,34.8,60,0.0216998191681736,2105,43640,1870,49680,14.5,39800,47320,9.5,675,0.244122965641953,1840,0.6654611211573237,250,0.09041591320072331,140,0.05063291139240506,0,0,85,0.03068592057761732,0,0,0,0,0,0,0,0,1750,0.631768953068592,0.09927797833935018,275,0.07956600361663653,0.13622291021671826,220,1,2770,1575,0.7126696832579186,170,0.10793650793650794,110,0.0707395498392283,1445,0.9292604501607716,1185,0.7620578778135049,615,0.44086021505376344,100,0.07168458781362007,615,0.7884615384615384,85,0.10897435897435898,25,0.03205128205128205,0,0,55,0.07051282051282051,0.08333333333333333,65,0.02346570397111913,405,0.14647377938517178,3091
ottawa_qualicum_redwood_3092,210,15,0.07142857142857142,32.6,28.6,10,0.04761904761904761,175,37600,150,42000,14,32000,41000,10.4,35,0.16666666666666666,160,0.7619047619047619,0,0,0,0,0,0,0,0,0,0,0,0,0,0,0,0,110,0.5365853658536586,0.2926829268292683,60,0,0,0,1,205,130,0.7222222222222222,30,0.2307692307692308,0,0,110,1,100,0.9090909090909092,55,0.55,0,0,30,0.75,10,0.25,0,0,0,0,0,0,0,0,0,55,0.2619047619047619,3092
ottawa_queensway_terrace_north_3093,90,0,0,33.2,31.4,10,0.1111111111111111,65,50000,50,62000,9.5,48000,64000,7.6,0,0,70,0.7777777777777778,0,0,0,0,0,0,0,0,0,0,0,0,0,0,0,0,40,0.4444444444444444,0.2777777777777778,25,0,0,0,1,90,60,0.8,0,0,0,0,55,0.9166666666666666,50,0.8333333333333334,15,0.2727272727272727,0,0,20,0.5,10,0.25,0,0,0,0,10,0.25,0,0,0,0,0,3093
ottawa_queenswood_chatelaine_3094,25,0,0,48,NA,0,0,25,24000,25,16000,40,20000,NA,NA,0,0,0,0,0,0,0,0,0,0,0,0,0,0,0,0,0,0,0,0,20,0.8,0.4,10,0,0,0,1,25,20,0.8,0,0,0,0,15,1,15,1,10,0.5,0,0,0,0,0,0,0,0,0,0,0,0,0,0,0,0,0,3094
ottawa_queenswood_heights_3095,225,45,0.2,40.8,41.2,15,0.06666666666666667,180,47200,150,53000,16.4,44000,52000,14.4,50,0.2222222222222222,125,0.5555555555555556,45,0.2,0,0,0,0,0,0,0,0,0,0,0,0,0,0,135,0.6,0.04444444444444444,10,0.06666666666666667,0.14285714285714285,15,1,225,105,0.6,0,0,0,0,105,0.9130434782608696,80,0.6956521739130435,50,0.4545454545454546,0,0,50,0.9090909090909092,0,0,0,0,0,0,0,0,0,0,0,20,0.08888888888888889,3095
ottawa_rideaucrest_davidson_heights_3097,1130,115,0.10176991150442478,36.8,35.6,0,0,840,47800,735,59200,12.3,46900,58000,6.8,295,0.2610619469026549,720,0.6371681415929203,115,0.10176991150442478,0,0,0,0,30,0.02654867256637168,0,0,0,0,0,0,0,0,665,0.588495575221239,0.07079646017699115,80,0.02654867256637168,0.04958677685950413,30,1,1130,630,0.7078651685393258,60,0.09523809523809525,60,0.1,545,0.9083333333333332,480,0.8,225,0.3947368421052632,45,0.07894736842105263,275,0.7857142857142857,55,0.15714285714285714,10,0.02857142857142857,0,0,15,0.04285714285714286,0.04285714285714286,0,0,175,0.15486725663716813,3097
ottawa_riverside_park_mooneys_bay_3098,125,0,0,33.6,29,10,0.08,105,32000,95,31600,16.5,31600,32500,10,0,0,105,0.84,0,0,25,0.2,0,0,0,0,0,0,0,0,0,0,0,0,45,0.375,0.08333333333333333,10,0,0,0,1,120,100,0.9090909090909092,10,0.1,0,0,75,1,75,1,40,0.4444444444444444,0,0,30,0.6666666666666666,20,0.4444444444444444,0,0,0,0,0,0,0,0,0,25,0.2,3098
ottawa_riverside_park_south_revelstoke_3099,75,10,0.13333333333333333,30,35.2,0,0,50,96000,45,136000,5,92000,116000,3.6,30,0.375,40,0.5,0,0,0,0,0,0,0,0,0,0,0,0,0,0,0,0,35,0.4375,0,0,0,0,0,1,80,35,0.7,0,0,0,0,40,1,40,1,25,0.7142857142857143,0,0,0,0,0,0,0,0,0,0,0,0,0,15,0.1875,0,0,3099
ottawa_riverside_south_leitrim_3100,1415,165,0.1166077738515901,34.5,33.6,35,0.02473498233215547,1020,52700,930,63300,11.3,48100,59300,7.3,415,0.29328621908127206,835,0.5901060070671378,165,0.1166077738515901,50,0.0353356890459364,0,0,55,0.03873239436619718,0,0,0,0,0,0,0,0,810,0.5704225352112676,0.08450704225352113,120,0.03886925795053003,0.0763888888888889,55,1,1420,820,0.7454545454545455,30,0.03658536585365853,15,0.02,735,0.98,625,0.8333333333333334,390,0.4936708860759494,50,0.06329113924050633,345,0.8734177215189873,30,0.0759493670886076,0,0,0,0,15,0.0379746835443038,0.0759493670886076,0,0,185,0.13074204946996468,3100
ottawa_riverview_3101,1160,65,0.05603448275862069,30.9,26.8,115,0.09913793103448276,965,36000,900,38600,12.9,27300,32600,7.2,90,0.07758620689655173,1000,0.8620689655172413,65,0.05603448275862069,230,0.19827586206896552,0,0,25,0.02164502164502164,0,0,0,0,0,0,0,0,475,0.41125541125541126,0.22077922077922077,255,0.02155172413793103,0.05747126436781609,25,1,1155,885,0.8194444444444444,90,0.1016949152542373,25,0.03571428571428571,675,0.9642857142857144,650,0.9285714285714286,285,0.3584905660377358,85,0.1069182389937107,185,0.3627450980392157,245,0.4803921568627451,60,0.1176470588235294,10,0.0196078431372549,10,0.0196078431372549,0.04901960784313725,10,0.00865800865800865,315,0.27155172413793105,3101
ottawa_rockcliffe_park_3102,100,20,0.2,38.8,41.6,0,0,70,96000,70,148000,2.8,136000,175000,1.8,30,0.3,50,0.5,0,0,0,0,0,0,0,0,0,0,0,0,0,0,0,0,45,0.42857142857142855,0,0,0,0,0,1,105,40,0.5714285714285714,0,0,0,0,30,1,30,1,20,0.4444444444444444,0,0,25,1,0,0,0,0,0,0,0,0,0,0,0,20,0.2,3102
ottawa_rothwell_heights_beacon_hill_north_3103,540,85,0.1574074074074074,37.7,38.4,15,0.02777777777777777,410,54000,355,69200,11.7,50800,67600,7.7,140,0.25688073394495414,325,0.5963302752293578,85,0.1559633027522936,0,0,0,0,0,0,0,0,0,0,0,0,0,0,300,0.5504587155963303,0.02752293577981651,15,0.03703703703703703,0.09090909090909093,20,1,545,295,0.6704545454545454,35,0.11864406779661016,0,0,230,0.9583333333333334,200,0.8333333333333334,100,0.4,20,0.08,115,0.7931034482758621,0,0,15,0.10344827586206896,0,0,10,0.06896551724137931,0.06896551724137931,0,0,115,0.21296296296296297,3103
ottawa_sandy_hill_3104,470,30,0.06382978723404255,32.2,27.4,130,0.2765957446808511,410,46600,390,51600,10.7,39200,45600,5.6,30,0.06382978723404255,405,0.8617021276595744,30,0.06382978723404255,130,0.2765957446808511,0,0,0,0,0,0,0,0,0,0,0,0,220,0.4731182795698925,0.10752688172043012,50,0.03191489361702127,0.07692307692307693,15,1,465,385,0.8651685393258427,60,0.15584415584415584,0,0,280,0.9824561403508772,255,0.8947368421052632,190,0.59375,15,0.046875,40,0.3076923076923077,45,0.34615384615384615,40,0.3076923076923077,0,0,0,0,0,0,0,125,0.26595744680851063,3104
ottawa_south_keys_3105,105,20,0.1904761904761905,35.6,25.6,20,0.1904761904761905,100,29200,90,28400,19,16800,19600,16,0,0,90,0.8571428571428571,0,0,0,0,0,0,0,0,0,0,0,0,0,0,0,0,35,0.3333333333333333,0.09523809523809525,10,0,0,0,1,105,80,0.7619047619047619,0,0,0,0,40,1,40,1,30,0.4,10,0.13333333333333333,20,0.4444444444444444,25,0.5555555555555556,0,0,0,0,0,0,0,0,0,50,0.47619047619047616,3105
ottawa_stittsville_3106,1010,100,0.099009900990099,33.6,31.6,10,0.0099009900990099,735,51100,665,65000,9.1,49000,62200,6,260,0.25742574257425743,650,0.6435643564356436,100,0.099009900990099,0,0,0,0,15,0.01485148514851485,0,0,0,0,0,0,0,0,600,0.594059405940594,0.1485148514851485,150,0.0396039603960396,0.07272727272727272,40,1,1010,580,0.7388535031847133,30,0.05172413793103448,20,0.03669724770642202,530,0.9724770642201837,490,0.8990825688073395,235,0.4272727272727273,25,0.04545454545454545,270,0.8852459016393442,30,0.09836065573770492,0,0,0,0,0,0,0.04918032786885246,0,0,150,0.1485148514851485,3106
ottawa_stittsville_east_3107,1985,75,0.03778337531486146,28.9,31.6,25,0.01259445843828715,1335,55850,1190,70200,8.6,50240,64400,5.7,620,0.3123425692695214,1290,0.6498740554156172,75,0.03778337531486146,0,0,0,0,100,0.0505050505050505,0,0,0,0,0,0,0,0,1305,0.6590909090909091,0.26515151515151514,525,0.02518891687657431,0.03937007874015748,50,1,1980,1120,0.7915194346289752,80,0.07142857142857142,40,0.03278688524590164,1175,0.9631147540983608,1090,0.8934426229508197,520,0.5,55,0.05288461538461538,435,0.87,55,0.11,0,0,0,0,0,0,0.11,35,0.01767676767676767,125,0.06297229219143577,3107
ottawa_stittsville_north_3108,920,70,0.07608695652173914,32.8,33.2,20,0.0217391304347826,655,54000,570,70400,7.4,50100,64800,4.4,250,0.2717391304347826,600,0.6521739130434783,70,0.07608695652173914,0,0,0,0,35,0.03804347826086957,0,0,0,0,0,0,0,0,625,0.6793478260869565,0.30978260869565216,285,0.03260869565217391,0.05128205128205128,30,1,920,560,0.8115942028985508,30,0.05357142857142857,10,0.01709401709401709,575,0.9829059829059827,540,0.9230769230769232,295,0.5619047619047619,20,0.0380952380952381,200,0.8888888888888888,0,0,15,0.06666666666666667,0,0,0,0,0.04444444444444444,0,0,45,0.04891304347826087,3108
ottawa_stonebridge_half_moon_bay_3109,3435,290,0.08442503639010189,32.5,32.8,55,0.01601164483260553,2365,51000,2130,61000,11.5,48880,62550,6,1055,0.3071324599708879,2090,0.6084425036390102,285,0.08296943231441048,150,0.04366812227074235,0,0,80,0.02332361516034985,0,0,0,0,0,0,0,0,2135,0.6224489795918368,0.14723032069970846,505,0.04512372634643377,0.0775,155,1,3430,1900,0.7495069033530573,160,0.08421052631578947,40,0.02197802197802198,1780,0.978021978021978,1625,0.8928571428571429,870,0.5014409221902018,105,0.06051873198847262,690,0.8023255813953488,120,0.13953488372093023,20,0.02325581395348837,15,0.01744186046511628,15,0.01744186046511628,0.12209302325581396,0,0,425,0.12372634643377002,3109
ottawa_trend_arlington_3110,200,25,0.125,35.8,33.6,10,0.05,140,50000,115,67000,14.4,47000,59000,9.6,60,0.2926829268292683,125,0.6097560975609756,25,0.12195121951219512,0,0,0,0,0,0,0,0,0,0,0,0,0,0,105,0.5121951219512195,0.0975609756097561,20,0,0,0,1,205,95,0.6551724137931034,10,0.10526315789473684,0,0,105,1,90,0.8571428571428571,50,0.5263157894736842,0,0,40,0.8888888888888888,0,0,0,0,0,0,0,0,0,0,0,0,0,3110
ottawa_vanier_north_3111,255,20,0.0784313725490196,31.9,30.6,60,0.2352941176470588,210,44000,200,47600,11.8,36400,44000,6.2,40,0.1568627450980392,195,0.7647058823529411,25,0.09803921568627452,35,0.13725490196078433,0,0,0,0,0,0,0,0,0,0,0,0,140,0.5490196078431373,0.2352941176470588,60,0,0,0,1,255,190,0.8636363636363636,15,0.07894736842105263,15,0.09375,145,0.90625,130,0.8125,85,0.4857142857142857,15,0.08571428571428572,60,0.631578947368421,25,0.2631578947368421,10,0.10526315789473684,0,0,0,0,0.15789473684210523,0,0,30,0.1176470588235294,3111
ottawa_vanier_south_3112,210,10,0.04761904761904761,37.2,36,30,0.14285714285714285,190,32400,155,32000,27.2,31400,38500,11.4,0,0,175,0.8333333333333334,0,0,35,0.16666666666666666,0,0,20,0.09523809523809525,0,0,0,0,0,0,0,0,145,0.6904761904761905,0.1904761904761905,40,0,0,0,1,210,150,0.7692307692307693,35,0.23333333333333336,10,0.07142857142857142,135,0.9642857142857144,90,0.6428571428571429,60,0.5217391304347826,0,0,45,0.75,0,0,10,0.16666666666666666,0,0,0,0,0,0,0,30,0.14285714285714285,3112
ottawa_vars_3113,0,0,NA,NA,NA,0,NA,0,NA,0,NA,NA,NA,NA,NA,0,NA,0,NA,0,NA,0,NA,0,NA,0,NA,NA,0,NA,0,NA,0,NA,0,0,NA,NA,0,NA,NA,0,NA,0,0,NA,0,NA,0,NA,0,NA,0,NA,0,NA,0,NA,0,NA,0,NA,0,NA,0,NA,0,NA,NA,0,NA,0,NA,3113
ottawa_waterridge_village_3114,165,20,0.12121212121212122,33.8,30.4,0,0,120,52000,105,64000,13.2,51000,66000,7,35,0.21212121212121213,110,0.6666666666666666,20,0.12121212121212122,0,0,0,0,0,0,0,0,0,0,0,0,0,0,90,0.5454545454545454,0.06060606060606061,10,0,0,0,1,165,90,0.6666666666666666,10,0.1111111111111111,0,0,80,1,65,0.8125,45,0.5625,15,0.1875,30,0.8571428571428571,0,0,0,0,0,0,0,0,0,10,0.06060606060606061,35,0.21212121212121213,3114
ottawa_west_centretown_3115,270,10,0.03703703703703703,29,27,50,0.18518518518518515,235,43200,220,44400,14.6,34400,36400,8,35,0.12962962962962962,225,0.8333333333333334,0,0,30,0.1111111111111111,0,0,0,0,0,0,0,0,0,0,0,0,90,0.3333333333333333,0.05555555555555555,15,0.03703703703703703,0.13333333333333333,10,1,270,195,0.8297872340425532,35,0.1794871794871795,0,0,155,1,135,0.8709677419354839,70,0.4375,30,0.1875,40,0.4444444444444444,40,0.4444444444444444,10,0.1111111111111111,0,0,0,0,0.2777777777777778,0,0,75,0.2777777777777778,3115
ottawa_westboro_3116,405,40,0.09876543209876544,34.4,34.8,55,0.13580246913580246,315,70500,305,88000,5,70500,92000,3.8,95,0.2345679012345679,270,0.6666666666666666,40,0.09876543209876544,35,0.08641975308641975,0,0,0,0,0,0,0,0,0,0,0,0,230,0.5609756097560976,0.12195121951219512,50,0,0,0,1,410,270,0.8571428571428571,25,0.0925925925925926,0,0,245,1,230,0.9387755102040816,135,0.5625,15,0.0625,65,0.5909090909090909,20,0.18181818181818185,25,0.2272727272727273,0,0,0,0,0,0,0,30,0.07407407407407407,3116
ottawa_whitehaven_woodpark_glabar_park_3117,325,20,0.06153846153846154,30.1,25.2,45,0.13846153846153847,255,47600,235,56000,10.4,40400,52000,4.5,60,0.18461538461538465,240,0.7384615384615385,20,0.06153846153846154,20,0.06153846153846154,0,0,0,0,0,0,0,0,0,0,0,0,125,0.38461538461538464,0.13846153846153847,45,0.03076923076923077,0.08333333333333333,10,1,325,230,0.8518518518518519,10,0.04347826086956521,0,0,140,0.9655172413793104,130,0.896551724137931,55,0.24444444444444444,40,0.17777777777777778,100,0.6060606060606061,55,0.3333333333333333,0,0,0,0,0,0,0.18181818181818185,0,0,100,0.3076923076923077,3117
