name,total_population,number_of_seniors_age_65,percent_of_pop_that_are_seniors_age_65,average_age_of_the_population,median_age_of_the_population,number_of_people_living_alone,percent_of_people_living_alone,number_of_after_tax_income_recipients_age_15,average_after_tax_income_in_2020_among_recipients,number_of_market_income_recipients_age_15,average_market_income_in_2020_among_recipients,percent_of_income_from_government_transfers_2020,average_after_tax_income_in_2019_among_recipients,average_market_income_in_2019_among_recipients,percent_of_income_from_government_transfers_2019,number_of_people_in_low_income_based_on_lim_at,percent_of_people_in_low_income_based_on_lim_at,number_of_people_who_know_neither_english_nor_french,percent_of_people_who_know_neither_english_nor_french,percent_of_pop_that_are_indigenous,number_of_people_who_are_indigenous,percent_of_pop_that_are_fn,number_of_people_who_are_fn,percent_of_pop_that_are_metis,number_of_people_who_are_metis,percent_of_pop_that_are_inuit,number_of_people_who_are_inuit,percent_of_pop_that_are_visible_minority,number_of_people_who_are_visible_minority,number_of_pop_in_labour_force,percent_of_pop_in_labour_force_participation_rate,number_of_pop_unemployed,unemployment_rate,number_of_people_age_25_64_with_no_high_school_diploma,percent_of_people_age_25_64_with_no_high_school_diploma,number_of_people_age_25_64_with_a_high_school_diploma,percent_of_people_age_25_64_with_a_high_school_diploma,number_of_people_age_25_64_with_a_postsecondary_degree_diploma_or_certificate,percent_of_people_age_25_64_with_a_postsecondary_degree_diploma_or_certificate,number_of_workers_age_15_who_work_at_home,percent_of_workers_age_15_who_work_at_home,number_of_workers_age_15_who_have_no_fixed_workplace_address,percent_of_workers_age_15_who_have_no_fixed_workplace_address,percent_of_workers_age_15_who_commute_for_60_minutes_and_over,number_of_people_with_french_as_a_language_most_spoken_at_home,percent_of_people_with_french_as_a_language_most_spoken_at_home,number_of_youth_age_15_24,percent_of_pop_that_are_youth_age_15_24
province_of_ontario_00000_3_8_percent,461015,35305,0.07658102230946932,37.9,37.6,20645,0.044781623157597907,391490,39040,335515,42280,20.8,35360,42320,11.1,54520,0.11826079411732807,39000,0.08459594590197717,4.6636732391922085e-4,215,4.555215722001692e-4,210,0,0,0,0,0.8634194486019826,398045,282730,0.6844768314530577,41225,0.1458104905740459,32480,0.10327011430297442,282040,0.896745783189991,234980,0.7471185794000286,69365,0.2872197262996625,33145,0.13724353533053146,0.125500942951438,9435,0.020465711527824473,63240,0.13717557997028296
ottawa_census_division_3506_00000_3_1_percent,31305,1815,0.05797795879252515,36,36.8,1515,0.048394825107810256,25895,42080,22520,46320,18.5,37800,44560,11.7,3985,0.12729595911196295,1600,0.05111004631847948,4.792332268370607e-4,15,4.792332268370607e-4,15,0,0,0,0,0.8573482428115016,26835,19495,0.7082652134423252,2710,0.1390100025647602,1890,0.09248837778321507,18550,0.9077563004648886,15985,0.7822363591876682,5875,0.3499106611078023,1595,0.09499702203692674,0.0660772452303397,3850,0.12298354895384124,5275,0.16850343395623701
ottawa_ons2022_admaston_bromley_3701_00000_3_2_percent,0,0,NA,NA,NA,0,NA,0,NA,0,NA,NA,NA,NA,NA,0,NA,0,NA,NA,0,NA,0,NA,0,NA,0,NA,0,0,NA,0,NA,0,NA,0,NA,0,NA,0,NA,0,NA,NA,0,NA,0,NA
ottawa_ons2022_airport_3001_00000_6_7_percent,0,0,NA,NA,NA,0,NA,0,NA,0,NA,NA,NA,NA,NA,0,NA,0,NA,NA,0,NA,0,NA,0,NA,0,NA,0,0,NA,0,NA,0,NA,0,NA,0,NA,0,NA,0,NA,NA,0,NA,0,NA
ottawa_ons2022_akwesasne_part_59_3801_09999_0_0_percent,NA,NA,NA,NA,NA,NA,NA,NA,NA,NA,NA,NA,NA,NA,NA,NA,NA,NA,NA,NA,NA,NA,NA,NA,NA,NA,NA,NA,NA,NA,NA,NA,NA,NA,NA,NA,NA,NA,NA,NA,NA,NA,NA,NA,NA,NA,NA,NA
ottawa_ons2022_alfred_and_plantagenet_3601_00000_3_2_percent,10,0,0,NA,NA,0,0,0,NA,0,NA,NA,NA,NA,NA,0,NA,0,0,0,0,0,0,0,0,0,0,0,0,0,0,0,NA,0,0,10,1,10,1,0,NA,0,NA,NA,0,0,0,0
ottawa_ons2022_alta_vista_3002_00000_2_8_percent,105,0,0,39.2,39.2,0,0,100,51000,85,68000,7.6,51000,76000,3.8,0,0,0,0,0,0,0,0,0,0,0,0,0.8181818181818182,90,70,0.7,10,0.14285714285714285,0,0,70,1,70,1,25,0.35714285714285715,0,0,0,0,0,20,0.19047619047619047
ottawa_ons2022_arnprior_3702_00000_2_5_percent,60,0,0,41,39.6,0,0,50,58000,45,72000,19,56000,70000,10,0,0,0,0,0,0,0,0,0,0,0,0,0.6363636363636364,35,40,0.8,0,0,0,0,35,0.7777777777777778,30,0.6666666666666666,15,0.42857142857142855,10,0.2857142857142857,0.5,0,0,0,0
ottawa_ons2022_bayshore_3003_00000_5_4_percent,875,45,0.05142857142857143,34.4,33.6,25,0.02857142857142857,735,32500,570,31500,31.1,28850,32000,20,145,0.1657142857142857,50,0.05714285714285714,0,0,0,0,0,0,0,0,0.9828571428571429,860,470,0.6064516129032258,90,0.19148936170212766,115,0.21296296296296297,425,0.7870370370370371,330,0.6111111111111112,80,0.21052631578947367,35,0.09210526315789473,0.1,90,0.10285714285714286,185,0.21142857142857144
ottawa_ons2022_beacon_hill_south_cardinal_heights_3004_00000_3_4_percent,370,35,0.0945945945945946,39,35.6,20,0.05405405405405406,340,35800,290,36000,22.2,30600,34000,11.7,25,0.0684931506849315,10,0.02702702702702703,0,0,0,0,0,0,0,0,0.8493150684931506,310,275,0.7857142857142857,50,0.18181818181818182,25,0.10416666666666667,210,0.875,170,0.7083333333333334,60,0.26666666666666666,25,0.1111111111111111,0.058823529411764705,70,0.1891891891891892,80,0.21621621621621623
ottawa_ons2022_beaverbrook_3005_00000_2_3_percent,225,0,0,31.4,38.4,0,0,150,54000,150,57000,13.2,44000,48000,12.4,0,0,0,0,0,0,0,0,0,0,0,0,0.8636363636363636,190,135,0.75,10,0.07407407407407407,15,0.12,115,0.92,110,0.88,35,0.2916666666666667,30,0.25,0.1111111111111111,0,0,45,0.2
ottawa_ons2022_beckwith_3401_00000_1_8_percent,80,0,0,37.6,42.8,0,0,60,46000,50,62000,12,44000,58000,5.6,0,0,0,0,0,0,0,0,0,0,0,0,0.125,10,60,0.8571428571428571,0,0,0,0,60,1,50,0.8333333333333334,15,0.2727272727272727,10,0.18181818181818182,0,0,0,10,0.125
ottawa_ons2022_beechwood_cemetery_3006_09999_0_0_percent,NA,NA,NA,NA,NA,NA,NA,NA,NA,NA,NA,NA,NA,NA,NA,NA,NA,NA,NA,NA,NA,NA,NA,NA,NA,NA,NA,NA,NA,NA,NA,NA,NA,NA,NA,NA,NA,NA,NA,NA,NA,NA,NA,NA,NA,NA,NA,NA
ottawa_ons2022_bells_corners_east_3007_00000_1_1_percent,105,0,0,36.4,36.4,0,0,90,38500,80,36000,28,33000,35500,11,0,0,0,0,0,0,0,0,0,0,0,0,0.9523809523809523,100,80,0.8888888888888888,30,0.375,0,0,80,1,65,0.8125,25,0.45454545454545453,10,0.18181818181818182,0,0,0,10,0.09523809523809523
ottawa_ons2022_bells_corners_west_3008_00000_2_6_percent,85,10,0.11764705882352941,44,38.4,0,0,75,40000,65,46000,17,32000,44000,13,0,0,10,0.11764705882352941,0,0,0,0,0,0,0,0,0.7777777777777778,70,60,0.7058823529411765,0,0,10,0.14285714285714285,55,0.7857142857142857,40,0.5714285714285714,10,0.18181818181818182,0,0,0.4444444444444444,0,0,0,0
ottawa_ons2022_billings_bridge_heron_park_3009_00000_6_4_percent,195,10,0.05128205128205128,34.8,34.8,20,0.10256410256410256,155,38000,150,28800,35,32000,27200,22,25,0.1282051282051282,10,0.05128205128205128,0,0,0,0,0,0,0,0,0.875,175,120,0.7741935483870968,10,0.08333333333333333,10,0.07692307692307693,125,0.9615384615384616,90,0.6923076923076923,35,0.3181818181818182,15,0.13636363636363635,0,40,0.20512820512820512,15,0.07692307692307693
ottawa_ons2022_blackburn_hamlet_3010_00000_2_3_percent,90,0,0,32,32.8,0,0,70,44000,65,39000,26,42000,46000,10,0,0,0,0,0,0,0,0,0,0,0,0,0.8888888888888888,80,65,0.7647058823529411,10,0.15384615384615385,10,0.16666666666666666,50,0.8333333333333334,45,0.75,10,0.16666666666666666,10,0.16666666666666666,0.2222222222222222,15,0.15789473684210525,15,0.16666666666666666
ottawa_ons2022_blossom_park_timbermill_3011_00000_2_0_percent,215,0,0,36.8,36.8,0,0,160,36000,130,35500,30,34400,34000,19.5,40,0.19047619047619047,0,0,0,0,0,0,0,0,0,0,0.8571428571428571,180,125,0.6756756756756757,15,0.12,20,0.13333333333333333,130,0.8666666666666667,95,0.6333333333333333,30,0.2727272727272727,0,0,0,35,0.16666666666666666,35,0.16279069767441862
ottawa_ons2022_bonnechere_valley_3703_00000_4_5_percent,0,0,NA,NA,NA,0,NA,0,NA,0,NA,NA,NA,NA,NA,0,NA,0,NA,NA,0,NA,0,NA,0,NA,0,NA,0,0,NA,0,NA,0,NA,0,NA,0,NA,0,NA,0,NA,NA,0,NA,0,NA
ottawa_ons2022_borden_farm_fisher_glen_3012_00000_3_2_percent,195,20,0.10256410256410256,38.6,37.2,10,0.05128205128205128,160,37000,150,34500,23,36000,41000,12.8,55,0.28205128205128205,20,0.10256410256410256,0,0,0,0,0,0,0,0,0.8717948717948718,170,100,0.5882352941176471,15,0.15,15,0.125,105,0.875,80,0.6666666666666666,45,0.5625,15,0.1875,0,0,0,30,0.15384615384615385
ottawa_ons2022_braemar_park_belair_heights_copeland_park_3013_00000_4_5_percent,220,0,0,33.6,37.2,10,0.045454545454545456,175,39600,160,40800,16,37200,41200,8,0,0,10,0.044444444444444446,0,0,0,0,0,0,0,0,0.8863636363636364,195,140,0.717948717948718,20,0.14285714285714285,0,0,140,0.9333333333333333,120,0.8,30,0.24,10,0.08,0.11764705882352941,25,0.1111111111111111,40,0.18181818181818182
ottawa_ons2022_bridlewood_emerald_meadows_3014_00000_1_2_percent,870,65,0.07471264367816093,36.6,38.4,0,0,695,47400,610,57000,12.1,44200,56000,6.4,55,0.06358381502890173,35,0.04046242774566474,0,0,0,0,0,0,0,0,0.6936416184971098,600,565,0.738562091503268,40,0.07079646017699115,0,0,550,1,470,0.8545454545454545,205,0.3904761904761905,55,0.10476190476190476,0.07936507936507936,45,0.05202312138728324,155,0.1781609195402299
ottawa_ons2022_britannia_3015_00000_4_2_percent,330,20,0.06060606060606061,33.7,31.2,30,0.09090909090909091,265,32800,230,28200,30,25400,23800,20,50,0.14925373134328357,20,0.05970149253731343,0,0,0,0,0,0,0,0,0.7313432835820896,245,185,0.6379310344827587,30,0.16216216216216217,20,0.1111111111111111,160,0.8888888888888888,135,0.75,35,0.22580645161290322,15,0.0967741935483871,0.08333333333333333,75,0.22388059701492538,85,0.25757575757575757
ottawa_ons2022_brookside_briarbrook_morgans_grant_3016_00000_1_0_percent,715,55,0.07692307692307693,35.7,37.6,10,0.013986013986013986,545,55600,485,68800,10.4,50200,62800,7.7,0,0,25,0.034722222222222224,0,0,0,0,0,0,0,0,0.8251748251748252,590,415,0.6974789915966386,35,0.08433734939759036,0,0,465,0.9893617021276596,425,0.9042553191489362,245,0.6447368421052632,10,0.02631578947368421,0,25,0.034722222222222224,65,0.09090909090909091
ottawa_ons2022_brudenell_lyndoch_and_raglan_3704_00000_5_1_percent,0,0,NA,NA,NA,0,NA,0,NA,0,NA,NA,NA,NA,NA,0,NA,0,NA,NA,0,NA,0,NA,0,NA,0,NA,0,0,NA,0,NA,0,NA,0,NA,0,NA,0,NA,0,NA,NA,0,NA,0,NA
ottawa_ons2022_cardinal_creek_3017_00000_1_7_percent,360,0,0,33.3,35.2,0,0,275,47200,250,48000,17.6,40800,45200,12.8,0,0,10,0.027777777777777776,0,0,0,0,0,0,0,0,0.9726027397260274,355,245,0.8448275862068966,55,0.22448979591836735,20,0.0851063829787234,215,0.9148936170212766,220,0.9361702127659575,80,0.42105263157894735,10,0.05263157894736842,0.09523809523809523,85,0.2361111111111111,50,0.1388888888888889
ottawa_ons2022_carleton_heights_courtland_park_3018_00000_3_6_percent,330,0,0,35.9,37.6,30,0.09090909090909091,290,41200,260,48400,14.6,36800,46400,5.6,75,0.22727272727272727,45,0.13636363636363635,0,0,0,0,0,0,0,0,0.7878787878787878,260,220,0.7333333333333333,15,0.06818181818181818,15,0.057692307692307696,240,0.9230769230769231,195,0.75,70,0.35,20,0.1,0,10,0.030303030303030304,35,0.10606060606060606
ottawa_ons2022_carleton_place_3402_00000_2_3_percent,75,0,0,37,37.6,0,0,50,54000,45,64000,9,56000,70000,6,0,0,0,0,0,0,0,0,0,0,0,0,0.5333333333333333,40,45,0.75,0,0,0,0,50,0.9090909090909091,45,0.8181818181818182,15,0.3333333333333333,0,0,0,0,0,0,0
ottawa_ons2022_carleton_university_3019_09999_0_0_percent,NA,NA,NA,NA,NA,NA,NA,NA,NA,NA,NA,NA,NA,NA,NA,NA,NA,NA,NA,NA,NA,NA,NA,NA,NA,NA,NA,NA,NA,NA,NA,NA,NA,NA,NA,NA,NA,NA,NA,NA,NA,NA,NA,NA,NA,NA,NA,NA
ottawa_ons2022_carlington_3020_00000_4_4_percent,625,20,0.032,35,35.6,100,0.16,495,37000,370,40800,29.2,31100,37400,23.6,220,0.352,50,0.08,0,0,0,0,0,0,0,0,0.9112903225806451,565,305,0.5596330275229358,55,0.18032786885245902,90,0.21951219512195122,325,0.7926829268292683,245,0.5975609756097561,65,0.26,40,0.16,0,75,0.12,110,0.176
ottawa_ons2022_carp_3021_00000_1_8_percent,70,10,0.14285714285714285,41,42,0,0,55,52000,45,74000,6,44000,58000,5.6,0,0,15,0.21428571428571427,0,0,0,0,0,0,0,0,0.5714285714285714,40,35,0.5384615384615384,0,0,0,0,35,1,35,1,25,0.8333333333333334,0,0,0,0,0,15,0.21428571428571427
ottawa_ons2022_carson_grove_carson_meadows_3022_00000_2_5_percent,525,30,0.05714285714285714,33,32.4,20,0.0380952380952381,400,33200,330,29800,34,30600,31200,23.8,105,0.2,40,0.0761904761904762,0,0,0,0,0,0,0,0,0.8857142857142857,465,285,0.6551724137931034,30,0.10526315789473684,40,0.14035087719298245,240,0.8421052631578947,200,0.7017543859649122,65,0.2549019607843137,15,0.058823529411764705,0.05263157894736842,175,0.3333333333333333,130,0.24761904761904763
ottawa_ons2022_casselman_3602_00000_2_7_percent,20,0,0,40,NA,0,0,20,45000,0,NA,30,40000,NA,NA,0,0,0,0,0,0,0,0,0,0,0,0,1,15,15,0.75,0,0,0,0,10,0.6666666666666666,10,0.6666666666666666,0,0,0,0,NA,0,0,0,0
ottawa_ons2022_centrepointe_briargreen_3023_00000_1_9_percent,305,0,0,33.2,38.4,10,0.03278688524590164,220,43200,210,46400,14,40000,45600,6.7,45,0.14754098360655737,15,0.04918032786885246,0,0,0,0,0,0,0,0,0.7166666666666667,215,210,0.84,45,0.21428571428571427,0,0,190,1,170,0.8947368421052632,70,0.42424242424242425,10,0.06060606060606061,0,10,0.03278688524590164,60,0.19672131147540983
ottawa_ons2022_centretown_3024_00000_5_7_percent,615,35,0.056910569105691054,38.8,37.6,195,0.3170731707317073,585,45400,545,50400,13.9,40600,47600,8.9,90,0.14634146341463414,30,0.04878048780487805,0,0,0,0,0,0,0,0,0.7459016393442623,455,435,0.71900826446281,55,0.12643678160919541,20,0.04395604395604396,430,0.945054945054945,380,0.8351648351648352,170,0.4473684210526316,10,0.02631578947368421,0.05,85,0.13821138211382114,120,0.1951219512195122
ottawa_ons2022_champlain_3603_00000_2_8_percent,60,0,0,33.5,37.6,0,0,50,36000,50,40000,4,39000,44000,4,0,0,0,0,0,0,0,0,0,0,0,0,0.5454545454545454,30,45,0.8181818181818182,0,0,0,0,40,1,35,0.875,15,0.3333333333333333,0,0,0,0,0,10,0.16666666666666666
ottawa_ons2022_chapel_hill_north_3025_00000_1_4_percent,325,30,0.09230769230769231,37.2,38.4,0,0,260,33200,215,30800,30,32400,38800,20.4,30,0.09230769230769231,20,0.06153846153846154,0,0,0,0,0,0,0,0,0.765625,245,180,0.6545454545454545,15,0.08333333333333333,20,0.0975609756097561,185,0.9024390243902439,155,0.7560975609756098,30,0.18181818181818182,25,0.15151515151515152,0,65,0.2,40,0.12307692307692308
ottawa_ons2022_chapel_hill_south_3026_00000_1_3_percent,530,30,0.05660377358490566,36.9,37.2,20,0.03773584905660377,440,42400,405,45000,17,38800,45200,9.4,40,0.07547169811320754,15,0.02830188679245283,0,0,0,0,0,0,0,0,0.9245283018867925,490,365,0.776595744680851,45,0.1232876712328767,20,0.05263157894736842,360,0.9473684210526315,330,0.868421052631579,90,0.28125,40,0.125,0.06521739130434782,65,0.12264150943396226,60,0.11320754716981132
ottawa_ons2022_chapman_mills_3027_00000_1_4_percent,635,80,0.12598425196850394,38.2,36.4,0,0,520,35600,440,37800,20,30100,35000,11.3,55,0.08661417322834646,70,0.11023622047244094,0,0,0,0,0,0,0,0,0.8671875,555,330,0.5945945945945946,45,0.13636363636363635,30,0.08,350,0.9333333333333333,325,0.8666666666666667,95,0.3392857142857143,35,0.125,0.1111111111111111,10,0.015748031496062992,100,0.15748031496062992
ottawa_ons2022_city_view_3028_00000_4_8_percent,155,0,0,40.8,38.4,15,0.0967741935483871,140,43000,130,48000,19.5,37000,41000,11.2,25,0.16129032258064516,10,0.06451612903225806,0,0,0,0,0,0,0,0,0.7096774193548387,110,110,0.7333333333333333,15,0.13636363636363635,20,0.14285714285714285,120,0.8571428571428571,80,0.5714285714285714,15,0.16666666666666666,0,0,0.13333333333333333,0,0,0,0
ottawa_ons2022_civic_hospital_3029_00000_2_7_percent,60,0,0,37,36.8,10,0.16666666666666666,55,92000,55,128000,2,88000,140000,0.8,0,0,0,0,0,0,0,0,0,0,0,0,0.5454545454545454,30,55,0.9166666666666666,0,0,0,0,40,0.8888888888888888,35,0.7777777777777778,35,0.7,0,0,0,0,0,10,0.16666666666666666
ottawa_ons2022_clarence_rockland_3604_00000_1_7_percent,250,0,0,30.7,32.8,0,0,200,38800,180,38400,19.6,34400,36400,12,0,0,0,0,0,0,0,0,0,0,0,0,0.96,240,165,0.8048780487804879,20,0.12121212121212122,0,0,150,0.967741935483871,130,0.8387096774193549,35,0.25,20,0.14285714285714285,0,70,0.28,45,0.18
ottawa_ons2022_colonnade_business_park_3030_09999_0_0_percent,NA,NA,NA,NA,NA,NA,NA,NA,NA,NA,NA,NA,NA,NA,NA,NA,NA,NA,NA,NA,NA,NA,NA,NA,NA,NA,NA,NA,NA,NA,NA,NA,NA,NA,NA,NA,NA,NA,NA,NA,NA,NA,NA,NA,NA,NA,NA,NA
ottawa_ons2022_constance_bay_3031_00000_5_1_percent,0,0,NA,NA,NA,0,NA,0,NA,0,NA,NA,NA,NA,NA,0,NA,0,NA,0,0,0,0,0,0,0,0,0,0,0,0,0,NA,0,0,10,1,0,0,0,NA,0,NA,NA,0,NA,0,NA
ottawa_ons2022_convent_glen_orleans_woods_3032_00000_1_5_percent,135,10,0.07407407407407407,39.6,38.8,0,0,115,43000,110,40000,21,37000,42000,8.4,0,0,0,0,0,0,0,0,0,0,0,0,0.8928571428571429,125,100,0.8,10,0.1,0,0,100,1,75,0.75,20,0.23529411764705882,20,0.23529411764705882,0.15384615384615385,40,0.2857142857142857,10,0.07407407407407407
ottawa_ons2022_corkery_3033_00000_2_5_percent,10,0,0,NA,NA,0,0,0,NA,0,NA,NA,NA,NA,NA,0,NA,0,0,0,0,0,0,0,0,0,0,1,10,0,0,0,NA,0,0,10,1,0,0,0,0,0,0,NA,0,0,0,0
ottawa_ons2022_cornwall_3802_00000_2_5_percent,420,15,0.03571428571428571,36,39.2,25,0.05952380952380952,340,35800,280,36000,26,34400,40800,14,100,0.23809523809523808,0,0,0,0,0,0,0,0,0,0,0.8333333333333334,350,245,0.6901408450704225,50,0.20408163265306123,10,0.03333333333333333,290,0.9666666666666667,245,0.8166666666666667,30,0.15,15,0.075,0.08823529411764706,25,0.05952380952380952,45,0.10714285714285714
ottawa_ons2022_craig_henry_manordale_3034_00000_2_2_percent,185,0,0,33.6,34.8,10,0.05405405405405406,155,33500,135,34500,22,31200,35000,17,0,0,0,0,0,0,0,0,0,0,0,0,0.9444444444444444,170,120,0.7058823529411765,20,0.16666666666666666,15,0.13043478260869565,105,0.9130434782608695,80,0.6956521739130435,0,0,15,0.15789473684210525,0,15,0.08108108108108109,45,0.24324324324324326
ottawa_ons2022_crestview_tanglewood_3035_00000_1_4_percent,250,20,0.08,35.4,34.8,20,0.08,195,37600,160,38000,26,34400,37500,18.8,0,0,0,0,0,0,0,0,0,0,0,0,0.78,195,135,0.6428571428571429,25,0.18518518518518517,25,0.16666666666666666,125,0.8333333333333334,95,0.6333333333333333,25,0.22727272727272727,15,0.13636363636363635,0.125,10,0.04,40,0.16
ottawa_ons2022_crystal_bay_lakeview_park_3036_00000_2_0_percent,80,0,0,37,37.6,0,0,65,64000,60,74000,7.6,60000,74000,5.2,0,0,0,0,0,0,0,0,0,0,0,0,0.5333333333333333,40,65,1,0,0,0,0,65,1,55,0.8461538461538461,25,0.45454545454545453,0,0,0,0,0,0,0
ottawa_ons2022_cumberland_3037_00000_1_2_percent,25,0,0,33,NA,0,0,20,44000,20,52000,2.5,60000,70000,NA,0,0,0,0,0,0,0,0,0,0,0,0,0,0,20,0.8,0,0,0,0,10,1,10,1,10,0.5,0,0,0,0,0,0,0
ottawa_ons2022_deep_river_3705_00000_2_4_percent,25,0,0,50,36.4,0,0,25,44000,25,52000,18,40000,56000,7,0,0,10,0.4,0,0,0,0,0,0,0,0,1,30,15,0.6,0,0,0,0,20,1,15,0.75,10,0.6666666666666666,0,0,NA,0,0,0,0
ottawa_ons2022_drummond_north_elmsley_3403_00000_2_7_percent,10,10,1,NA,NA,0,0,0,NA,0,NA,NA,NA,NA,NA,0,NA,0,0,0,0,0,0,0,0,0,0,1,10,0,0,0,NA,0,NA,0,NA,0,NA,0,NA,0,NA,NA,0,0,0,0
ottawa_ons2022_dunrobin_3038_00000_2_2_percent,60,10,0.16666666666666666,37.5,39.2,0,0,45,58000,35,85000,6,60000,95000,2,0,0,0,0,0,0,0,0,0,0,0,0,0.25,15,35,0.7777777777777778,0,0,0,0,25,0.8333333333333334,20,0.6666666666666666,25,1,10,0.4,0,0,0,10,0.16666666666666666
ottawa_ons2022_east_hawkesbury_3605_00000_2_2_percent,0,0,NA,NA,NA,0,NA,0,NA,0,NA,NA,NA,NA,NA,0,NA,0,NA,NA,0,NA,0,NA,0,NA,0,NA,0,0,NA,0,NA,0,NA,0,NA,0,NA,0,NA,0,NA,NA,0,NA,0,NA
ottawa_ons2022_edwards_carlsbad_springs_3039_00000_5_6_percent,15,0,0,28,NA,0,0,0,NA,0,NA,NA,NA,NA,NA,0,NA,0,0,0,0,0,0,0,0,0,0,1,20,10,0.6666666666666666,0,0,0,0,10,1,10,1,0,0,0,0,0,0,0,0,0
ottawa_ons2022_elmvale_canterbury_3040_00000_2_0_percent,250,10,0.04,34.6,34,30,0.12,200,34400,175,28200,35,27400,26600,19.6,40,0.16,20,0.08,0,0,0,0,0,0,0,0,0.94,235,165,0.7674418604651163,55,0.3333333333333333,20,0.125,145,0.90625,100,0.625,25,0.22727272727272727,15,0.13636363636363635,0,30,0.12,40,0.16
ottawa_ons2022_emerald_woods_sawmill_creek_3041_00000_3_6_percent,390,10,0.02564102564102564,34.6,34.4,20,0.05128205128205128,325,30700,220,31200,36,27400,32000,28.4,110,0.2857142857142857,15,0.03896103896103896,0,0,0,0,0,0,0,0,0.9871794871794872,385,165,0.4647887323943662,30,0.18181818181818182,65,0.2549019607843137,190,0.7450980392156863,130,0.5098039215686274,20,0.14814814814814814,0,0,0.17391304347826086,30,0.07792207792207792,95,0.24358974358974358
ottawa_ons2022_experimental_farm_3042_09999_0_0_percent,NA,NA,NA,NA,NA,NA,NA,NA,NA,NA,NA,NA,NA,NA,NA,NA,NA,NA,NA,NA,NA,NA,NA,NA,NA,NA,NA,NA,NA,NA,NA,NA,NA,NA,NA,NA,NA,NA,NA,NA,NA,NA,NA,NA,NA,NA,NA,NA
ottawa_ons2022_fallingbrook_3043_00000_1_4_percent,390,30,0.07692307692307693,36.6,36.8,0,0,320,39200,295,40000,17.6,35600,38800,10,45,0.11538461538461539,20,0.05128205128205128,0,0,0,0,0,0,0,0,0.9102564102564102,355,285,0.8260869565217391,30,0.10526315789473684,25,0.10416666666666667,215,0.8958333333333334,190,0.7916666666666666,95,0.38,25,0.1,0.09375,175,0.44871794871794873,70,0.1794871794871795
ottawa_ons2022_findlay_creek_3044_00000_1_5_percent,670,20,0.029850746268656716,36.8,36.8,10,0.014925373134328358,595,45400,510,51800,15.8,40600,47200,10.3,65,0.09701492537313433,40,0.05970149253731343,0,0,0,0,0,0,0,0,0.9104477611940298,610,470,0.7580645161290323,30,0.06382978723404255,50,0.09615384615384616,470,0.9038461538461539,375,0.7211538461538461,185,0.42045454545454547,30,0.06818181818181818,0.038461538461538464,55,0.08208955223880597,80,0.11940298507462686
ottawa_ons2022_fisher_heights_3045_00000_2_1_percent,120,0,0,34.4,37.2,0,0,90,43000,70,44000,28,38000,44000,22,0,0,0,0,0,0,0,0,0,0,0,0,0.9583333333333334,115,55,0.5789473684210527,0,0,15,0.17647058823529413,80,0.9411764705882353,55,0.6470588235294118,15,0.3,10,0.2,0,0,0,10,0.08333333333333333
ottawa_ons2022_fitzroy_3046_00000_4_2_percent,15,0,0,40,NA,0,0,15,45000,15,40000,25,36000,36000,10,0,0,0,0,0,0,0,0,0,0,0,0,0,0,10,0.6666666666666666,0,0,0,0,15,1,15,1,10,1,0,0,NA,0,0,0,0
ottawa_ons2022_glebe_dows_lake_3047_00000_4_1_percent,130,15,0.11538461538461539,44,44.4,15,0.11538461538461539,125,60000,115,84000,4.6,60000,88000,4,0,0,10,0.07692307692307693,0,0,0,0,0,0,0,0,0.5,65,100,0.7692307692307693,0,0,0,0,90,0.9473684210526315,90,0.9473684210526315,40,0.42105263157894735,10,0.10526315789473684,0.2,0,0,25,0.19230769230769232
ottawa_ons2022_glen_cairn_3048_00000_2_3_percent,350,20,0.05714285714285714,34.8,36.8,15,0.04285714285714286,285,45200,260,50800,13.2,45200,54000,6.4,0,0,20,0.05714285714285714,0,0,0,0,0,0,0,0,0.7714285714285715,270,225,0.7627118644067796,20,0.08888888888888889,15,0.06382978723404255,220,0.9361702127659575,185,0.7872340425531915,115,0.5609756097560976,15,0.07317073170731707,0.1111111111111111,35,0.1,40,0.11428571428571428
ottawa_ons2022_greater_madawaska_3706_00010_11_0_percent,0,0,NA,NA,NA,0,NA,0,NA,0,NA,NA,NA,NA,NA,0,NA,0,NA,NA,0,NA,0,NA,0,NA,0,NA,0,0,NA,0,NA,0,NA,0,NA,0,NA,0,NA,0,NA,NA,0,NA,0,NA
ottawa_ons2022_greely_3049_00000_0_9_percent,165,0,0,32,35.2,15,0.09090909090909091,120,49000,115,50000,15.6,42000,43000,9.6,0,0,0,0,0,0,0,0,0,0,0,0,0.7352941176470589,125,110,0.88,15,0.13636363636363635,10,0.09523809523809523,95,0.9047619047619048,95,0.9047619047619048,10,0.10526315789473684,10,0.10526315789473684,0,15,0.08823529411764706,10,0.06060606060606061
ottawa_ons2022_greenbelt_east_3050_00000_6_9_percent,0,0,NA,NA,NA,0,NA,0,NA,0,NA,NA,NA,NA,NA,0,NA,0,NA,NA,0,NA,0,NA,0,NA,0,NA,0,0,NA,0,NA,0,NA,0,NA,0,NA,0,NA,0,NA,NA,0,NA,0,NA
ottawa_ons2022_greenbelt_west_3051_00919_12_5_percent,0,0,NA,NA,NA,0,NA,NA,NA,NA,NA,NA,NA,NA,NA,NA,NA,0,NA,NA,0,NA,0,NA,0,NA,0,NA,0,0,NA,0,NA,0,NA,0,NA,0,NA,0,NA,0,NA,NA,0,NA,0,NA
ottawa_ons2022_greenboro_east_3052_00000_2_0_percent,280,0,0,32.6,28.2,0,0,205,37200,180,35200,26,31800,33200,15.2,0,0,10,0.03571428571428571,0,0,0,0,0,0,0,0,0.9821428571428571,275,150,0.6382978723404256,15,0.1,0,0,145,0.9354838709677419,120,0.7741935483870968,45,0.32142857142857145,15,0.10714285714285714,0,10,0.03571428571428571,80,0.2857142857142857
ottawa_ons2022_greenboro_west_3053_00000_2_2_percent,180,0,0,37.4,38.4,0,0,170,31000,145,27600,29,28800,31200,18,0,0,0,0,0,0,0,0,0,0,0,0,0.7777777777777778,140,125,0.7352941176470589,10,0.08,30,0.24,95,0.76,60,0.48,30,0.2727272727272727,15,0.13636363636363635,0,0,0,45,0.25
ottawa_ons2022_hawkesbury_3606_00000_4_1_percent,75,0,0,35.5,37.6,0,0,65,39000,50,39000,24,33000,40000,26,0,0,0,0,0,0,0,0,0,0,0,0,0.7142857142857143,50,45,0.6923076923076923,0,0,10,0.16666666666666666,50,0.8333333333333334,40,0.6666666666666666,0,0,10,0.2222222222222222,0.2222222222222222,15,0.21428571428571427,0,0
ottawa_ons2022_hawthorn_meadows_sheffield_glen_3054_00000_7_3_percent,460,0,0,33,29.8,35,0.07608695652173914,370,33600,295,29400,35.6,29200,27400,22,85,0.18478260869565216,15,0.03260869565217391,0,0,0,0,0,0,0,0,0.945054945054945,430,285,0.7215189873417721,35,0.12280701754385964,40,0.14035087719298245,245,0.8596491228070176,195,0.6842105263157895,35,0.14,30,0.12,0.047619047619047616,75,0.16304347826086957,110,0.2391304347826087
ottawa_ons2022_head_clara_and_maria_3707_00009_4_1_percent,0,0,NA,NA,NA,0,NA,NA,NA,NA,NA,NA,NA,NA,NA,NA,NA,0,NA,NA,0,NA,0,NA,0,NA,0,NA,0,0,NA,0,NA,0,NA,0,NA,0,NA,0,NA,0,NA,NA,0,NA,0,NA
ottawa_ons2022_hintonburg_mechanicsville_3055_00000_3_8_percent,155,10,0.06451612903225806,38,38.4,20,0.12903225806451613,140,104000,135,144000,4.8,80000,112000,4.6,25,0.16129032258064516,10,0.06451612903225806,0,0,0,0,0,0,0,0,0.6774193548387096,105,120,0.8571428571428571,10,0.08333333333333333,0,0,120,0.96,110,0.88,65,0.5652173913043478,10,0.08695652173913043,0,0,0,0,0
ottawa_ons2022_horton_3708_00000_5_3_percent,0,0,NA,NA,NA,0,NA,0,NA,0,NA,NA,NA,NA,NA,0,NA,0,NA,NA,0,NA,0,NA,0,NA,0,NA,0,0,NA,0,NA,0,NA,0,NA,0,NA,0,NA,0,NA,NA,0,NA,0,NA
ottawa_ons2022_hunt_club_park_3056_00000_3_4_percent,365,35,0.0958904109589041,38.1,38.4,15,0.0410958904109589,300,32400,245,33600,25.6,30800,37200,15.6,0,0,25,0.0684931506849315,0,0,0,0,0,0,0,0,0.7837837837837838,290,210,0.6885245901639344,25,0.11904761904761904,25,0.11363636363636363,190,0.8636363636363636,165,0.75,40,0.21621621621621623,10,0.05405405405405406,0,15,0.0410958904109589,55,0.1506849315068493
ottawa_ons2022_industrial_east_3057_09999_0_0_percent,NA,NA,NA,NA,NA,NA,NA,NA,NA,NA,NA,NA,NA,NA,NA,NA,NA,NA,NA,NA,NA,NA,NA,NA,NA,NA,NA,NA,NA,NA,NA,NA,NA,NA,NA,NA,NA,NA,NA,NA,NA,NA,NA,NA,NA,NA,NA,NA
ottawa_ons2022_iris_3058_00000_2_9_percent,190,0,0,34.8,34,10,0.05263157894736842,175,40400,150,46000,14.2,38000,44000,8,0,0,0,0,0,0,0,0,0,0,0,0,0.868421052631579,165,145,0.8055555555555556,20,0.13793103448275862,0,0,110,1,95,0.8636363636363636,0,0,10,0.08,0,25,0.13157894736842105,65,0.34210526315789475
ottawa_ons2022_island_park_wellington_village_3059_00000_1_9_percent,15,10,0.6666666666666666,56,NA,0,0,15,16000,0,NA,NA,NA,NA,NA,0,0,0,0,0,0,0,0,0,0,0,0,0,0,0,0,0,NA,0,0,10,1,10,1,0,NA,0,NA,NA,0,0,0,0
ottawa_ons2022_kanata_lakes_3060_00000_2_3_percent,990,155,0.15656565656565657,40.1,39.6,45,0.045454545454545456,810,60400,735,87400,6.3,50000,68200,4.8,150,0.15151515151515152,105,0.10606060606060606,0,0,0,0,0,0,0,0,0.8375634517766497,825,555,0.6607142857142857,65,0.11711711711711711,15,0.025210084033613446,580,0.9747899159663865,550,0.9243697478991597,305,0.6224489795918368,30,0.061224489795918366,0,0,0,95,0.09595959595959595
ottawa_ons2022_katimavik_hazeldean_3061_00000_1_7_percent,190,15,0.07894736842105263,37.2,37.6,0,0,170,46000,160,50800,12.4,40800,47000,8.4,0,0,25,0.13157894736842105,0,0,0,0,0,0,0,0,0.7692307692307693,150,125,0.6944444444444444,15,0.12,0,0,130,1,110,0.8461538461538461,45,0.4090909090909091,0,0,0,0,0,35,0.18421052631578946
ottawa_ons2022_killaloe_hagarty_and_richards_3709_00000_5_3_percent,0,0,NA,NA,NA,0,NA,0,NA,0,NA,NA,NA,NA,NA,0,NA,0,NA,NA,0,NA,0,NA,0,NA,0,NA,0,0,NA,0,NA,0,NA,0,NA,0,NA,0,NA,0,NA,NA,0,NA,0,NA
ottawa_ons2022_kinburn_3062_00000_4_8_percent,20,0,0,38,NA,0,0,0,NA,0,NA,NA,NA,NA,NA,0,NA,0,0,0,0,0,0,0,0,0,0,0,0,15,1,0,0,0,0,10,1,10,1,0,0,0,0,NA,0,0,0,0
ottawa_ons2022_lanark_highlands_3404_00000_7_3_percent,0,0,NA,NA,NA,0,NA,0,NA,0,NA,NA,NA,NA,NA,0,NA,0,NA,NA,0,NA,0,NA,0,NA,0,NA,0,0,NA,0,NA,0,NA,0,NA,0,NA,0,NA,0,NA,NA,0,NA,0,NA
ottawa_ons2022_laurentian_3063_00000_1_7_percent,115,30,0.2608695652173913,47.6,48,10,0.08695652173913043,105,53000,90,66000,12.8,32000,46000,9.2,0,0,20,0.17391304347826086,0,0,0,0,0,0,0,0,0.7391304347826086,85,65,0.5909090909090909,10,0.15384615384615385,0,0,65,1,55,0.8461538461538461,15,0.2727272727272727,0,0,0,10,0.08695652173913043,20,0.17391304347826086
ottawa_ons2022_laurentian_hills_3710_00000_3_6_percent,0,0,NA,NA,NA,0,NA,0,NA,0,NA,NA,NA,NA,NA,0,NA,0,NA,NA,0,NA,0,NA,0,NA,0,NA,0,0,NA,0,NA,0,NA,0,NA,0,NA,0,NA,0,NA,NA,0,NA,0,NA
ottawa_ons2022_laurentian_valley_3711_00000_1_9_percent,15,0,0,40,NA,0,0,0,NA,0,NA,NA,NA,NA,NA,0,NA,0,0,0,0,0,0,0,0,0,0,1,10,15,1,0,0,0,0,10,1,10,1,10,0.6666666666666666,0,0,NA,0,0,0,0
ottawa_ons2022_lebreton_development_3064_00999_20_0_percent,NA,NA,NA,NA,NA,NA,NA,NA,NA,NA,NA,NA,NA,NA,NA,NA,NA,NA,NA,NA,NA,NA,NA,NA,NA,NA,NA,NA,NA,NA,NA,NA,NA,NA,NA,NA,NA,NA,NA,NA,NA,NA,NA,NA,NA,NA,NA,NA
ottawa_ons2022_ledbury_heron_gate_ridgemont_3065_00000_6_2_percent,1140,40,0.03508771929824561,32.3,30.2,25,0.021929824561403508,900,28700,665,24000,42.6,24600,24300,31.8,295,0.2576419213973799,120,0.10480349344978165,0,0,0,0,0,0,0,0,0.9868995633187773,1130,580,0.5918367346938775,145,0.25,245,0.3656716417910448,420,0.6268656716417911,300,0.44776119402985076,60,0.13793103448275862,50,0.11494252873563218,0.06578947368421052,185,0.1615720524017467,270,0.23684210526315788
ottawa_ons2022_leslie_park_bruce_farm_3066_00000_3_8_percent,55,0,0,40,41.6,10,0.18181818181818182,50,46000,45,54000,11,42000,50000,8,0,0,0,0,0,0,0,0,0,0,0,0,0.7272727272727273,40,40,0.8,10,0.25,0,0,55,1,45,0.8181818181818182,20,0.5714285714285714,0,0,0,0,0,0,0
ottawa_ons2022_lowertown_east_3067_00000_6_5_percent,380,10,0.02631578947368421,33.2,34,60,0.15789473684210525,290,37200,270,28400,34,31000,30200,27.6,100,0.2631578947368421,0,0,0,0,0,0,0,0,0,0,0.9210526315789473,350,220,0.6567164179104478,45,0.20454545454545456,50,0.20833333333333334,190,0.7916666666666666,150,0.625,45,0.2571428571428571,30,0.17142857142857143,0.11538461538461539,145,0.3815789473684211,90,0.23684210526315788
ottawa_ons2022_lowertown_west_3068_00000_6_2_percent,85,0,0,39.6,39.2,40,0.47058823529411764,85,46000,80,46000,17,35000,36500,12,15,0.17647058823529413,0,0,0,0,0,0,0,0,0,0,0.9411764705882353,80,85,1,15,0.17647058823529413,0,0,65,0.8666666666666667,65,0.8666666666666667,45,0.6923076923076923,0,0,0,20,0.23529411764705882,10,0.11764705882352941
ottawa_ons2022_madawaska_valley_3712_00000_7_7_percent,10,0,0,NA,NA,0,0,0,NA,0,NA,NA,NA,NA,NA,0,NA,0,0,0,0,0,0,0,0,0,0,0,0,0,0,0,NA,0,0,0,0,0,0,0,NA,0,NA,NA,0,0,0,0
ottawa_ons2022_manor_park_3069_00000_2_5_percent,335,20,0.05970149253731343,39.5,38.4,15,0.04477611940298507,320,34000,270,32800,26.4,29600,33200,17.2,50,0.15151515151515152,0,0,0,0,0,0,0,0,0,0,0.9090909090909091,300,235,0.7230769230769231,65,0.2765957446808511,10,0.038461538461538464,250,0.9615384615384616,205,0.7884615384615384,60,0.36363636363636365,10,0.06060606060606061,0,40,0.12121212121212122,40,0.11940298507462686
ottawa_ons2022_manotick_3070_00000_1_7_percent,60,10,0.16666666666666666,39.5,41.2,0,0,50,44000,45,58000,11,44000,56000,6,0,0,10,0.15384615384615385,0,0,0,0,0,0,0,0,0.8333333333333334,50,20,0.36363636363636365,0,0,0,0,30,1,30,1,15,1,0,0,NA,0,0,10,0.16666666666666666
ottawa_ons2022_marlborough_3071_00000_2_8_percent,0,0,NA,NA,NA,0,NA,0,NA,0,NA,NA,NA,NA,NA,0,NA,0,NA,NA,0,NA,0,NA,0,NA,0,NA,0,0,NA,0,NA,0,NA,0,NA,0,NA,0,NA,0,NA,NA,0,NA,0,NA
ottawa_ons2022_mc_nab_braeside_3713_00000_3_0_percent,25,0,0,42,NA,0,0,20,48000,0,NA,12,38000,NA,6,0,0,0,0,0,0,0,0,0,0,0,0,0,0,15,0.75,0,0,0,0,15,1,15,1,0,0,0,0,NA,0,0,0,0
ottawa_ons2022_merivale_gardens_grenfell_glen_pineglen_country_place_3072_00000_1_1_percent,60,0,0,38,40.4,0,0,55,42000,40,52000,14,40000,52000,6,0,0,0,0,0,0,0,0,0,0,0,0,0.75,45,40,0.7272727272727273,10,0.25,0,0,30,0.8571428571428571,30,0.8571428571428571,15,0.5,0,0,0,0,0,10,0.16666666666666666
ottawa_ons2022_metcalfe_3073_00000_1_7_percent,35,0,0,31,NA,0,0,25,56000,25,52000,18,52000,60000,10,0,0,0,0,0,0,0,0,0,0,0,0,1,35,20,1,0,0,0,0,25,1,20,0.8,0,0,0,0,0,0,0,0,0
ottawa_ons2022_mississippi_mills_3405_00000_3_5_percent,60,0,0,36.5,40.8,0,0,40,44000,40,42000,18,44000,44000,14,0,0,0,0,0,0,0,0,0,0,0,0,0.3333333333333333,20,35,0.7777777777777778,0,0,0,0,45,1,35,0.7777777777777778,0,0,10,0.2857142857142857,0.25,0,0,0,0
ottawa_ons2022_montague_3406_00000_0_5_percent,0,0,NA,NA,NA,0,NA,0,NA,0,NA,NA,NA,NA,NA,0,NA,0,NA,NA,0,NA,0,NA,0,NA,0,NA,0,0,NA,0,NA,0,NA,0,NA,0,NA,0,NA,0,NA,NA,0,NA,0,NA
ottawa_ons2022_munster_ashton_3075_00000_0_8_percent,10,0,0,NA,NA,0,0,0,NA,0,NA,NA,NA,NA,NA,0,NA,0,0,0,0,0,0,0,0,0,0,0,0,15,1,0,0,0,0,10,1,10,1,0,NA,0,NA,NA,0,0,0,0
ottawa_ons2022_richmond_3074_00000_1_6_percent,65,0,0,35,38.8,0,0,45,58000,45,68000,5.6,46000,58000,4,0,0,0,0,0,0,0,0,0,0,0,0,0.6666666666666666,40,40,0.8,0,0,0,0,55,1,55,1,20,0.5,10,0.25,0,10,0.15384615384615385,0,0
ottawa_ons2022_navan_sarsfield_3076_00000_3_3_percent,0,0,NA,NA,NA,0,NA,0,NA,0,NA,NA,NA,NA,NA,0,NA,0,NA,NA,0,NA,0,NA,0,NA,0,NA,0,0,NA,0,NA,0,NA,0,NA,0,NA,0,NA,0,NA,NA,0,NA,0,NA
ottawa_ons2022_new_edinburgh_3077_00000_3_6_percent,175,0,0,36.6,40.8,15,0.08571428571428572,145,64000,135,75000,5.6,58000,73000,3.5,0,0,0,0,0,0,0,0,0,0,0,0,0.4857142857142857,85,105,0.6774193548387096,0,0,0,0,120,1,115,0.9583333333333334,55,0.55,0,0,0,75,0.42857142857142855,20,0.11428571428571428
ottawa_ons2022_north_algona_wilberforce_3714_00000_3_7_percent,10,0,0,NA,NA,0,0,0,NA,0,NA,NA,NA,NA,NA,0,NA,0,0,0,0,0,0,0,0,0,0,0,0,0,0,0,NA,0,0,10,1,0,0,0,NA,0,NA,NA,0,0,0,0
ottawa_ons2022_north_dundas_3803_00000_1_5_percent,45,0,0,36.5,36.8,0,0,45,44000,40,52000,12,38000,44000,6,0,0,0,0,0,0,0,0,0,0,0,0,0.4,20,35,0.7777777777777778,0,0,10,0.25,35,0.875,35,0.875,20,0.5714285714285714,0,0,0,0,0,0,0
ottawa_ons2022_north_glengarry_3804_00000_2_2_percent,30,0,0,40,NA,0,0,25,52000,25,52000,NA,48000,48000,10,0,0,0,0,0,0,0,0,0,0,0,0,0,0,20,0.8,0,0,0,0,20,1,20,1,0,0,10,0.6666666666666666,1,0,0,0,0
ottawa_ons2022_north_gower_kars_3078_00000_0_9_percent,10,0,0,NA,NA,0,0,0,NA,0,NA,NA,NA,NA,NA,0,NA,0,0,0,0,0,0,0,0,0,0,1,10,10,1,0,0,0,0,10,1,10,1,0,0,0,0,0,0,0,0,0
ottawa_ons2022_north_grenville_3501_00000_2_2_percent,75,0,0,34.5,36.4,0,0,70,42000,70,44000,17,36000,48000,8,0,0,0,0,0,0,0,0,0,0,0,0,0.6666666666666666,50,60,0.8,0,0,0,0,45,1,35,0.7777777777777778,0,0,0,0,0,0,0,25,0.3333333333333333
ottawa_ons2022_north_stormont_3805_00000_1_7_percent,10,0,0,NA,NA,0,0,0,NA,0,NA,NA,NA,NA,NA,0,NA,0,0,0,0,0,0,0,0,0,0,0.6666666666666666,10,10,1,0,0,0,0,10,1,10,1,0,0,0,0,0,0,0,0,0
ottawa_ons2022_old_barrhaven_east_3079_00000_2_0_percent,1095,45,0.0410958904109589,34.6,36.8,0,0,875,41500,790,43400,16.9,38000,43100,10.1,90,0.08256880733944955,55,0.0502283105022831,0,0,0,0,0,0,0,0,0.926605504587156,1010,695,0.7554347826086957,115,0.16546762589928057,25,0.035211267605633804,685,0.9647887323943662,620,0.8732394366197183,160,0.27586206896551724,70,0.1206896551724138,0.04819277108433735,40,0.0365296803652968,165,0.1506849315068493
ottawa_ons2022_old_barrhaven_west_3080_00000_1_1_percent,550,45,0.08181818181818182,37.9,38.8,0,0,460,41600,410,47400,13.1,40200,47200,8.2,35,0.06363636363636363,35,0.06363636363636363,0,0,0,0,0,0,0,0,0.8440366972477065,460,340,0.6732673267326733,60,0.17647058823529413,15,0.043478260869565216,335,0.9710144927536232,280,0.8115942028985508,140,0.5,20,0.07142857142857142,0.07407407407407407,55,0.1,110,0.2
ottawa_ons2022_old_hunt_club_3081_00000_2_4_percent,650,25,0.038461538461538464,35,34.8,30,0.046153846153846156,570,37400,520,37000,20.4,34000,37200,11.1,65,0.1,15,0.023076923076923078,0,0,0,0,0,0,0,0,0.8384615384615385,545,495,0.825,70,0.1414141414141414,30,0.07407407407407407,370,0.9135802469135802,320,0.7901234567901234,110,0.2619047619047619,50,0.11904761904761904,0.04918032786885246,30,0.046153846153846156,170,0.26153846153846155
ottawa_ons2022_old_ottawa_east_3082_00000_4_2_percent,150,20,0.13333333333333333,41.2,36.8,25,0.16666666666666666,140,49000,125,63000,7,38500,44000,4.6,0,0,0,0,0,0,0,0,0,0,0,0,0.8275862068965517,120,100,0.6896551724137931,10,0.1,0,0,105,1,90,0.8571428571428571,45,0.47368421052631576,0,0,0,10,0.06666666666666667,10,0.06666666666666667
ottawa_ons2022_old_ottawa_south_3083_00000_3_5_percent,110,10,0.09090909090909091,37.6,41.6,0,0,85,46000,75,58000,11,50000,68000,4,0,0,0,0,0,0,0,0,0,0,0,0,0.5,55,65,0.7222222222222222,15,0.23076923076923078,0,0,60,0.9230769230769231,55,0.8461538461538461,35,0.7,0,0,0,0,0,20,0.18181818181818182
ottawa_ons2022_orleans_industrial_3084_09999_0_0_percent,NA,NA,NA,NA,NA,NA,NA,NA,NA,NA,NA,NA,NA,NA,NA,NA,NA,NA,NA,NA,NA,NA,NA,NA,NA,NA,NA,NA,NA,NA,NA,NA,NA,NA,NA,NA,NA,NA,NA,NA,NA,NA,NA,NA,NA,NA,NA,NA
ottawa_ons2022_orleans_village_chateauneuf_3085_00000_1_6_percent,215,20,0.09302325581395349,39.2,39.6,10,0.046511627906976744,200,54400,190,63200,11,42400,45200,9.2,0,0,0,0,0,0,0,0,0,0,0,0,0.8571428571428571,180,160,0.8,20,0.125,0,0,135,1,130,0.9629629629629629,35,0.25,25,0.17857142857142858,0,75,0.3488372093023256,45,0.20930232558139536
ottawa_ons2022_osgoode_vernon_3086_00000_1_6_percent,50,0,0,39.5,38.8,0,0,45,40000,30,52000,NA,25000,38000,3.8,0,0,10,0.18181818181818182,0,0,0,0,0,0,0,0,0.6363636363636364,35,45,0.9,0,0,20,0.4444444444444444,25,0.5555555555555556,25,0.5555555555555556,20,0.5,0,0,0,0,0,10,0.2
ottawa_ons2022_overbrook_3087_00000_5_0_percent,960,25,0.026041666666666668,32.8,33.2,60,0.0625,755,34800,585,29800,38.8,31400,30900,26.2,190,0.19895287958115182,20,0.020833333333333332,0,0,0,0,0,0,0,0,0.9581151832460733,915,515,0.6130952380952381,75,0.14563106796116504,105,0.1794871794871795,480,0.8205128205128205,400,0.6837606837606838,105,0.23333333333333334,50,0.1111111111111111,0.029850746268656716,240,0.25,225,0.234375
ottawa_ons2022_parkwood_hills_3088_00000_5_9_percent,500,30,0.06,32.9,32.8,15,0.03,365,33400,255,31600,38.8,30700,32800,29.6,85,0.17,35,0.07,0,0,0,0,0,0,0,0,0.97,485,235,0.5875,65,0.2765957446808511,95,0.3392857142857143,185,0.6607142857142857,135,0.48214285714285715,25,0.15151515151515152,15,0.09090909090909091,0.1111111111111111,30,0.06,90,0.18
ottawa_ons2022_pembroke_3715_00000_3_1_percent,50,0,0,36.5,34.8,0,0,40,36000,40,34000,14,28000,29000,6,0,0,0,0,0,0,0,0,0,0,0,0,0.6,30,40,0.8888888888888888,0,0,0,0,35,1,30,0.8571428571428571,10,0.2857142857142857,0,0,0,0,0,15,0.3
ottawa_ons2022_perth_3407_00000_2_5_percent,15,0,0,44,NA,0,0,15,45000,0,NA,2.5,20000,NA,6,0,0,0,0,0,0,0,0,0,0,0,0,0.6666666666666666,10,15,1,0,0,0,0,15,1,15,1,0,0,0,0,0,0,0,0,0
ottawa_ons2022_petawawa_3716_00000_2_3_percent,155,0,0,31.8,36,0,0,120,47000,115,58000,9.2,42000,51000,7.2,0,0,0,0,0,0,0,0,0,0,0,0,0.41935483870967744,65,105,0.75,20,0.19047619047619047,10,0.09523809523809523,100,0.9523809523809523,90,0.8571428571428571,20,0.23529411764705882,20,0.23529411764705882,0,15,0.0967741935483871,30,0.1935483870967742
ottawa_ons2022_pikwakanagan_golden_lake_39_3717_03030_38_6_percent,0,0,NA,NA,NA,0,NA,0,NA,0,NA,NA,NA,NA,NA,0,NA,0,NA,NA,0,NA,0,NA,0,NA,0,NA,0,0,NA,0,NA,0,NA,0,NA,0,NA,0,NA,0,NA,NA,0,NA,0,NA
ottawa_ons2022_pineview_3089_00000_3_1_percent,350,10,0.02857142857142857,30.5,30.2,10,0.02857142857142857,255,33600,225,28800,30.8,29400,28200,22,0,0,0,0,0,0,0,0,0,0,0,0,0.8732394366197183,310,205,0.7321428571428571,30,0.14634146341463414,50,0.2857142857142857,120,0.6857142857142857,125,0.7142857142857143,40,0.22857142857142856,15,0.08571428571428572,0,15,0.04225352112676056,90,0.2571428571428571
ottawa_ons2022_playfair_park_guildwood_estates_3090_00000_2_3_percent,125,10,0.08,38.4,37.2,10,0.08,115,52000,100,60000,12.8,52000,65000,5.2,0,0,0,0,0,0,0,0,0,0,0,0,0.9230769230769231,120,95,0.8260869565217391,10,0.10526315789473684,0,0,100,1,95,0.95,20,0.25,15,0.1875,0.2727272727272727,10,0.08,0,0
ottawa_ons2022_portobello_south_3091_00000_1_9_percent,1290,75,0.05813953488372093,35.6,37.2,25,0.01937984496124031,1055,44300,960,46500,17.6,40600,45900,11,55,0.04263565891472868,50,0.03875968992248062,0,0,0,0,0,0,0,0,0.8837209302325582,1140,845,0.7511111111111111,70,0.08284023668639054,45,0.05521472392638037,775,0.950920245398773,675,0.8282208588957055,240,0.3116883116883117,70,0.09090909090909091,0.10377358490566038,350,0.2713178294573643,235,0.1821705426356589
ottawa_ons2022_qualicum_redwood_3092_00000_1_9_percent,70,0,0,42,42.8,0,0,65,38000,60,33000,32,33000,32000,18,0,0,0,0,0,0,0,0,0,0,0,0,0.6428571428571429,45,50,0.7142857142857143,15,0.3,0,0,50,0.9090909090909091,40,0.7272727272727273,10,0.25,0,0,0,0,0,10,0.14285714285714285
ottawa_ons2022_queensway_terrace_north_3093_00000_3_0_percent,70,0,0,31.2,30.6,15,0.21428571428571427,65,50000,60,66000,11,38000,44000,7.6,0,0,0,0,0,0,0,0,0,0,0,0,0.7857142857142857,55,50,0.7142857142857143,0,0,0,0,55,1,50,0.9090909090909091,15,0.3333333333333333,0,0,0,10,0.14285714285714285,10,0.14285714285714285
ottawa_ons2022_queenswood_chatelaine_3094_00000_3_9_percent,85,0,0,42,45.6,15,0.17647058823529413,65,44000,60,48000,18,42000,50000,9.5,0,0,0,0,0,0,0,0,0,0,0,0,1,80,60,0.8571428571428571,20,0.3333333333333333,0,0,55,1,50,0.9090909090909091,15,0.375,0,0,0,25,0.29411764705882354,10,0.11764705882352941
ottawa_ons2022_queenswood_heights_3095_00000_1_5_percent,195,10,0.05128205128205128,35,36.4,0,0,145,30800,110,34000,25,27200,29600,23,0,0,0,0,0,0,0,0,0,0,0,0,0.5263157894736842,100,100,0.6451612903225806,20,0.2,0,0,120,1,110,0.9166666666666666,30,0.35294117647058826,10,0.11764705882352941,0,45,0.23076923076923078,25,0.1282051282051282
ottawa_ons2022_renfrew_3718_00000_1_7_percent,0,0,NA,NA,NA,0,NA,0,NA,0,NA,NA,NA,NA,NA,0,NA,0,NA,NA,0,NA,0,NA,0,NA,0,NA,0,0,NA,0,NA,0,NA,0,NA,0,NA,0,NA,0,NA,NA,0,NA,0,NA
ottawa_ons2022_rideaucrest_davidson_heights_3097_00000_1_4_percent,500,35,0.07,37,36.4,20,0.04,440,36400,410,35400,19.6,32200,36000,9,0,0,20,0.04,0,0,0,0,0,0,0,0,0.88,440,310,0.6813186813186813,30,0.0967741935483871,25,0.07692307692307693,300,0.9230769230769231,255,0.7846153846153846,75,0.2631578947368421,50,0.17543859649122806,0.09523809523809523,50,0.1,100,0.2
ottawa_ons2022_riverside_park_mooneys_bay_3098_00000_2_5_percent,100,0,0,36.4,34.4,10,0.1,100,38500,80,39000,23,35000,41000,10,0,0,0,0,0,0,0,0,0,0,0,0,1,100,75,0.7894736842105263,0,0,15,0.16666666666666666,75,0.8333333333333334,60,0.6666666666666666,10,0.13333333333333333,20,0.26666666666666666,0,15,0.15,0,0
ottawa_ons2022_riverside_park_south_revelstoke_3099_00000_2_1_percent,25,0,0,40,NA,0,0,20,68000,15,120000,3,64000,100000,3,0,0,0,0,0,0,0,0,0,0,0,0,0.8,20,15,0.75,0,0,0,0,20,1,20,1,10,0.6666666666666666,0,0,NA,0,0,0,0
ottawa_ons2022_riverside_south_leitrim_3100_00000_0_9_percent,595,45,0.07563025210084033,39.8,38.8,15,0.025210084033613446,550,43800,475,52000,13.7,40800,51200,7.2,80,0.13559322033898305,35,0.059322033898305086,0,0,0,0,0,0,0,0,0.9067796610169492,535,430,0.7747747747747747,55,0.12790697674418605,15,0.03409090909090909,425,0.9659090909090909,375,0.8522727272727273,160,0.43243243243243246,20,0.05405405405405406,0,10,0.01694915254237288,75,0.12605042016806722
ottawa_ons2022_riverview_3101_00000_3_8_percent,545,45,0.08256880733944955,38.2,38,55,0.10091743119266056,460,37800,390,39000,24,34200,36600,15,95,0.1743119266055046,35,0.06422018348623854,0,0,0,0,0,0,0,0,0.9363636363636364,515,370,0.7326732673267327,75,0.20270270270270271,40,0.11594202898550725,310,0.8985507246376812,270,0.782608695652174,55,0.1864406779661017,20,0.06779661016949153,0.0425531914893617,55,0.10091743119266056,120,0.22018348623853212
ottawa_ons2022_rockcliffe_park_3102_00000_5_0_percent,30,0,0,48,51.2,0,0,30,160000,25,180000,NA,NA,NA,NA,0,0,0,0,0,0,0,0,0,0,0,0,0.3333333333333333,10,10,0.3333333333333333,0,0,0,0,20,1,15,0.75,0,NA,0,NA,NA,0,0,0,0
ottawa_ons2022_rothwell_heights_beacon_hill_north_3103_00000_1_8_percent,285,10,0.03508771929824561,36.2,35.2,0,0,235,36000,210,32400,26.8,32000,33200,17.2,0,0,0,0,0,0,0,0,0,0,0,0,0.8771929824561403,250,165,0.6226415094339622,35,0.21212121212121213,0,0,170,0.9714285714285714,135,0.7714285714285715,35,0.2692307692307692,20,0.15384615384615385,0.10526315789473684,45,0.15789473684210525,80,0.2807017543859649
ottawa_ons2022_russell_3607_00000_1_3_percent,130,10,0.07692307692307693,37.2,35.6,0,0,110,48000,110,52000,10,45000,51000,6,0,0,0,0,0,0,0,0,0,0,0,0,0.3076923076923077,40,95,0.8260869565217391,15,0.15789473684210525,0,0,90,0.9473684210526315,90,0.9473684210526315,30,0.375,15,0.1875,0,10,0.07692307692307693,10,0.07692307692307693
ottawa_ons2022_sandy_hill_3104_00010_10_1_percent,365,20,0.0547945205479452,37.7,37.2,55,0.1506849315068493,320,39200,270,40000,23.6,31300,36000,12,125,0.3424657534246575,10,0.0273972602739726,0,0,0,0,0,0,0,0,0.8108108108108109,300,245,0.7,70,0.2857142857142857,25,0.1,225,0.9,210,0.84,75,0.4411764705882353,15,0.08823529411764706,0,85,0.2328767123287671,75,0.2054794520547945
ottawa_ons2022_smiths_falls_3408_00000_2_2_percent,35,0,0,36,32.4,0,0,25,40000,20,44000,20,60000,72000,10,0,0,10,0.2857142857142857,0,0,0,0,0,0,0,0,0.75,30,20,0.8,0,0,0,0,15,0.75,15,0.75,0,0,0,0,0,0,0,0,0
ottawa_ons2022_south_dundas_3806_00000_2_2_percent,25,0,0,50,NA,0,0,25,60000,25,64000,2.8,56000,64000,2,0,0,0,0,0,0,0,0,0,0,0,0,0.4,10,25,1,0,0,0,0,20,1,20,1,0,0,0,0,0,0,0,0,0
ottawa_ons2022_south_glengarry_3807_00000_1_7_percent,80,0,0,43,44.4,0,0,60,48000,55,60000,9,42000,68000,4.8,0,0,0,0,0,0,0,0,0,0,0,0,0.3333333333333333,25,55,0.7333333333333333,0,0,0,0,70,1,55,0.7857142857142857,15,0.3,10,0.2,0,10,0.125,0,0
ottawa_ons2022_south_keys_3105_00000_2_1_percent,60,10,0.16666666666666666,42,40.8,0,0,50,31000,50,28000,20,34000,35000,10,0,0,0,0,0,0,0,0,0,0,0,0,0.9090909090909091,50,40,0.7272727272727273,0,0,0,0,35,1,35,1,0,0,0,0,0,0,0,0,0
ottawa_ons2022_south_stormont_3808_00000_1_8_percent,55,0,0,28.4,33.6,0,0,35,44000,35,28000,36,32000,34000,36,0,0,0,0,0,0,0,0,0,0,0,0,0.9090909090909091,50,30,0.8571428571428571,0,0,0,0,30,0.8571428571428571,30,0.8571428571428571,0,0,0,0,0,0,0,0,0
ottawa_ons2022_stittsville_3106_00000_1_1_percent,335,10,0.029850746268656716,33.4,37.2,0,0,245,46000,220,62800,12,50000,63200,6.6,0,0,10,0.029850746268656716,0,0,0,0,0,0,0,0,0.6666666666666666,220,190,0.7450980392156863,20,0.10526315789473684,0,0,220,1,195,0.8863636363636364,100,0.5882352941176471,15,0.08823529411764706,0.21428571428571427,15,0.04477611940298507,30,0.08955223880597014
ottawa_ons2022_stittsville_east_3107_00000_1_9_percent,735,15,0.02040816326530612,34.2,36.8,0,0,600,52400,550,59400,12.9,46800,54400,9.4,55,0.07482993197278912,15,0.02040816326530612,0,0,0,0,0,0,0,0,0.8851351351351351,655,530,0.828125,50,0.09433962264150944,10,0.01834862385321101,530,0.9724770642201835,485,0.8899082568807339,245,0.5104166666666666,20,0.041666666666666664,0,50,0.06802721088435375,80,0.10884353741496598
ottawa_ons2022_stittsville_north_3108_00000_1_2_percent,475,30,0.06315789473684211,36.1,37.2,0,0,410,54400,385,63000,8.5,50200,62600,5.2,40,0.08421052631578947,20,0.042105263157894736,0,0,0,0,0,0,0,0,0.7684210526315789,365,345,0.8117647058823529,35,0.10144927536231885,0,0,360,1,335,0.9305555555555556,165,0.532258064516129,45,0.14516129032258066,0.13793103448275862,0,0,35,0.07368421052631578
ottawa_ons2022_stonebridge_half_moon_bay_3109_00000_3_0_percent,1710,145,0.0847953216374269,35.5,36.4,20,0.011695906432748537,1410,44040,1280,48720,14.9,42480,50800,9.2,165,0.09620991253644315,135,0.07871720116618076,0,0,0,0,0,0,0,0,0.9271137026239067,1590,1015,0.697594501718213,80,0.07881773399014778,45,0.04090909090909091,1055,0.9590909090909091,990,0.9,430,0.45989304812834225,95,0.10160427807486631,0.09090909090909091,65,0.037900874635568516,210,0.12280701754385964
ottawa_ons2022_tay_valley_3409_00000_8_9_percent,0,0,NA,NA,NA,0,NA,0,NA,0,NA,NA,NA,NA,NA,0,NA,0,NA,NA,0,NA,0,NA,0,NA,0,NA,0,0,NA,0,NA,0,NA,0,NA,0,NA,0,NA,0,NA,NA,0,NA,0,NA
ottawa_ons2022_the_nation_la_nation_3608_00000_1_4_percent,40,0,0,34.5,35.6,0,0,40,40000,30,32000,32,38000,36000,24,0,0,0,0,0,0,0,0,0,0,0,0,0.75,30,25,0.625,0,0,10,0.2857142857142857,25,0.7142857142857143,30,0.8571428571428571,0,0,15,0.6,0,0,0,10,0.25
ottawa_ons2022_trend_arlington_3110_00000_2_8_percent,150,20,0.13333333333333333,42,42,0,0,130,46000,110,56000,11.6,42000,54000,6.4,0,0,15,0.1,0,0,0,0,0,0,0,0,0.6551724137931034,95,95,0.7307692307692307,10,0.10526315789473684,0,0,85,0.8947368421052632,75,0.7894736842105263,40,0.5333333333333333,15,0.2,0.3333333333333333,20,0.13333333333333333,10,0.06666666666666667
ottawa_ons2022_vanier_north_3111_00000_7_0_percent,215,0,0,34.2,33.6,30,0.13953488372093023,195,36000,180,32400,26.8,30600,29400,14.8,25,0.11627906976744186,10,0.046511627906976744,0,0,0,0,0,0,0,0,0.8863636363636364,195,150,0.75,25,0.16666666666666666,30,0.18181818181818182,130,0.7878787878787878,105,0.6363636363636364,30,0.24,15,0.12,0.15,80,0.37209302325581395,35,0.16279069767441862
ottawa_ons2022_vanier_south_3112_00000_6_9_percent,220,30,0.13636363636363635,39.6,38,30,0.13636363636363635,185,30600,125,36000,25.6,25800,33000,19.2,65,0.3023255813953488,10,0.046511627906976744,0,0,0,0,0,0,0,0,0.9767441860465116,210,130,0.6666666666666666,25,0.19230769230769232,0,0,135,1,90,0.6666666666666666,20,0.19047619047619047,0,0,0.125,60,0.27906976744186046,35,0.1590909090909091
ottawa_ons2022_vars_3113_00000_1_2_percent,20,0,0,40,NA,0,0,25,60000,25,68000,NA,48000,60000,NA,0,0,0,0,0,0,0,0,0,0,0,0,0,0,25,1,0,0,0,0,20,1,20,1,15,0.75,0,0,NA,0,0,0,0
ottawa_ons2022_waterridge_village_3114_00000_5_0_percent,145,0,0,32,34.8,10,0.06896551724137931,110,45000,100,45000,19.5,41000,42000,9.6,0,0,0,0,0,0,0,0,0,0,0,0,0.9285714285714286,130,85,0.7727272727272727,0,0,0,0,85,0.9444444444444444,85,0.9444444444444444,15,0.1875,15,0.1875,0,50,0.3448275862068966,15,0.10344827586206896
ottawa_ons2022_west_centretown_3115_00000_6_6_percent,190,15,0.07894736842105263,33.8,30.8,20,0.10526315789473684,155,28800,115,24000,44,26800,26400,28,75,0.40540540540540543,25,0.13513513513513514,0,0,0,0,0,0,0,0,0.918918918918919,170,100,0.625,35,0.35,35,0.3181818181818182,80,0.7272727272727273,55,0.5,30,0.46153846153846156,10,0.15384615384615385,0,25,0.13513513513513514,40,0.21052631578947367
ottawa_ons2022_westboro_3116_00000_4_2_percent,200,20,0.1,39.2,38,35,0.175,155,55000,135,67000,12.8,47000,57000,11.6,35,0.175,15,0.075,0,0,0,0,0,0,0,0,0.8205128205128205,160,130,0.7647058823529411,20,0.15384615384615385,10,0.08,115,0.92,105,0.84,45,0.4090909090909091,0,0,0,20,0.1,20,0.1
ottawa_ons2022_whitehaven_woodpark_glabar_park_3117_00000_2_7_percent,210,10,0.047619047619047616,35.8,34.8,15,0.07142857142857142,195,44800,180,44800,18.4,37600,42000,6.3,25,0.11904761904761904,0,0,0,0,0,0,0,0,0,0,0.6190476190476191,130,135,0.675,0,0,0,0,150,0.967741935483871,135,0.8709677419354839,60,0.46153846153846156,10,0.07692307692307693,0.21428571428571427,10,0.047619047619047616,30,0.14285714285714285
ottawa_ons2022_whitewater_region_3719_00000_3_1_percent,25,0,0,42,NA,0,0,20,40000,20,45000,16,40000,50000,10,0,0,0,0,0,0,0,0,0,0,0,0,0,0,20,0.8,0,0,0,0,20,1,10,0.5,0,0,10,0.5,0,0,0,0,0
ottawa_oeycfc_1_alta_vista_00000_4_4_percent,1180,50,0.0423728813559322,33.8,32.4,55,0.046610169491525424,965,35000,770,35200,28.9,31050,35700,18.6,215,0.18220338983050846,105,0.08898305084745763,0,0,0,0,0,0,0,0,0.9576271186440678,1130,675,0.6617647058823529,135,0.2,170,0.2251655629139073,585,0.7748344370860927,445,0.5894039735099338,105,0.19811320754716982,70,0.1320754716981132,0.06976744186046512,145,0.1228813559322034,215,0.18220338983050846
ottawa_oeycfc_3_beaconhill_00000_2_5_percent,655,45,0.06870229007633588,37.7,35.6,20,0.030534351145038167,570,35800,500,34600,24,31200,33800,13.9,35,0.05343511450381679,10,0.015267175572519083,0,0,0,0,0,0,0,0,0.8692307692307693,565,440,0.7154471544715447,80,0.18181818181818182,30,0.07228915662650602,385,0.927710843373494,310,0.7469879518072289,95,0.2676056338028169,40,0.11267605633802817,0.05660377358490566,115,0.17557251908396945,160,0.24427480916030533
ottawa_oeycfc_4_beaverbrook_marchwood_00000_1_6_percent,340,40,0.11764705882352941,38.9,40,10,0.029411764705882353,275,77000,255,125000,5.5,52000,81000,5.6,45,0.1323529411764706,30,0.08823529411764706,0,0,0,0,0,0,0,0,0.8208955223880597,275,190,0.6333333333333333,20,0.10526315789473684,20,0.10526315789473684,175,0.9210526315789473,165,0.868421052631579,75,0.4411764705882353,40,0.23529411764705882,0,0,0,70,0.20588235294117646
ottawa_oeycfc_5_bells_corners_00000_1_9_percent,185,10,0.05405405405405406,40,38,10,0.05405405405405406,160,38000,140,39000,24,30400,35000,13.6,25,0.13513513513513514,10,0.05405405405405406,0,0,0,0,0,0,0,0,0.918918918918919,170,140,0.8235294117647058,30,0.21428571428571427,10,0.07142857142857142,125,0.8928571428571429,100,0.7142857142857143,30,0.3,15,0.15,0.26666666666666666,0,0,10,0.05405405405405406
ottawa_oeycfc_7_blossom_park_00000_2_8_percent,685,15,0.021897810218978103,35.3,35.2,30,0.043795620437956206,555,34600,405,36000,30.8,31900,36200,22.4,175,0.25547445255474455,15,0.021897810218978103,0,0,0,0,0,0,0,0,0.9343065693430657,640,325,0.5284552845528455,45,0.13846153846153847,95,0.20652173913043478,370,0.8043478260869565,265,0.5760869565217391,45,0.16071428571428573,10,0.03571428571428571,0.10869565217391304,50,0.072992700729927,140,0.20437956204379562
ottawa_oeycfc_8_bridlewood_00000_1_2_percent,870,65,0.07471264367816093,36.6,38.4,0,0,695,47400,610,57000,12.1,44200,56000,6.4,55,0.06358381502890173,35,0.04046242774566474,0,0,0,0,0,0,0,0,0.6936416184971098,600,565,0.738562091503268,40,0.07079646017699115,0,0,550,1,470,0.8545454545454545,205,0.3904761904761905,55,0.10476190476190476,0.07936507936507936,45,0.05202312138728324,155,0.1781609195402299
ottawa_oeycfc_10_carleton_heights_00000_3_7_percent,335,0,0,35.9,37.2,30,0.08955223880597014,300,41200,265,48000,15,36800,46800,6.3,80,0.23880597014925373,45,0.13432835820895522,0,0,0,0,0,0,0,0,0.8059701492537313,270,225,0.7377049180327869,20,0.08888888888888889,20,0.07547169811320754,245,0.9245283018867925,200,0.7547169811320755,70,0.35,20,0.1,0,10,0.029850746268656716,35,0.1044776119402985
ottawa_oeycfc_11_carlington_00000_4_7_percent,425,0,0,34.1,35.2,80,0.18823529411764706,350,32600,240,30800,39.6,26600,29600,32,165,0.38823529411764707,15,0.03529411764705882,0,0,0,0,0,0,0,0,0.9058823529411765,385,205,0.5540540540540541,40,0.1951219512195122,75,0.2459016393442623,225,0.7377049180327869,155,0.5081967213114754,45,0.2647058823529412,20,0.11764705882352941,0,65,0.15294117647058825,65,0.15294117647058825
ottawa_oeycfc_14_centre_town_00000_5_8_percent,595,35,0.058823529411764705,38.8,38,185,0.31092436974789917,575,44200,530,48600,14.7,39400,45800,9.4,90,0.15,30,0.05,0,0,0,0,0,0,0,0,0.7416666666666667,445,420,0.711864406779661,55,0.13095238095238096,20,0.045454545454545456,415,0.9431818181818182,365,0.8295454545454546,170,0.4657534246575342,10,0.0273972602739726,0.05263157894736842,80,0.13333333333333333,120,0.20168067226890757
ottawa_oeycfc_19_copeland_00000_3_4_percent,580,55,0.09482758620689655,37.4,37.2,35,0.0603448275862069,460,44400,405,49800,15.7,37600,44800,9.9,95,0.16379310344827586,70,0.1206896551724138,0,0,0,0,0,0,0,0,0.8547008547008547,500,330,0.6407766990291263,40,0.12121212121212122,25,0.07352941176470588,310,0.9117647058823529,285,0.8382352941176471,85,0.288135593220339,35,0.11864406779661017,0.07142857142857142,65,0.11206896551724138,120,0.20689655172413793
ottawa_oeycfc_21_cyrville_00000_2_6_percent,880,30,0.03409090909090909,31.4,30.4,25,0.028409090909090908,675,33800,585,28400,33.2,31400,30800,21.4,95,0.10734463276836158,25,0.028409090909090908,0,0,0,0,0,0,0,0,0.8870056497175142,785,525,0.7142857142857143,60,0.11428571428571428,80,0.1702127659574468,385,0.8191489361702128,340,0.723404255319149,95,0.2087912087912088,40,0.08791208791208792,0.0410958904109589,120,0.13636363636363635,235,0.26704545454545453
ottawa_oeycfc_22_dalhousie_00000_5_8_percent,265,15,0.05660377358490566,35.2,34.4,40,0.1509433962264151,235,45200,185,57200,17.6,39600,53200,11.8,80,0.3018867924528302,25,0.09433962264150944,0,0,0,0,0,0,0,0,0.8518518518518519,230,165,0.6875,40,0.24242424242424243,40,0.22857142857142856,140,0.8,105,0.6,70,0.5384615384615384,15,0.11538461538461539,0,40,0.1509433962264151,50,0.18867924528301888
ottawa_oeycfc_23_glebe_00000_4_1_percent,115,15,0.13043478260869565,44,45.2,10,0.08695652173913043,110,62000,105,88000,4,64000,92000,3.6,0,0,10,0.08695652173913043,0,0,0,0,0,0,0,0,0.45454545454545453,50,90,0.782608695652174,0,0,0,0,80,1,80,1,35,0.4375,0,0,0.25,0,0,25,0.21739130434782608
ottawa_oeycfc_28_hunt_club_east_00000_2_9_percent,1450,70,0.04827586206896552,35.1,35.2,35,0.02413793103448276,1175,32200,965,29050,32.8,29300,31300,20.1,215,0.1482758620689655,80,0.05517241379310345,0,0,0,0,0,0,0,0,0.9003436426116839,1310,840,0.672,140,0.16666666666666666,175,0.20114942528735633,695,0.7988505747126436,570,0.6551724137931034,155,0.22142857142857142,65,0.09285714285714286,0.018518518518518517,140,0.09655172413793103,310,0.21379310344827587
ottawa_oeycfc_29_hunt_club_west_00000_2_0_percent,570,25,0.043859649122807015,35.4,35.2,20,0.03508771929824561,495,38000,455,38000,18.8,34600,37800,10.1,40,0.07017543859649122,15,0.02631578947368421,0,0,0,0,0,0,0,0,0.8230088495575221,465,450,0.8571428571428571,65,0.14444444444444443,20,0.056338028169014086,335,0.9436619718309859,290,0.8169014084507042,105,0.2727272727272727,45,0.11688311688311688,0.03773584905660377,30,0.05263157894736842,155,0.2719298245614035
ottawa_oeycfc_30_katimavik_hazeldean_00000_2_4_percent,1065,135,0.1267605633802817,38.2,38.4,35,0.03286384976525822,860,51100,790,62100,9,46600,56600,6.2,125,0.11737089201877934,105,0.09859154929577464,0,0,0,0,0,0,0,0,0.8356807511737089,890,625,0.6906077348066298,75,0.12,10,0.015151515151515152,650,0.9848484848484849,600,0.9090909090909091,310,0.5636363636363636,15,0.02727272727272727,0.04081632653061224,10,0.009389671361502348,110,0.10328638497652583
ottawa_oeycfc_31_lower_town_00000_7_6_percent,490,0,0,33.8,35.2,115,0.23469387755102042,395,40800,365,37000,25.6,33400,35400,18.4,120,0.24489795918367346,0,0,0,0,0,0,0,0,0,0,0.9175257731958762,445,335,0.7528089887640449,70,0.208955223880597,55,0.16417910447761194,280,0.835820895522388,250,0.746268656716418,105,0.39622641509433965,25,0.09433962264150944,0.06666666666666667,155,0.3163265306122449,110,0.22448979591836735
ottawa_oeycfc_33_nepean_central_00000_2_2_percent,700,30,0.04285714285714286,36.2,39.6,35,0.05,575,41200,515,46200,14.8,38400,45600,8.9,85,0.12056737588652482,45,0.06382978723404255,0,0,0,0,0,0,0,0,0.7659574468085106,540,470,0.7642276422764228,85,0.18085106382978725,20,0.043478260869565216,440,0.9565217391304348,380,0.8260869565217391,140,0.36363636363636365,45,0.11688311688311688,0.10204081632653061,55,0.07801418439716312,125,0.17857142857142858
ottawa_oeycfc_34_nepean_east_00000_3_2_percent,1285,85,0.06614785992217899,35.7,35.6,55,0.042801556420233464,1010,37700,810,39100,27.2,34600,39100,18.9,200,0.1556420233463035,70,0.054474708171206226,0,0,0,0,0,0,0,0,0.88671875,1135,675,0.6221198156682027,140,0.2074074074074074,175,0.21604938271604937,640,0.7901234567901234,470,0.5802469135802469,145,0.27102803738317754,70,0.1308411214953271,0.06493506493506493,70,0.054474708171206226,190,0.14785992217898833
ottawa_oeycfc_2_bayshore_crystal_bay_00000_3_6_percent,610,35,0.05737704918032787,35.5,34.8,25,0.040983606557377046,505,36600,405,38000,25.4,34200,37600,16.8,80,0.13114754098360656,40,0.06557377049180328,0,0,0,0,0,0,0,0,0.9262295081967213,565,340,0.6415094339622641,70,0.20588235294117646,65,0.17105263157894737,315,0.8289473684210527,250,0.6578947368421053,75,0.2830188679245283,25,0.09433962264150944,0.05263157894736842,25,0.040983606557377046,115,0.1885245901639344
ottawa_oeycfc_26_half_moon_bay_stonebridge_00000_1_5_percent,1925,185,0.09610389610389611,36.5,36.8,20,0.01038961038961039,1595,43760,1445,48720,14.7,42400,51080,8.4,170,0.08808290155440414,150,0.07772020725388601,0,0,0,0,0,0,0,0,0.9119170984455959,1760,1140,0.6867469879518072,100,0.08771929824561403,45,0.036585365853658534,1190,0.967479674796748,1105,0.8983739837398373,480,0.46153846153846156,100,0.09615384615384616,0.1,80,0.04145077720207254,240,0.12467532467532468
ottawa_oeycfc_37_orleans_south_00000_1_4_percent,1015,75,0.07389162561576355,37.6,38.4,30,0.029556650246305417,850,39100,760,40400,20.1,37000,43000,12.4,70,0.06896551724137931,40,0.03940886699507389,0,0,0,0,0,0,0,0,0.8571428571428571,870,660,0.7374301675977654,70,0.10606060606060606,45,0.06569343065693431,640,0.9343065693430657,570,0.8321167883211679,125,0.211864406779661,80,0.13559322033898305,0.043478260869565216,195,0.1921182266009852,130,0.12807881773399016
ottawa_oeycfc_32_metcalfe_osgoode_greely_00000_1_4_percent,270,0,0,35.2,38.8,15,0.05555555555555555,195,47200,175,52400,18,40000,46800,7.6,0,0,10,0.037037037037037035,0,0,0,0,0,0,0,0,0.7547169811320755,200,175,0.8333333333333334,15,0.08571428571428572,30,0.16666666666666666,155,0.8611111111111112,150,0.8333333333333334,45,0.2903225806451613,20,0.12903225806451613,0,15,0.05555555555555555,25,0.09259259259259259
ottawa_oeycfc_39_ottawa_north_east_00000_3_7_percent,975,45,0.046153846153846156,35.2,35.6,50,0.05128205128205128,820,35300,700,33800,27.4,30950,33000,17.6,160,0.16494845360824742,30,0.030927835051546393,0,0,0,0,0,0,0,0,0.9278350515463918,900,595,0.6878612716763006,105,0.17647058823529413,65,0.09923664122137404,590,0.9007633587786259,510,0.7786259541984732,140,0.2857142857142857,40,0.08163265306122448,0.043478260869565216,270,0.27835051546391754,170,0.17435897435897435
ottawa_oeycfc_40_ottawa_south_00000_3_2_percent,120,10,0.08333333333333333,37.6,41.6,0,0,95,50000,85,62000,9.5,52000,71000,3.4,0,0,0,0,0,0,0,0,0,0,0,0,0.52,65,75,0.75,15,0.2,0,0,70,1,65,0.9285714285714286,40,0.6666666666666666,0,0,0,0,0,20,0.16666666666666666
ottawa_oeycfc_41_ottawa_west_00000_3_4_percent,315,20,0.06349206349206349,38.2,38,45,0.14285714285714285,260,82000,235,113000,7.1,68000,97000,5.6,45,0.14285714285714285,20,0.06349206349206349,0,0,0,0,0,0,0,0,0.7258064516129032,225,220,0.8148148148148148,25,0.11363636363636363,15,0.06521739130434782,210,0.9130434782608695,205,0.8913043478260869,105,0.5384615384615384,10,0.05128205128205128,0,15,0.047619047619047616,15,0.047619047619047616
ottawa_oeycfc_42_overbrook_00000_5_8_percent,495,15,0.030303030303030304,32.8,34.8,35,0.0707070707070707,365,34800,245,30200,46,32400,31200,34.8,140,0.28,0,0,0,0,0,0,0,0,0,0,0.9595959595959596,475,230,0.5476190476190477,30,0.13043478260869565,75,0.2631578947368421,215,0.7543859649122807,180,0.631578947368421,50,0.24390243902439024,30,0.14634146341463414,0,165,0.3333333333333333,125,0.25252525252525254
ottawa_oeycfc_43_pinecrest_queensway_00000_3_8_percent,1105,35,0.03167420814479638,34.2,32.4,60,0.05429864253393665,965,36200,825,36300,24.5,30500,33900,14.1,160,0.14479638009049775,30,0.027149321266968326,0,0,0,0,0,0,0,0,0.8153153153153153,905,690,0.6865671641791045,100,0.14492753623188406,80,0.11347517730496454,635,0.900709219858156,525,0.7446808510638298,135,0.2288135593220339,50,0.0847457627118644,0.054945054945054944,170,0.15384615384615385,255,0.23076923076923078
ottawa_oeycfc_46_rideau_00000_1_7_percent,55,0,0,34.5,35.2,0,0,45,50000,45,52000,14,44000,48000,8,0,0,0,0,0,0,0,0,0,0,0,0,0.8333333333333334,50,30,0.5454545454545454,0,0,0,0,35,1,30,0.8571428571428571,15,0.6,0,0,0,0,0,15,0.2727272727272727
ottawa_oeycfc_50_vanier_00000_6_8_percent,440,30,0.06818181818181818,36.9,36,60,0.13636363636363635,385,33400,310,34000,26.2,28300,30800,16.8,90,0.20454545454545456,20,0.045454545454545456,0,0,0,0,0,0,0,0,0.9310344827586207,405,280,0.7,45,0.16071428571428573,30,0.1,265,0.8833333333333333,200,0.6666666666666666,50,0.2127659574468085,15,0.06382978723404255,0.13513513513513514,140,0.3181818181818182,75,0.17045454545454544
ottawa_oeycfc_51_westboro_00000_2_6_percent,110,10,0.09090909090909091,40.4,40.4,15,0.13636363636363635,100,60000,95,70000,7.8,44000,50000,10,0,0,0,0,0,0,0,0,0,0,0,0,0.6363636363636364,70,80,0.7272727272727273,10,0.125,0,0,80,1,65,0.8125,20,0.2857142857142857,0,0,0,20,0.18181818181818182,10,0.09090909090909091
ottawa_oeycfc_9_cardinal_creek_fallingbrook_00000_1_7_percent,730,35,0.04794520547945205,35.7,36.8,10,0.0136986301369863,580,41000,535,41600,18.4,36200,38800,11.8,60,0.0821917808219178,25,0.03424657534246575,0,0,0,0,0,0,0,0,0.9178082191780822,670,510,0.8292682926829268,90,0.17647058823529413,40,0.08695652173913043,420,0.9130434782608695,400,0.8695652173913043,160,0.3764705882352941,30,0.07058823529411765,0.09803921568627451,240,0.3287671232876712,120,0.1643835616438356
ottawa_oeycfc_12_carlsbad_springs_findlay_creek_00000_1_8_percent,1005,50,0.04975124378109453,37.1,37.2,20,0.01990049751243781,895,44600,790,50300,15.3,40400,47400,9.4,110,0.10945273631840796,60,0.05970149253731343,0,0,0,0,0,0,0,0,0.9108910891089109,920,725,0.7795698924731183,55,0.07586206896551724,50,0.06578947368421052,710,0.9342105263157895,595,0.7828947368421053,280,0.417910447761194,45,0.06716417910447761,0.02666666666666667,55,0.05472636815920398,115,0.11442786069651742
ottawa_oeycfc_13_carp_fitzroy_kinburn_00000_2_9_percent,110,0,0,39.6,40.4,0,0,105,50000,90,63000,10.8,48000,60000,6.2,0,0,15,0.13043478260869565,0,0,0,0,0,0,0,0,0.4782608695652174,55,85,0.8095238095238095,10,0.11764705882352941,0,0,90,1,90,1,45,0.5625,0,0,0,0,0,10,0.09090909090909091
ottawa_oeycfc_15_chapman_mills_rideau_crest_00000_2_8_percent,1265,115,0.09090909090909091,37.4,36.4,20,0.015810276679841896,1070,37400,955,39000,18.6,32700,37500,10.4,95,0.07509881422924901,105,0.08300395256916997,0,0,0,0,0,0,0,0,0.8858267716535433,1125,720,0.6343612334801763,80,0.1111111111111111,65,0.08024691358024691,745,0.9197530864197531,665,0.8209876543209876,220,0.34375,90,0.140625,0.08536585365853659,55,0.043478260869565216,210,0.16600790513833993
ottawa_oeycfc_16_chatelaine_convent_glen_00000_2_2_percent,220,15,0.06818181818181818,40.6,42.4,15,0.06818181818181818,185,43600,175,42400,20.4,38800,45200,8.8,0,0,0,0,0,0,0,0,0,0,0,0,0.9111111111111111,205,160,0.8205128205128205,30,0.1875,0,0,155,0.96875,125,0.78125,40,0.3076923076923077,20,0.15384615384615385,0.11764705882352941,60,0.2727272727272727,20,0.09090909090909091
ottawa_oeycfc_17_clementine_riverside_park_00000_3_5_percent,230,10,0.043478260869565216,37.2,35.6,25,0.10869565217391304,205,38000,185,33600,27.6,31600,32400,15.4,20,0.0851063829787234,10,0.0425531914893617,0,0,0,0,0,0,0,0,0.8723404255319149,205,160,0.7804878048780488,15,0.09375,15,0.08571428571428572,150,0.8571428571428571,115,0.6571428571428571,45,0.3103448275862069,25,0.1724137931034483,0,45,0.19148936170212766,15,0.06521739130434782
ottawa_oeycfc_18_constance_bay_dunrobin_00000_3_0_percent,95,20,0.21052631578947367,37.2,34.8,0,0,75,54000,65,72000,4.8,46000,66000,1.8,0,0,10,0.10526315789473684,0,0,0,0,0,0,0,0,0.3888888888888889,35,45,0.5625,10,0.2222222222222222,0,0,40,0.8888888888888888,30,0.6666666666666666,30,0.8571428571428571,10,0.2857142857142857,0,0,0,20,0.21052631578947367
ottawa_oeycfc_20_cumberland_navan_vars_00000_1_9_percent,90,0,0,33.2,32.8,0,0,80,56000,75,64000,7.6,54000,70000,6.4,0,0,0,0,0,0,0,0,0,0,0,0,0.631578947368421,60,65,0.7647058823529411,10,0.15384615384615385,0,0,60,0.9230769230769231,60,0.9230769230769231,30,0.5454545454545454,0,0,0,20,0.2222222222222222,20,0.2222222222222222
ottawa_oeycfc_24_glencairn_00000_2_4_percent,710,20,0.028169014084507043,33.7,36.4,10,0.014084507042253521,580,48400,535,53600,13.4,46000,53800,8.2,0,0,20,0.028169014084507043,0,0,0,0,0,0,0,0,0.8041958041958042,575,495,0.7983870967741935,55,0.1111111111111111,20,0.04,480,0.96,420,0.84,230,0.5168539325842697,25,0.056179775280898875,0.047619047619047616,65,0.09154929577464789,105,0.14788732394366197
ottawa_oeycfc_25_goulbourn_munster_richmond_00000_1_3_percent,70,0,0,36.5,36.4,0,0,50,50000,50,54000,17,39000,50000,9.5,0,0,0,0,0,0,0,0,0,0,0,0,0.5,35,45,0.8181818181818182,0,0,0,0,50,1,50,1,20,0.5714285714285714,0,0,0,10,0.14285714285714285,0,0
ottawa_oeycfc_6_blackburn_hamlet_mer_bleue_00000_2_4_percent,90,0,0,32,32.8,0,0,70,44000,65,39000,26,42000,46000,10,0,0,0,0,0,0,0,0,0,0,0,0,0.8888888888888888,80,65,0.7647058823529411,10,0.15384615384615385,10,0.16666666666666666,50,0.8333333333333334,45,0.75,10,0.16666666666666666,10,0.16666666666666666,0.2222222222222222,15,0.15789473684210525,15,0.16666666666666666
ottawa_oeycfc_35_new_edinburgh_rockcliffe_park_00000_3_9_percent,205,10,0.04878048780487805,38.4,41.6,15,0.07317073170731707,175,80000,165,92000,4.4,76500,116000,2,0,0,0,0,0,0,0,0,0,0,0,0,0.4634146341463415,95,115,0.6388888888888888,15,0.13043478260869565,0,0,140,1,130,0.9285714285714286,60,0.6,0,0,0,75,0.36585365853658536,30,0.14634146341463414
ottawa_oeycfc_36_old_barrhaven_00000_1_7_percent,1300,45,0.03461538461538462,34.4,36.8,0,0,1040,40900,950,42800,16.7,37800,42500,10.4,90,0.06923076923076923,60,0.046153846153846156,0,0,0,0,0,0,0,0,0.9,1170,830,0.7477477477477478,140,0.1686746987951807,25,0.030303030303030304,800,0.9696969696969697,715,0.8666666666666667,195,0.2846715328467153,85,0.12408759124087591,0.052083333333333336,80,0.06153846153846154,245,0.18846153846153846
ottawa_oeycfc_44_portobello_south_00000_1_9_percent,1290,75,0.05813953488372093,35.6,37.2,25,0.01937984496124031,1055,44300,960,46500,17.6,40600,45900,11,55,0.04263565891472868,50,0.03875968992248062,0,0,0,0,0,0,0,0,0.8837209302325582,1140,845,0.7511111111111111,70,0.08284023668639054,45,0.05521472392638037,775,0.950920245398773,675,0.8282208588957055,240,0.3116883116883117,70,0.09090909090909091,0.10377358490566038,350,0.2713178294573643,235,0.1821705426356589
ottawa_oeycfc_45_queenswood_heights_00000_1_0_percent,225,0,0,33.8,36.4,0,0,175,50800,150,66000,12.8,35600,41000,15.2,0,0,0,0,0,0,0,0,0,0,0,0,0.6363636363636364,140,140,0.7777777777777778,30,0.21428571428571427,0,0,145,1,130,0.896551724137931,45,0.391304347826087,10,0.08695652173913043,0,55,0.24444444444444444,35,0.15555555555555556
ottawa_oeycfc_47_riverside_south_00000_0_7_percent,270,15,0.05555555555555555,40,38.4,0,0,255,41600,205,53200,15,38400,51200,7.7,35,0.12962962962962962,15,0.05555555555555555,0,0,0,0,0,0,0,0,0.8888888888888888,240,190,0.76,35,0.18421052631578946,10,0.05128205128205128,185,0.9487179487179487,160,0.8205128205128205,60,0.3870967741935484,10,0.06451612903225806,0,10,0.037037037037037035,40,0.14814814814814814
ottawa_oeycfc_27_hawthorne_meadows_riverview_00000_4_9_percent,930,45,0.04838709677419355,36.2,35.6,90,0.0967741935483871,775,36000,635,35600,28,31600,32500,17.4,185,0.1989247311827957,45,0.04838709677419355,0,0,0,0,0,0,0,0,0.9301075268817204,865,605,0.7202380952380952,95,0.15702479338842976,70,0.11864406779661017,520,0.8813559322033898,445,0.7542372881355932,90,0.1782178217821782,45,0.0891089108910891,0.0625,140,0.15053763440860216,205,0.22043010752688172
ottawa_oeycfc_48_south_march_00000_1_0_percent,715,55,0.07692307692307693,35.7,37.6,10,0.013986013986013986,545,55600,485,68800,10.4,50200,62800,7.7,0,0,25,0.034722222222222224,0,0,0,0,0,0,0,0,0.8251748251748252,590,415,0.6974789915966386,35,0.08433734939759036,0,0,465,0.9893617021276596,425,0.9042553191489362,245,0.6447368421052632,10,0.02631578947368421,0,25,0.034722222222222224,65,0.09090909090909091
ottawa_oeycfc_49_stittsville_00000_1_2_percent,1150,55,0.04782608695652174,35.2,37.2,10,0.008695652173913044,930,51900,845,62800,10.6,48800,60100,6.8,105,0.09130434782608696,40,0.034782608695652174,0,0,0,0,0,0,0,0,0.7965367965367965,920,770,0.7938144329896907,75,0.09740259740259741,0,0,825,0.9939759036144579,750,0.9036144578313253,380,0.5467625899280576,65,0.09352517985611511,0.13114754098360656,40,0.034782608695652174,80,0.06956521739130435
ottawa_oeycfc_38_ottawa_east_sandy_hill_00000_7_6_percent,480,55,0.11458333333333333,39.6,37.2,65,0.13541666666666666,425,40000,375,42000,20.2,31400,34600,12.8,140,0.2916666666666667,15,0.03125,0,0,0,0,0,0,0,0,0.8315789473684211,395,305,0.6630434782608695,70,0.22950819672131148,25,0.078125,295,0.921875,255,0.796875,90,0.3829787234042553,20,0.0851063829787234,0,95,0.19791666666666666,85,0.17708333333333334
ottawa_chrc_13_western_ottawa_community_resource_centre_00000_1_8_percent,5130,390,0.07602339181286549,36.3,37.6,80,0.015594541910331383,4115,52600,3725,65500,10.2,47360,59500,6.8,395,0.0769980506822612,275,0.05360623781676413,0,0,0,0,0,0,0,0,0.7775609756097561,3985,3235,0.7360637087599545,315,0.0973724884080371,65,0.01914580265095729,3330,0.9808541973490427,3010,0.8865979381443299,1535,0.5247863247863248,220,0.07521367521367521,0.06569343065693431,220,0.042884990253411304,615,0.11988304093567251
ottawa_chrc_7_pinecrest_queensway_community_health_centre_00000_3_4_percent,1780,90,0.05056179775280899,34.7,33.2,100,0.056179775280898875,1535,35760,1280,35900,25.6,30560,33600,15.4,260,0.14606741573033707,90,0.05056179775280899,0,0,0,0,0,0,0,0,0.8627450980392157,1540,1060,0.660436137071651,170,0.16037735849056603,150,0.13513513513513514,960,0.8648648648648649,785,0.7072072072072072,210,0.23595505617977527,80,0.0898876404494382,0.06569343065693431,215,0.12078651685393259,405,0.22752808988764045
ottawa_chrc_1_carlington_community_and_health_services_00000_4_1_percent,1440,65,0.04513888888888889,36.3,37.6,175,0.12152777777777778,1175,42700,980,48900,19,36000,44300,13.5,350,0.24305555555555555,125,0.08680555555555555,0,0,0,0,0,0,0,0,0.8506944444444444,1225,840,0.6640316205533597,120,0.14285714285714285,120,0.1218274111675127,865,0.8781725888324873,710,0.7208121827411168,225,0.3125,70,0.09722222222222222,0.0425531914893617,165,0.11458333333333333,220,0.1527777777777778
ottawa_chrc_12_vanier_community_services_centre_00000_6_8_percent,440,30,0.06818181818181818,36.9,36,60,0.13636363636363635,385,33400,310,34000,26.2,28300,30800,16.8,90,0.20454545454545456,20,0.045454545454545456,0,0,0,0,0,0,0,0,0.9310344827586207,405,280,0.7,45,0.16071428571428573,30,0.1,265,0.8833333333333333,200,0.6666666666666666,50,0.2127659574468085,15,0.06382978723404255,0.13513513513513514,140,0.3181818181818182,75,0.17045454545454544
ottawa_chrc_6_orleans_cumberland_community_resource_centre_00000_1_8_percent,2420,120,0.049586776859504134,35.6,36.8,45,0.01859504132231405,1960,44360,1770,47320,16.8,39400,44280,11.3,150,0.06198347107438017,80,0.03305785123966942,0,0,0,0,0,0,0,0,0.8657024793388429,2095,1620,0.7788461538461539,220,0.13580246913580246,95,0.06129032258064516,1450,0.9354838709677419,1315,0.8483870967741935,490,0.3475177304964539,115,0.08156028368794327,0.09444444444444444,705,0.29132231404958675,420,0.17355371900826447
ottawa_chrc_4_lowertown_community_resource_centre_00000_6_1_percent,540,15,0.027777777777777776,34.7,35.6,105,0.19444444444444445,430,40400,405,35000,26.4,33800,35200,19.8,120,0.2222222222222222,0,0,0,0,0,0,0,0,0,0,0.8703703703703703,470,350,0.7142857142857143,70,0.2,55,0.15492957746478872,300,0.8450704225352113,255,0.7183098591549296,110,0.39285714285714285,35,0.125,0.09090909090909091,180,0.3333333333333333,120,0.2222222222222222
ottawa_chrc_9_sandy_hill_community_health_centre_00000_8_5_percent,500,50,0.1,38.8,36.8,80,0.16,445,41400,390,46000,18,32600,37400,9.8,135,0.27,15,0.03,0,0,0,0,0,0,0,0,0.8217821782178217,415,340,0.7010309278350515,80,0.23529411764705882,25,0.07142857142857142,325,0.9285714285714286,290,0.8285714285714286,115,0.4423076923076923,15,0.057692307692307696,0,85,0.17,90,0.18
ottawa_chrc_10_somerset_west_community_health_centre_00000_4_1_percent,450,25,0.05555555555555555,37,37.6,65,0.14444444444444443,395,67600,345,95600,9.2,58800,84800,6.6,110,0.24719101123595505,35,0.07865168539325842,0,0,0,0,0,0,0,0,0.7555555555555555,340,305,0.7530864197530864,45,0.14754098360655737,45,0.13846153846153847,280,0.8615384615384616,235,0.7230769230769231,140,0.5384615384615384,25,0.09615384615384616,0.08333333333333333,40,0.0898876404494382,55,0.12222222222222222
ottawa_chrc_21_carleton_university_campus_09999_0_0_percent,NA,NA,NA,NA,NA,NA,NA,NA,NA,NA,NA,NA,NA,NA,NA,NA,NA,NA,NA,NA,NA,NA,NA,NA,NA,NA,NA,NA,NA,NA,NA,NA,NA,NA,NA,NA,NA,NA,NA,NA,NA,NA,NA,NA,NA,NA,NA,NA
ottawa_chrc_5_nepean_rideau_and_osgoode_community_resource_centre_00000_2_1_percent,7075,480,0.06784452296819787,36.1,36.8,160,0.022614840989399292,5775,40960,5100,44240,17.9,37800,44160,10.8,695,0.09823321554770319,455,0.06431095406360424,0,0,0,0,0,0,0,0,0.873587570621469,6185,4240,0.6950819672131148,610,0.14386792452830188,370,0.08114035087719298,4195,0.9199561403508771,3670,0.8048245614035088,1295,0.35674931129476584,420,0.11570247933884298,0.08043478260869565,390,0.05512367491166078,1060,0.14982332155477032
ottawa_chrc_11_south_east_ottawa_community_health_centre_00000_3_6_percent,4280,190,0.04439252336448598,35.1,35.2,220,0.0514018691588785,3545,35040,2945,33880,28.3,31320,33960,17.4,665,0.15537383177570094,250,0.05841121495327103,0,0,0,0,0,0,0,0,0.9112149532710281,3900,2655,0.7051792828685259,440,0.1657250470809793,450,0.16728624535315986,2240,0.8327137546468402,1805,0.671003717472119,485,0.21896162528216703,250,0.11286681715575621,0.04664723032069971,485,0.1133177570093458,885,0.20677570093457945
ottawa_chrc_8_rideau_rockcliffe_community_resource_centre_00000_4_3_percent,1600,60,0.0375,34.8,36,95,0.059375,1305,40600,1055,41300,26.4,36600,43700,16.9,310,0.19375,40,0.025,0,0,0,0,0,0,0,0,0.8909657320872274,1430,895,0.6370106761565836,140,0.1564245810055866,135,0.13043478260869565,900,0.8695652173913043,785,0.7584541062801933,235,0.31333333333333335,70,0.09333333333333334,0.038461538461538464,500,0.3125,305,0.190625
ottawa_chrc_3_eastern_ottawa_resource_centre_00000_2_0_percent,4820,245,0.0508298755186722,36.2,36,135,0.028008298755186723,4065,38520,3500,39600,22.3,35200,40040,13.6,570,0.11825726141078838,175,0.03630705394190872,0,0,0,0,0,0,0,0,0.8921161825726142,4300,3095,0.7147806004618937,390,0.1260096930533118,320,0.1,2880,0.9,2415,0.7546875,755,0.27911275415896486,260,0.09611829944547134,0.057441253263707574,630,0.13070539419087138,885,0.18360995850622408
ottawa_chrc_2_centretown_community_health_centre_00000_5_2_percent,825,55,0.06666666666666667,39.3,40,195,0.23636363636363636,770,46600,715,54000,12.3,43400,53700,7.5,130,0.15757575757575756,45,0.05454545454545454,0,0,0,0,0,0,0,0,0.6626506024096386,550,580,0.7295597484276729,75,0.12931034482758622,25,0.042735042735042736,560,0.9572649572649573,505,0.8632478632478633,245,0.48514851485148514,15,0.0297029702970297,0.0784313725490196,95,0.11515151515151516,155,0.18787878787878787
ottawa_ward_14_somerset_00000_5_9_percent,795,50,0.06289308176100629,37.6,36.8,210,0.2641509433962264,745,42000,660,45900,17.8,37800,43900,11.3,170,0.2125,50,0.0625,0,0,0,0,0,0,0,0,0.78125,625,530,0.6928104575163399,90,0.16981132075471697,50,0.08928571428571429,510,0.9107142857142857,435,0.7767857142857143,200,0.45454545454545453,25,0.056818181818181816,0.06382978723404255,110,0.1375,160,0.20125786163522014
ottawa_ward_23_kanata_south_00000_1_6_percent,1405,105,0.07473309608540925,36.2,37.2,20,0.014234875444839857,1140,46900,1025,54700,12.3,44200,54200,6.6,85,0.060498220640569395,80,0.05693950177935943,0,0,0,0,0,0,0,0,0.7188612099644128,1010,915,0.7408906882591093,75,0.08196721311475409,20,0.02197802197802198,895,0.9835164835164835,765,0.8406593406593407,365,0.437125748502994,65,0.07784431137724551,0.07526881720430108,105,0.07473309608540925,220,0.15658362989323843
ottawa_ward_4_kanata_north_00000_1_9_percent,1925,205,0.10649350649350649,37.5,38.4,55,0.02857142857142857,1505,58050,1370,77500,8.2,49520,64300,6.4,185,0.09610389610389611,135,0.07012987012987013,0,0,0,0,0,0,0,0,0.8363636363636363,1610,1105,0.6863354037267081,105,0.09502262443438914,30,0.025210084033613446,1160,0.9747899159663865,1080,0.907563025210084,580,0.5829145728643216,70,0.07035175879396985,0.03571428571428571,25,0.012987012987012988,215,0.11168831168831168
ottawa_ward_17_capital_00000_4_3_percent,650,70,0.1076923076923077,40.1,40,80,0.12307692307692308,590,47800,550,56000,11.4,43800,53200,6.1,80,0.12307692307692308,25,0.038461538461538464,0,0,0,0,0,0,0,0,0.7230769230769231,470,455,0.7583333333333333,50,0.10989010989010989,20,0.04395604395604396,440,0.967032967032967,390,0.8571428571428571,185,0.45121951219512196,15,0.036585365853658534,0.06976744186046512,60,0.09230769230769231,80,0.12307692307692308
ottawa_ward_15_kitchissippi_00000_3_3_percent,475,35,0.07368421052631578,39.3,38.4,65,0.1368421052631579,410,77200,380,102800,6.8,62800,86800,5.9,70,0.14736842105263157,20,0.042105263157894736,0,0,0,0,0,0,0,0,0.7021276595744681,330,350,0.813953488372093,35,0.1,20,0.057971014492753624,320,0.927536231884058,290,0.8405797101449275,155,0.5,15,0.04838709677419355,0.06666666666666667,35,0.07368421052631578,45,0.09473684210526316
ottawa_ward_13_rideau_rockcliffe_00000_4_2_percent,1625,65,0.04,34.8,36,95,0.05846153846153846,1310,41200,1060,42600,25.4,37400,45000,16.2,295,0.18153846153846154,40,0.024615384615384615,0,0,0,0,0,0,0,0,0.8738461538461538,1420,910,0.6408450704225352,140,0.15384615384615385,130,0.125,910,0.875,790,0.7596153846153846,250,0.3246753246753247,75,0.09740259740259741,0.038461538461538464,505,0.31076923076923074,310,0.19076923076923077
ottawa_ward_1_orleans_east_cumberland_00000_1_7_percent,1055,45,0.04265402843601896,35.5,36.8,20,0.018957345971563982,835,40900,740,42700,18.1,36900,41100,12.4,90,0.08530805687203792,30,0.02843601895734597,0,0,0,0,0,0,0,0,0.8483412322274881,895,720,0.8135593220338984,125,0.1736111111111111,50,0.07462686567164178,620,0.9253731343283582,575,0.8582089552238806,225,0.38461538461538464,45,0.07692307692307693,0.09859154929577464,330,0.3127962085308057,180,0.17061611374407584
ottawa_ward_18_alta_vista_00000_4_4_percent,1970,90,0.04568527918781726,34.5,34,125,0.06345177664974619,1605,34640,1270,34300,30.1,30240,32680,19.8,390,0.19796954314720813,155,0.07868020304568528,0,0,0,0,0,0,0,0,0.9517766497461929,1875,1165,0.6734104046242775,220,0.1888412017167382,235,0.1910569105691057,1000,0.8130081300813008,790,0.6422764227642277,160,0.1702127659574468,115,0.12234042553191489,0.07741935483870968,285,0.1446700507614213,405,0.20558375634517767
ottawa_ward_16_river_00000_3_2_percent,1625,40,0.024615384615384615,35.4,36,155,0.09538461538461539,1380,38920,1160,42000,21.5,34560,40800,13.2,330,0.20307692307692307,110,0.06769230769230769,0,0,0,0,0,0,0,0,0.8553846153846154,1390,1055,0.7201365187713311,135,0.12796208530805686,150,0.13452914798206278,965,0.8654708520179372,785,0.7040358744394619,245,0.2648648648648649,130,0.14054054054054055,0.030534351145038167,130,0.08,310,0.19076923076923077
ottawa_ward_7_bay_00000_3_6_percent,1635,100,0.06116207951070336,35.2,34,90,0.05504587155963303,1375,36600,1145,37400,24.7,31120,35000,15,250,0.1524390243902439,95,0.057926829268292686,0,0,0,0,0,0,0,0,0.8501529051987767,1390,935,0.6448275862068965,140,0.1497326203208556,150,0.14705882352941177,870,0.8529411764705882,730,0.7156862745098039,230,0.2893081761006289,70,0.0880503144654088,0.07964601769911504,185,0.11280487804878049,335,0.20489296636085627
ottawa_ward_9_knoxdale_merivale_00000_2_8_percent,1395,95,0.06810035842293907,35.2,35.2,45,0.03225806451612903,1095,37200,865,39500,25.9,34900,40500,18.6,205,0.14695340501792115,80,0.05734767025089606,0,0,0,0,0,0,0,0,0.8920863309352518,1240,730,0.6266094420600858,150,0.2054794520547945,170,0.20359281437125748,670,0.8023952095808383,530,0.6347305389221557,170,0.2905982905982906,90,0.15384615384615385,0.08641975308641975,110,0.07885304659498207,235,0.16845878136200718
ottawa_ward_6_stittsville_00000_1_3_percent,1545,55,0.03559870550161812,34.6,36.8,0,0,1255,51900,1155,61300,11.2,48500,58800,7.4,115,0.0744336569579288,35,0.022653721682847898,0,0,0,0,0,0,0,0,0.8084415584415584,1245,1070,0.8075471698113208,105,0.09813084112149532,10,0.008888888888888889,1110,0.9866666666666667,1015,0.9022222222222223,510,0.53125,75,0.078125,0.0898876404494382,60,0.038834951456310676,145,0.09385113268608414
ottawa_ward_19_orleans_south_navan_00000_1_8_percent,1835,105,0.05722070844686648,36,37.2,40,0.021798365122615803,1510,43880,1375,46280,17.2,40080,45720,10.5,95,0.051771117166212535,60,0.0326975476839237,0,0,0,0,0,0,0,0,0.8937329700272479,1640,1220,0.7625,120,0.09836065573770492,65,0.05371900826446281,1145,0.9462809917355371,1015,0.8388429752066116,330,0.2986425339366516,110,0.09954751131221719,0.08496732026143791,430,0.23433242506811988,290,0.15803814713896458
ottawa_ward_11_beacon_hill_cyrville_00000_2_5_percent,1535,75,0.048859934853420196,34.1,33.2,40,0.026058631921824105,1245,34800,1085,31250,28.7,31300,32200,17.8,130,0.08469055374592833,35,0.02280130293159609,0,0,0,0,0,0,0,0,0.8794788273615635,1350,960,0.7111111111111111,145,0.15104166666666666,110,0.12429378531073447,770,0.8700564971751412,650,0.7344632768361582,185,0.22699386503067484,80,0.09815950920245399,0.048,245,0.15960912052117263,400,0.26058631921824105
ottawa_ward_10_gloucester_southgate_00000_2_9_percent,2135,85,0.03981264637002342,35.2,35.2,75,0.0351288056206089,1735,32560,1380,30560,32.3,29600,32120,21.2,395,0.18501170960187355,95,0.04449648711943794,0,0,0,0,0,0,0,0,0.9112149532710281,1950,1165,0.6246648793565683,195,0.16738197424892703,260,0.1947565543071161,1075,0.8052434456928839,845,0.6329588014981273,210,0.21761658031088082,75,0.07772020725388601,0.04697986577181208,195,0.09133489461358314,455,0.21311475409836064
ottawa_ward_8_college_00000_3_0_percent,1260,35,0.027777777777777776,36.7,38.4,65,0.051587301587301584,1075,41100,980,43400,17.8,36900,41800,9.4,145,0.11507936507936507,65,0.051587301587301584,0,0,0,0,0,0,0,0,0.7976190476190477,1005,895,0.788546255506608,170,0.18994413407821228,50,0.056179775280898875,840,0.9438202247191011,670,0.7528089887640449,195,0.2689655172413793,55,0.07586206896551724,0.09433962264150944,90,0.07142857142857142,210,0.16666666666666666
ottawa_ward_5_west_carleton_march_00000_3_1_percent,185,25,0.13513513513513514,40,40.8,0,0,150,50000,125,68000,10,44000,61000,5.4,0,0,25,0.13513513513513514,0,0,0,0,0,0,0,0,0.3888888888888889,70,105,0.6363636363636364,15,0.14285714285714285,0,0,105,0.9545454545454546,90,0.8181818181818182,65,0.7222222222222222,10,0.1111111111111111,0,0,0,30,0.16216216216216217
ottawa_ward_2_orleans_west_innes_00000_1_7_percent,765,55,0.0718954248366013,37.6,37.6,15,0.0196078431372549,645,42600,590,44000,20.2,37400,42600,12.8,75,0.09803921568627451,25,0.032679738562091505,0,0,0,0,0,0,0,0,0.8311688311688312,640,505,0.7426470588235294,55,0.10891089108910891,35,0.06930693069306931,470,0.9306930693069307,405,0.801980198019802,90,0.1978021978021978,70,0.15384615384615385,0.05714285714285714,200,0.26143790849673204,125,0.16339869281045752
ottawa_ward_22_riverside_south_findlay_creek_00000_1_1_percent,1240,65,0.05241935483870968,38.1,37.6,20,0.016129032258064516,1130,44100,965,51300,14.9,40200,48600,8.8,145,0.11693548387096774,75,0.06048387096774194,0,0,0,0,0,0,0,0,0.9036144578313253,1125,895,0.771551724137931,90,0.1005586592178771,60,0.06417112299465241,875,0.9358288770053476,735,0.786096256684492,345,0.43125,50,0.0625,0.022222222222222223,60,0.04838709677419355,150,0.12096774193548387
ottawa_ward_21_rideau_jock_00000_1_7_percent,135,0,0,35.2,36,0,0,110,48000,105,51000,14.4,39500,47000,8,0,0,0,0,0,0,0,0,0,0,0,0,0.7037037037037037,95,75,0.625,0,0,0,0,95,1,95,1,30,0.4,10,0.13333333333333333,0,10,0.07407407407407407,15,0.1111111111111111
ottawa_ward_12_rideau_vanier_00000_7_6_percent,1315,55,0.04182509505703422,36.3,36,215,0.1634980988593156,1125,37000,980,34600,26.7,30250,32400,17.7,345,0.2623574144486692,30,0.022813688212927757,0,0,0,0,0,0,0,0,0.8973384030418251,1180,855,0.7008196721311475,185,0.21637426900584794,115,0.1270718232044199,785,0.8674033149171271,660,0.7292817679558011,210,0.31343283582089554,60,0.08955223880597014,0.07865168539325842,410,0.311787072243346,260,0.19771863117870722
ottawa_ward_20_osgoode_00000_1_8_percent,310,0,0,34.2,35.6,15,0.04838709677419355,235,46800,205,50800,18.8,39600,46000,8.2,0,0,10,0.03225806451612903,0,0,0,0,0,0,0,0,0.7419354838709677,230,205,0.82,25,0.12195121951219512,35,0.16279069767441862,180,0.8372093023255814,185,0.8604651162790697,45,0.25,25,0.1388888888888889,0,15,0.04838709677419355,30,0.0967741935483871
ottawa_ward_24_barrhaven_east_00000_1_7_percent,2230,155,0.06950672645739911,36.1,36.8,25,0.011210762331838564,1830,38600,1645,39920,18.3,34440,39200,10.2,155,0.0696629213483146,145,0.06502242152466367,0,0,0,0,0,0,0,0,0.899103139013453,2005,1340,0.694300518134715,185,0.13805970149253732,75,0.05319148936170213,1335,0.9468085106382979,1205,0.8546099290780141,330,0.28695652173913044,155,0.13478260869565217,0.06832298136645963,95,0.042600896860986545,365,0.16367713004484305
ottawa_ward_3_barrhaven_west_00000_2_1_percent,2255,190,0.08425720620842572,36.1,36.8,20,0.008869179600886918,1870,43480,1695,48400,14.5,41920,49920,9,200,0.08849557522123894,170,0.0752212389380531,0,0,0,0,0,0,0,0,0.9070796460176991,2050,1350,0.690537084398977,140,0.1037037037037037,55,0.03806228373702422,1390,0.9619377162629758,1265,0.8754325259515571,570,0.47107438016528924,115,0.09504132231404959,0.09523809523809523,120,0.05309734513274336,320,0.1419068736141907
