name,number_of_seniors_age_65,percent_of_pop_that_are_seniors_age_65,average_age_of_the_population,median_age_of_the_population,number_of_people_living_alone,percent_of_people_living_alone,number_of_after_tax_income_recipients_age_15,average_after_tax_income_in_2020_among_recipients,number_of_market_income_recipients_age_15,average_market_income_in_2020_among_recipients,percent_of_income_from_government_transfers_2020,average_after_tax_income_in_2019_among_recipients,average_market_income_in_2019_among_recipients,percent_of_income_from_government_transfers_2019,number_of_people_in_low_income_based_on_lim_at,percent_of_people_in_low_income_based_on_lim_at,number_of_people_who_know_neither_english_nor_french,percent_of_people_who_know_neither_english_nor_french,percent_of_pop_that_are_indigenous,number_of_people_who_are_indigenous,percent_of_pop_that_are_fn,number_of_people_who_are_fn,percent_of_pop_that_are_metis,number_of_people_who_are_metis,percent_of_pop_that_are_inuit,number_of_people_who_are_inuit,percent_of_pop_that_are_visible_minority,number_of_people_who_are_visible_minority,number_of_pop_in_labour_force,percent_of_pop_in_labour_force_participation_rate,number_of_pop_unemployed,unemployment_rate,number_of_people_age_25_64_with_no_high_school_diploma,percent_of_people_age_25_64_with_no_high_school_diploma,number_of_people_age_25_64_with_a_high_school_diploma,percent_of_people_age_25_64_with_a_high_school_diploma,number_of_people_age_25_64_with_a_postsecondary_degree_diploma_or_certificate,percent_of_people_age_25_64_with_a_postsecondary_degree_diploma_or_certificate,number_of_workers_age_15_who_work_at_home,percent_of_workers_age_15_who_work_at_home,number_of_workers_age_15_who_have_no_fixed_workplace_address,percent_of_workers_age_15_who_have_no_fixed_workplace_address,percent_of_workers_age_15_who_commute_for_60_minutes_and_over,number_of_people_with_french_as_a_language_most_spoken_at_home,percent_of_people_with_french_as_a_language_most_spoken_at_home,number_of_youth_age_15_24,percent_of_pop_that_are_youth_age_15_24,ONS_ID
ottawa_airport_3001,75,1,74,72.5,0,0,75,52000,65,48000,28,48000,50000,26,0,0,0,0,0,0,0,0,0,0,0,0,0,0,0,0,0,NA,0,NA,0,NA,0,NA,0,NA,0,NA,NA,0,0,0,0,3001
ottawa_alta_vista_3002,1520,1,74.8,74,295,0.19407894736842105,1515,64600,1415,71700,19,61050,66300,17.9,80,0.0528052805280528,35,0.0231023102310231,0.0132013201320132,20,0,0,0.0099009900990099,15,0,0,0.10231023102310231,155,295,0.19471947194719472,15,0.05084745762711865,0,NA,0,NA,0,NA,135,0.4821428571428571,20,0.07142857142857142,0.10714285714285714,135,0.0891089108910891,0,0,3002
ottawa_bayshore_3003,1910,1,74.8,74,655,0.34293193717277487,1900,35440,1340,30360,45.6,34640,32120,39.7,335,0.17539267015706805,150,0.078534031413612565,0.01832460732984293,35,0.01308900523560209,25,0,0,0,0,0.3481675392670157,665,235,0.12303664921465968,30,0.1276595744680851,0,NA,0,NA,0,NA,45,0.225,25,0.125,0.12903225806451613,110,0.05759162303664921,0,0,3003
ottawa_beacon_hill_south_cardinal_heights_3004,1445,1,75.1,73.5,460,0.31833910034602075,1435,41800,1200,37400,34.8,40360,37100,31.5,160,0.11072664359861592,50,0.03460207612456748,0.02422145328719723,35,0.01038062283737024,15,0.01384083044982699,20,0,0,0.2352941176470588,340,215,0.14878892733564014,30,0.13953488372093023,0,NA,0,NA,0,NA,25,0.1388888888888889,15,0.08333333333333333,0.07142857142857142,370,0.2560553633217993,0,0,3004
ottawa_beaverbrook_3005,1495,1,75.6,75,375,0.2508361204013378,1495,46760,1370,42360,29.3,45320,43160,26.7,105,0.07023411371237458,45,0.03010033444816053,0.01672240802675585,25,0.01003344481605351,15,0.00668896321070234,10,0,0,0.12374581939799333,185,165,0.11073825503355704,15,0.09090909090909093,0,NA,0,NA,0,NA,65,0.43333333333333335,15,0.1,0,35,0.02341137123745819,0,0,3005
ottawa_beechwood_cemetery_3006,NA,NA,NA,NA,NA,NA,NA,NA,NA,NA,NA,NA,NA,NA,NA,NA,NA,NA,NA,NA,NA,NA,NA,NA,NA,NA,NA,NA,NA,NA,NA,NA,NA,NA,NA,NA,NA,NA,NA,NA,NA,NA,NA,NA,NA,NA,NA,3006
ottawa_bells_corners_east_3007,1095,1,75.5,74,280,0.2557077625570776,1090,43700,985,36800,34,41500,35500,31.9,55,0.05045871559633028,20,0.01834862385321101,0.01376146788990825,15,0.0091743119266055,10,0,0,0,0,0.06422018348623854,70,135,0.12385321100917432,10,0.07407407407407407,0,NA,0,NA,0,NA,50,0.4,10,0.08,0,10,0.0091743119266055,0,0,3007
ottawa_bells_corners_west_3008,695,1,73.5,71,250,0.3597122302158273,690,40000,550,35600,37.2,36900,33600,35.6,110,0.15942028985507245,20,0.02898550724637681,0,0,0,0,0,0,0,0,0.18840579710144928,130,125,0.18115942028985507,0,0,0,NA,0,NA,0,NA,35,0.28,10,0.08,0,15,0.0217391304347826,0,0,3008
ottawa_billings_bridge_heron_park_3009,1035,1,75.7,74.5,505,0.48792270531400966,1030,34600,700,32600,44.6,32900,32400,41.8,400,0.3883495145631068,100,0.0970873786407767,0,0,0,0,0,0,0,0,0.2961165048543689,305,110,0.10679611650485436,20,0.18181818181818185,0,NA,0,NA,0,NA,25,0.2777777777777778,15,0.16666666666666666,0,55,0.05339805825242718,0,0,3009
ottawa_blackburn_hamlet_3010,1680,1,75.8,74.5,335,0.19940476190476192,1670,52200,1535,49040,27,48720,47800,25.1,55,0.03273809523809524,30,0.01785714285714285,0.00595238095238095,10,0.00595238095238095,10,0,0,0,0,0.09523809523809525,160,255,0.15178571428571427,15,0.0588235294117647,0,NA,0,NA,0,NA,120,0.5,25,0.10416666666666669,0,235,0.13988095238095238,0,0,3010
ottawa_blossom_park_timbermill_3011,1190,1,74.1,72,205,0.1722689075630252,1165,43700,1045,35500,36.2,39700,34100,32.8,50,0.04201680672268908,60,0.05063291139240506,0.01687763713080168,20,0,0,0.01265822784810126,15,0,0,0.25738396624472576,305,210,0.17721518987341772,45,0.21428571428571427,0,NA,0,NA,0,NA,55,0.34375,10,0.0625,0,75,0.06329113924050633,0,0,3011
ottawa_borden_farm_fisher_glen_3012,2420,1,77,76,825,0.3409090909090909,2410,45280,2175,40000,32.9,44120,40840,30.2,305,0.1260330578512397,95,0.03925619834710744,0.01239669421487603,30,0.00413223140495867,10,0.00826446280991735,20,0,0,0.1590909090909091,385,235,0.09690721649484536,30,0.1276595744680851,0,NA,0,NA,0,NA,55,0.2682926829268293,35,0.17073170731707318,0.06666666666666667,105,0.04338842975206612,0,0,3012
ottawa_braemar_park_belair_heights_copeland_park_3013,1820,1,76.2,74.5,575,0.3159340659340659,1810,43600,1640,36000,35.3,42480,37080,31.4,145,0.07988980716253444,35,0.01928374655647383,0.01377410468319559,25,0,0,0.01377410468319559,25,0,0,0.1349862258953168,245,210,0.11570247933884298,45,0.21428571428571427,0,NA,0,NA,0,NA,75,0.4838709677419355,0,0,0,80,0.0440771349862259,0,0,3013
ottawa_bridlewood_emerald_meadows_3014,3165,1,74,72,480,0.15165876777251186,3135,46000,2755,42680,30.3,44440,42520,27.1,170,0.05371248025276461,175,0.05529225908372828,0.01263823064770932,40,0.00947867298578199,30,0.00315955766192733,10,0,0,0.21800947867298576,690,565,0.17851500789889416,75,0.13274336283185842,0,NA,0,NA,0,NA,185,0.3775510204081632,40,0.08163265306122448,0.03333333333333333,75,0.02369668246445497,0,0,3014
ottawa_britannia_3015,1935,1,75.4,74,880,0.4547803617571059,1925,44200,1685,39120,33.8,43600,39960,30.8,260,0.1343669250645995,60,0.03100775193798449,0.01550387596899224,30,0,0,0.01291989664082687,25,0,0,0.11369509043927647,220,250,0.12886597938144329,40,0.16,0,NA,0,NA,0,NA,75,0.36585365853658536,30,0.14634146341463414,0.1111111111111111,100,0.05167958656330749,0,0,3015
ottawa_brookside_briarbrook_morgans_grant_3016,1405,1,73.2,71.5,160,0.11387900355871886,1375,40120,1115,39600,32.3,38080,41100,27.8,100,0.07142857142857142,180,0.12857142857142856,0.00714285714285714,10,0,0,0,0,0,0,0.3928571428571429,550,250,0.17857142857142858,40,0.16,0,NA,0,NA,0,NA,115,0.5348837209302325,25,0.11627906976744186,0,20,0.01428571428571428,0,0,3016
ottawa_cardinal_creek_3017,1505,1,74,73,290,0.19269102990033224,1500,49600,1375,45640,28.8,49000,47440,25.2,50,0.03322259136212625,25,0.01666666666666666,0.02333333333333333,35,0.01333333333333333,20,0.00666666666666666,10,0,0,0.13,195,200,0.13333333333333333,40,0.2,0,NA,0,NA,0,NA,90,0.5625,10,0.0625,0.13333333333333333,490,0.32666666666666666,0,0,3017
ottawa_carleton_heights_courtland_park_3018,1400,1,75.6,74,390,0.2785714285714286,1390,49760,1255,47600,28.1,45160,44000,26.9,100,0.07168458781362007,90,0.06428571428571428,0.00714285714285714,10,0,0,0,0,0,0,0.2,280,240,0.17142857142857143,25,0.10416666666666669,0,NA,0,NA,0,NA,55,0.2619047619047619,10,0.04761904761904761,0,45,0.03214285714285714,0,0,3018
ottawa_carleton_university_3019,NA,NA,NA,NA,NA,NA,NA,NA,NA,NA,NA,NA,NA,NA,NA,NA,NA,NA,NA,NA,NA,NA,NA,NA,NA,NA,NA,NA,NA,NA,NA,NA,NA,NA,NA,NA,NA,NA,NA,NA,NA,NA,NA,NA,NA,NA,NA,3019
ottawa_carlington_3020,1810,1,74,72.5,710,0.39226519337016574,1800,39080,1380,34080,40.5,35480,32440,37,355,0.19613259668508287,185,0.1019283746556474,0.01377410468319559,25,0.00550964187327823,10,0.00826446280991735,15,0,0,0.2892561983471074,525,335,0.18457300275482097,50,0.14925373134328357,0,NA,0,NA,0,NA,75,0.2631578947368421,15,0.05263157894736842,0,95,0.05234159779614325,0,0,3020
ottawa_carp_3021,1150,1,73.8,73,205,0.1782608695652174,1135,52900,1040,51600,25.2,53100,53000,23,80,0.06956521739130435,30,0.02620087336244541,0.00873362445414847,10,0,0,0,0,0,0,0.05240174672489083,60,225,0.1965065502183406,15,0.06666666666666667,0,NA,0,NA,0,NA,115,0.5476190476190477,15,0.07142857142857142,0.15,20,0.01746724890829694,0,0,3021
ottawa_carson_grove_carson_meadows_3022,2110,1,75.4,74,595,0.28199052132701424,2100,43000,1750,38960,35,41880,39080,31.8,235,0.1111111111111111,70,0.03309692671394799,0.02836879432624113,60,0.02127659574468085,45,0.00709219858156028,15,0,0,0.18203309692671396,385,205,0.09692671394799054,25,0.12195121951219512,0,NA,0,NA,0,NA,50,0.2857142857142857,10,0.05714285714285714,0,655,0.30969267139479906,0,0,3022
ottawa_centrepointe_briargreen_3023,1715,1,74.4,73,295,0.17201166180758018,1710,55550,1590,57000,22.8,54700,57400,20.3,90,0.05263157894736842,80,0.04678362573099415,0.0087719298245614,15,0,0,0.00584795321637426,10,0,0,0.21052631578947367,360,340,0.1988304093567251,30,0.08823529411764706,0,NA,0,NA,0,NA,70,0.2258064516129032,35,0.1129032258064516,0.04081632653061224,30,0.0175438596491228,0,0,3023
ottawa_centretown_3024,4060,1,74.5,73,2070,0.5098522167487685,4030,51350,3320,55250,27,50440,56750,23.9,825,0.2034525277435265,235,0.05788177339901478,0.01108374384236453,45,0.00615763546798029,25,0.00369458128078817,15,0,0,0.19827586206896552,805,680,0.16748768472906403,90,0.1323529411764706,0,NA,0,NA,0,NA,225,0.3813559322033898,30,0.05084745762711865,0,460,0.11330049261083744,0,0,3024
ottawa_chapel_hill_north_3025,2220,1,72.8,71.5,275,0.12387387387387389,2205,51900,2045,49920,26,49840,50680,23.1,65,0.02921348314606741,55,0.02477477477477477,0.01126126126126126,25,0.0045045045045045,10,0.00675675675675675,15,0,0,0.17342342342342343,385,275,0.12387387387387389,30,0.10909090909090909,0,NA,0,NA,0,NA,100,0.40816326530612246,10,0.04081632653061224,0.06896551724137931,560,0.25225225225225223,0,0,3025
ottawa_chapel_hill_south_3026,1530,1,73.2,71.5,205,0.13398692810457516,1500,45560,1290,44320,29.7,44760,46720,25.3,135,0.08823529411764706,85,0.05555555555555555,0.02287581699346405,35,0.0065359477124183,10,0.01633986928104575,25,0,0,0.27450980392156865,420,255,0.16666666666666666,25,0.09803921568627452,0,NA,0,NA,0,NA,90,0.3829787234042553,20,0.0851063829787234,0,440,0.2875816993464052,0,0,3026
ottawa_chapman_mills_3027,1085,1,74.2,72.5,105,0.0967741935483871,1060,34100,740,32700,41,30900,33900,35.8,145,0.1336405529953917,285,0.2626728110599078,0,0,0,0,0,0,0,0,0.6405529953917051,695,175,0.16203703703703703,35,0.2,0,NA,0,NA,0,NA,55,0.3793103448275862,35,0.2413793103448276,0,20,0.0184331797235023,0,0,3027
ottawa_city_view_3028,980,1,76.5,75,170,0.17346938775510204,970,41600,845,39100,33.8,41700,38400,31.6,85,0.08673469387755102,40,0.04081632653061224,0.03571428571428571,35,0.02551020408163265,25,0.01020408163265306,10,0,0,0.1173469387755102,115,95,0.09693877551020408,10,0.10526315789473684,0,NA,0,NA,0,NA,20,0.2352941176470588,0,0,0,25,0.02551020408163265,0,0,3028
ottawa_civic_hospital_3029,895,1,74.2,73,240,0.2681564245810056,900,67000,845,73800,18,65200,73600,16.1,15,0.01675977653631285,0,0,0.01111111111111111,10,0,0,0.01111111111111111,10,0,0,0.10555555555555556,95,195,0.21787709497206703,10,0.05128205128205128,0,NA,0,NA,0,NA,90,0.4864864864864865,0,0,0.1111111111111111,60,0.06666666666666667,0,0,3029
ottawa_colonnade_business_park_3030,NA,NA,NA,NA,NA,NA,NA,NA,NA,NA,NA,NA,NA,NA,NA,NA,NA,NA,NA,NA,NA,NA,NA,NA,NA,NA,NA,NA,NA,NA,NA,NA,NA,NA,NA,NA,NA,NA,NA,NA,NA,NA,NA,NA,NA,NA,NA,3030
ottawa_constance_bay_3031,395,1,73.2,71,125,0.31645569620253167,390,44400,325,40400,34.4,43800,41000,29.8,35,0.08860759493670886,0,0,0.02564102564102564,10,0,0,0.02564102564102564,10,0,0,0,0,75,0.189873417721519,15,0.2,0,NA,0,NA,0,NA,15,0.25,10,0.16666666666666666,0,10,0.02564102564102564,0,0,3031
ottawa_convent_glen_orleans_woods_3032,3485,1,73.9,73,640,0.1836441893830703,3485,47560,3215,42160,30.4,46320,43320,26.9,170,0.04871060171919771,40,0.01147776183644189,0.0157819225251076,55,0.00573888091822094,20,0.01004304160688665,35,0,0,0.12195121951219512,425,405,0.11621233859397416,45,0.1111111111111111,0,NA,0,NA,0,NA,160,0.4444444444444444,50,0.1388888888888889,0.07692307692307693,845,0.242467718794835,0,0,3032
ottawa_corkery_3033,525,1,73.4,71.5,60,0.11428571428571428,520,46000,475,40600,31.4,46600,42800,27.6,30,0.05714285714285714,0,0,0.02884615384615384,15,0,0,0.01923076923076923,10,0,0,0.01923076923076923,10,90,0.17307692307692307,10,0.1111111111111111,0,NA,0,NA,0,NA,45,0.5625,15,0.1875,0,0,0,0,0,3033
ottawa_craig_henry_manordale_3034,1595,1,74.9,74,335,0.2100313479623825,1595,48360,1425,45400,30,47520,45720,27.3,85,0.05329153605015674,45,0.028125,0.00625,10,0,0,0.00625,10,0,0,0.1625,260,210,0.1316614420062696,35,0.16666666666666666,0,NA,0,NA,0,NA,80,0.4444444444444444,15,0.08333333333333333,0,40,0.025,0,0,3034
ottawa_crestview_tanglewood_3035,1535,1,75.3,74,290,0.18892508143322476,1525,44280,1345,38800,33.9,42560,39160,30.5,65,0.04248366013071895,40,0.0261437908496732,0,0,0,0,0,0,0,0,0.12091503267973856,185,235,0.15359477124183007,35,0.14893617021276595,0,NA,0,NA,0,NA,65,0.325,35,0.175,0,55,0.03594771241830065,0,0,3035
ottawa_crystal_bay_lakeview_park_3036,995,1,75,74,180,0.18090452261306533,990,58400,910,58500,22.4,58000,59600,19.3,30,0.0303030303030303,15,0.01507537688442211,0.01507537688442211,15,0.0100502512562814,10,0,0,0,0,0.09045226130653268,90,135,0.13636363636363635,20,0.14814814814814814,0,NA,0,NA,0,NA,50,0.43478260869565216,25,0.21739130434782608,0.15384615384615383,40,0.04020100502512563,0,0,3036
ottawa_cumberland_3037,940,1,73.6,72.5,110,0.11702127659574468,935,50600,835,50500,26.7,50000,52200,23.1,30,0.03208556149732621,15,0.01595744680851063,0.02659574468085106,25,0.01595744680851063,15,0,0,0,0,0.02659574468085106,25,165,0.17647058823529413,0,0,0,NA,0,NA,0,NA,60,0.3636363636363637,30,0.18181818181818185,0,285,0.30319148936170215,0,0,3037
ottawa_dunrobin_3038,1020,1,73.3,71,110,0.10784313725490197,1015,52200,975,51600,23.6,53600,55400,20.3,40,0.0392156862745098,0,0,0,0,0,0,0,0,0,0,0.03940886699507389,40,215,0.2107843137254902,30,0.13953488372093023,0,NA,0,NA,0,NA,105,0.5675675675675675,25,0.13513513513513514,0,15,0.01470588235294117,0,0,3038
ottawa_edwards_carlsbad_springs_3039,645,1,73.9,72,85,0.13178294573643412,650,37700,565,29700,40,37500,30100,37.2,35,0.05426356589147287,20,0.03076923076923077,0.02307692307692307,15,0.01538461538461538,10,0,0,0,0,0.06153846153846154,40,85,0.13178294573643412,0,0,0,NA,0,NA,0,NA,25,0.29411764705882354,20,0.2352941176470588,0,75,0.1153846153846154,0,0,3039
ottawa_elmvale_canterbury_3040,1635,1,75.7,74,480,0.29357798165137616,1625,43960,1445,36280,35.8,42200,37320,32.2,160,0.09785932721712538,50,0.03048780487804878,0.01524390243902439,25,0.00914634146341463,15,0,0,0,0,0.13414634146341464,220,240,0.14634146341463414,35,0.14583333333333334,0,NA,0,NA,0,NA,70,0.35,25,0.125,0,180,0.1097560975609756,0,0,3040
ottawa_emerald_woods_sawmill_creek_3041,975,1,75,73,260,0.26666666666666666,970,39200,750,33800,41,38500,36700,36,150,0.15384615384615383,105,0.10714285714285714,0,0,0,0,0,0,0,0,0.2755102040816326,270,135,0.1377551020408163,10,0.07407407407407407,0,NA,0,NA,0,NA,35,0.28,40,0.32,0,65,0.0663265306122449,0,0,3041
ottawa_experimental_farm_3042,NA,NA,NA,NA,NA,NA,NA,NA,NA,NA,NA,NA,NA,NA,NA,NA,NA,NA,NA,NA,NA,NA,NA,NA,NA,NA,NA,NA,NA,NA,NA,NA,NA,NA,NA,NA,NA,NA,NA,NA,NA,NA,NA,NA,NA,NA,NA,3042
ottawa_fallingbrook_3043,2825,1,72.6,71.5,375,0.13274336283185842,2825,50240,2540,48760,27.2,49760,51200,23.1,160,0.05673758865248227,75,0.02654867256637168,0.01946902654867256,55,0.01769911504424778,50,0,0,0,0,0.1982300884955752,560,495,0.17553191489361702,45,0.09090909090909093,0,NA,0,NA,0,NA,205,0.45555555555555555,15,0.03333333333333333,0.1,660,0.2336283185840708,0,0,3043
ottawa_findlay_creek_3044,975,1,73.5,72.5,130,0.13333333333333333,965,40000,745,38200,35.2,37500,38600,30.9,90,0.09230769230769233,150,0.15463917525773196,0.01030927835051546,10,0.01030927835051546,10,0,0,0,0,0.4536082474226804,440,155,0.15979381443298968,15,0.0967741935483871,0,NA,0,NA,0,NA,35,0.2413793103448276,40,0.27586206896551724,0,95,0.0979381443298969,0,0,3044
ottawa_fisher_heights_3045,840,1,76.1,74.5,200,0.23809523809523808,825,49900,765,43500,30.4,47500,43800,27.7,55,0.06547619047619048,35,0.04166666666666666,0.0119047619047619,10,0.0119047619047619,10,0,0,0,0,0.17857142857142858,150,150,0.17857142857142858,15,0.1,0,NA,0,NA,0,NA,75,0.5357142857142857,0,0,0,10,0.0119047619047619,0,0,3045
ottawa_fitzroy_3046,860,1,73.4,72.5,130,0.1511627906976744,850,58700,755,72200,21,60600,82400,16.6,85,0.09826589595375725,15,0.01744186046511628,0.02906976744186046,25,0.01162790697674418,10,0.01744186046511628,15,0,0,0.01744186046511628,15,205,0.2369942196531792,30,0.14634146341463414,0,NA,0,NA,0,NA,75,0.42857142857142855,10,0.05714285714285714,0.1,0,0,0,0,3046
ottawa_glebe_dows_lake_3047,2630,1,74.9,74,850,0.3231939163498099,2620,68100,2490,84000,16.2,73000,87400,13.7,220,0.0838095238095238,55,0.02091254752851711,0.00760456273764258,20,0,0,0.00570342205323193,15,0,0,0.0988593155893536,260,510,0.19391634980988592,40,0.0784313725490196,0,NA,0,NA,0,NA,235,0.5,10,0.02127659574468085,0,130,0.0494296577946768,0,0,3047
ottawa_glen_cairn_3048,1805,1,74.2,73,380,0.21052631578947367,1790,42640,1630,35480,34.7,41480,36360,31.1,115,0.06371191135734072,40,0.02222222222222222,0.03055555555555555,55,0.02222222222222222,40,0.00833333333333333,15,0,0,0.11944444444444444,215,235,0.13055555555555556,40,0.1702127659574468,0,NA,0,NA,0,NA,40,0.21052631578947367,20,0.10526315789473684,0,10,0.00555555555555555,0,0,3048
ottawa_greely_3049,1610,1,73.6,72,205,0.12732919254658384,1595,48360,1465,44920,28.9,47920,47760,25,45,0.02795031055900621,55,0.03426791277258567,0.01246105919003115,20,0.01246105919003115,20,0,0,0,0,0.0778816199376947,125,290,0.1806853582554517,30,0.10344827586206896,0,NA,0,NA,0,NA,90,0.33962264150943394,20,0.07547169811320754,0,70,0.04361370716510903,0,0,3049
ottawa_greenbelt_east_3050,35,1,74,74.5,10,0.2857142857142857,40,44000,35,36000,36,48000,38000,40,0,0,0,0,0,0,0,0,0,0,0,0,0,0,0,0,0,NA,0,NA,0,NA,0,NA,0,NA,0,NA,NA,0,0,0,0,3050
ottawa_greenbelt_west_3051,25,1,74,NA,15,0.6,NA,NA,NA,NA,NA,NA,NA,NA,NA,NA,0,0,0,0,0,0,0,0,0,0,0,0,0,0,0,NA,0,NA,0,NA,0,NA,0,NA,0,NA,NA,0,0,0,0,3051
ottawa_greenboro_east_3052,745,1,73.1,72,125,0.16778523489932887,730,38400,605,37400,34.6,39300,39200,29.7,85,0.11486486486486489,80,0.10810810810810811,0,0,0,0,0,0,0,0,0.3918918918918919,290,150,0.20270270270270271,20,0.13333333333333333,0,NA,0,NA,0,NA,25,0.19230769230769232,10,0.07692307692307693,0,45,0.06081081081081081,0,0,3052
ottawa_greenboro_west_3053,770,1,72.5,72,160,0.2077922077922078,770,46500,620,45400,32.6,44300,46600,28,85,0.11038961038961038,40,0.05194805194805195,0,0,0,0,0,0,0,0,0.3181818181818182,245,130,0.16993464052287582,20,0.15384615384615383,0,NA,0,NA,0,NA,55,0.5,0,0,0,70,0.09090909090909093,0,0,3053
ottawa_hawthorn_meadows_sheffield_glen_3054,920,1,74.6,73,310,0.33695652173913043,915,37700,690,33000,42,35900,33000,37.4,160,0.17391304347826086,75,0.08108108108108109,0.05945945945945946,55,0.02702702702702703,25,0.02702702702702703,25,0,0,0.2756756756756757,255,130,0.14054054054054055,25,0.19230769230769232,0,NA,0,NA,0,NA,35,0.35,0,0,0,120,0.12972972972972974,0,0,3054
ottawa_hintonburg_mechanicsville_3055,1470,1,74.3,73,755,0.5136054421768708,1465,43000,1110,42900,35.3,43320,45400,30.6,390,0.26440677966101694,140,0.09523809523809525,0.02040816326530612,30,0.01700680272108843,25,0,0,0,0,0.1564625850340136,230,220,0.14965986394557823,35,0.1590909090909091,0,NA,0,NA,0,NA,100,0.5263157894736842,10,0.05263157894736842,0,100,0.06802721088435375,0,0,3055
ottawa_hunt_club_park_3056,1245,1,73.2,71,185,0.14859437751004015,1220,39900,1010,40500,34.6,43200,44200,28.1,130,0.10441767068273092,105,0.084,0,0,0,0,0,0,0,0,0.512,640,270,0.21686746987951808,75,0.2777777777777778,0,NA,0,NA,0,NA,45,0.2307692307692308,20,0.10256410256410256,0.06666666666666667,80,0.064,0,0,3056
ottawa_industrial_east_3057,NA,NA,NA,NA,NA,NA,NA,NA,NA,NA,NA,NA,NA,NA,NA,NA,NA,NA,NA,NA,NA,NA,NA,NA,NA,NA,NA,NA,NA,NA,NA,NA,NA,NA,NA,NA,NA,NA,NA,NA,NA,NA,NA,NA,NA,NA,NA,3057
ottawa_iris_3058,860,1,74.9,73,220,0.2558139534883721,855,41000,765,33200,37,43100,38600,30.6,50,0.05847953216374269,20,0.02339181286549707,0.0175438596491228,15,0.01169590643274853,10,0.01169590643274853,10,0,0,0.16374269005847952,140,120,0.14035087719298245,10,0.08333333333333333,0,NA,0,NA,0,NA,30,0.2727272727272727,0,0,0,35,0.04093567251461988,0,0,3058
ottawa_island_park_wellington_village_3059,990,1,73.3,71.5,260,0.26262626262626265,985,71800,940,80400,16.9,68000,79200,15.2,25,0.02525252525252525,20,0.0202020202020202,0.0101010101010101,10,0.0101010101010101,10,0,0,0,0,0.06565656565656566,65,180,0.18181818181818185,15,0.08333333333333333,0,NA,0,NA,0,NA,80,0.5,15,0.09375,0,35,0.03535353535353535,0,0,3059
ottawa_kanata_lakes_3060,3695,1,76.2,75,835,0.2259810554803789,3670,50480,3310,49880,25.4,49120,50360,23.1,215,0.05818673883626522,390,0.10569105691056913,0.01490514905149051,55,0.0067750677506775,25,0.005420054200542,20,0,0,0.24254742547425473,895,515,0.13956639566395665,70,0.13592233009708737,0,NA,0,NA,0,NA,210,0.47191011235955055,20,0.0449438202247191,0.08695652173913043,120,0.03252032520325203,0,0,3060
ottawa_katimavik_hazeldean_3061,1990,1,72.8,71.5,350,0.17587939698492464,1980,45560,1735,42160,30.7,45080,42600,26.8,120,0.06030150753768844,85,0.04271356783919598,0.01256281407035176,25,0,0,0.00753768844221105,15,0,0,0.21105527638190957,420,290,0.1457286432160804,20,0.06896551724137931,0,NA,0,NA,0,NA,125,0.46296296296296297,25,0.0925925925925926,0,35,0.01758793969849246,0,0,3061
ottawa_kinburn_3062,400,1,73.8,71.5,75,0.1875,400,44400,375,35400,35.2,42600,39600,29.4,45,0.1125,0,0,0.025,10,0,0,0.025,10,0,0,0,0,115,0.2875,0,0,0,NA,0,NA,0,NA,50,0.4545454545454546,0,0,0,0,0,0,0,3062
ottawa_laurentian_3063,2270,1,75.1,73.5,605,0.2665198237885463,2245,55500,2075,55300,24.6,53800,55850,21.8,180,0.07929515418502203,65,0.02863436123348017,0.01101321585903083,25,0.0066079295154185,15,0.00440528634361233,10,0,0,0.06607929515418502,150,295,0.12967032967032968,20,0.06779661016949153,0,NA,0,NA,0,NA,145,0.5087719298245614,10,0.03508771929824561,0,55,0.02422907488986784,0,0,3063
NA,NA,NA,NA,NA,NA,NA,NA,NA,NA,NA,NA,NA,NA,NA,NA,NA,NA,NA,NA,NA,NA,NA,NA,NA,NA,NA,NA,NA,NA,NA,NA,NA,NA,NA,NA,NA,NA,NA,NA,NA,NA,NA,NA,NA,NA,NA,NA,NA
ottawa_ledbury_heron_gate_ridgemont_3065,1365,1,74.2,72.5,510,0.3736263736263736,1345,29520,705,25850,58,27760,26100,51.7,505,0.3713235294117647,230,0.16911764705882354,0.01470588235294117,20,0.00735294117647058,10,0.01102941176470588,15,0,0,0.5,680,190,0.13970588235294118,30,0.15789473684210523,0,NA,0,NA,0,NA,20,0.12121212121212122,15,0.09090909090909093,0.10714285714285714,85,0.0625,0,0,3065
ottawa_leslie_park_bruce_farm_3066,605,1,76.6,75,200,0.3305785123966942,610,46400,540,38800,34.4,39800,33400,35.6,60,0.09836065573770492,25,0.04098360655737704,0.02459016393442623,15,0,0,0.01639344262295082,10,0,0,0.14754098360655735,90,60,0.09836065573770492,15,0.25,0,NA,0,NA,0,NA,25,0.5555555555555556,0,0,0,20,0.03278688524590164,0,0,3066
ottawa_lowertown_east_3067,1190,1,75.3,74,620,0.5210084033613446,1185,42900,840,45900,36,41700,47400,31.1,390,0.3277310924369748,35,0.02941176470588235,0.02100840336134454,25,0.01680672268907563,20,0,0,0,0,0.17647058823529413,210,140,0.1176470588235294,40,0.2857142857142857,0,NA,0,NA,0,NA,30,0.2857142857142857,0,0,0,435,0.36554621848739494,0,0,3067
ottawa_lowertown_west_3068,915,1,74.5,74,365,0.3989071038251366,910,60800,820,67000,20.8,62300,72600,16.9,110,0.12087912087912088,0,0,0.02197802197802198,20,0.02197802197802198,20,0,0,0,0,0.08241758241758242,75,195,0.21428571428571427,20,0.10256410256410256,0,NA,0,NA,0,NA,100,0.5882352941176471,10,0.0588235294117647,0,240,0.26373626373626374,0,0,3068
ottawa_manor_park_3069,2075,1,75.4,74,860,0.4144578313253012,2050,45720,1625,47040,31.7,43400,47120,28.2,435,0.20963855421686747,65,0.03140096618357488,0.02891566265060241,60,0.0144578313253012,30,0.0144578313253012,30,0,0,0.13012048192771083,270,255,0.12318840579710146,20,0.0784313725490196,0,NA,0,NA,0,NA,115,0.4893617021276595,10,0.0425531914893617,0.08333333333333333,760,0.3671497584541063,0,0,3069
ottawa_manotick_3070,2290,1,74.1,73,395,0.17248908296943233,2285,60250,2145,63000,21.5,58350,64000,18.9,95,0.04139433551198257,35,0.01525054466230936,0.0065359477124183,15,0.00435729847494553,10,0,0,0,0,0.061002178649237473,140,420,0.1830065359477124,35,0.08333333333333333,0,NA,0,NA,0,NA,210,0.5454545454545454,15,0.03896103896103896,0,60,0.0261437908496732,0,0,3070
ottawa_marlborough_3071,410,1,74,73,60,0.14634146341463414,405,44600,375,37400,34.4,45200,40400,28.6,35,0.08536585365853659,0,0,0,0,0,0,0,0,0,0,0,0,75,0.18518518518518515,0,0,0,NA,0,NA,0,NA,25,0.35714285714285715,10,0.14285714285714285,0,0,0,0,0,3071
ottawa_merivale_gardens_grenfell_glen_pineglen_country_place_3072,885,1,75.9,74.5,140,0.15819209039548024,875,63000,810,67000,20.8,61300,68000,18.6,0,0,20,0.02272727272727272,0,0,0,0,0,0,0,0,0.11931818181818182,105,115,0.12994350282485875,15,0.13043478260869565,0,NA,0,NA,0,NA,50,0.4545454545454546,10,0.09090909090909093,0,25,0.0284090909090909,0,0,3072
ottawa_metcalfe_3073,850,1,73.6,72.5,145,0.17058823529411765,855,46100,770,45000,28.8,40400,43400,27.5,55,0.06470588235294118,15,0.01764705882352941,0.01176470588235294,10,0,0,0.01176470588235294,10,0,0,0.02941176470588235,25,195,0.22807017543859648,10,0.05128205128205128,0,NA,0,NA,0,NA,45,0.24324324324324328,10,0.05405405405405406,0.07142857142857142,35,0.04117647058823529,0,0,3073
ottawa_munster_ashton_3075,765,1,73.7,72.5,105,0.13725490196078433,755,51900,675,52100,26.7,45000,44800,28.1,30,0.0392156862745098,10,0.0130718954248366,0.0261437908496732,20,0.0261437908496732,20,0,0,0,0,0.0392156862745098,30,120,0.1568627450980392,0,0,0,NA,0,NA,0,NA,50,0.43478260869565216,25,0.21739130434782608,0.15384615384615383,20,0.0261437908496732,0,0,3075
ottawa_richmond_3074,1570,1,74.2,73,270,0.17197452229299362,1570,56850,1455,61500,23,46960,44760,26.6,90,0.05732484076433121,0,0,0.01592356687898089,25,0.00955414012738853,15,0.00636942675159235,10,0,0,0.02547770700636942,40,255,0.1624203821656051,10,0.0392156862745098,0,NA,0,NA,0,NA,85,0.3469387755102041,20,0.08163265306122448,0.06060606060606061,30,0.01910828025477707,0,0,3074
ottawa_navan_sarsfield_3076,540,1,72.6,71,95,0.17592592592592593,540,44800,475,41200,31.2,44800,42000,27,60,0.1111111111111111,0,0,0,0,0,0,0,0,0,0,0,0,90,0.16666666666666666,0,0,0,NA,0,NA,0,NA,25,0.2777777777777778,15,0.16666666666666666,0,215,0.39814814814814814,0,0,3076
ottawa_new_edinburgh_3077,1410,1,75.1,74.5,420,0.2978723404255319,1410,70800,1340,79300,16.4,69500,81500,14.4,60,0.04270462633451957,20,0.01418439716312056,0.00709219858156028,10,0,0,0,0,0,0,0.0673758865248227,95,310,0.2198581560283688,20,0.06451612903225806,0,NA,0,NA,0,NA,135,0.47368421052631576,0,0,0,160,0.11347517730496454,0,0,3077
ottawa_north_gower_kars_3078,945,1,73.8,72.5,145,0.15343915343915343,940,48600,850,44200,30.6,48100,46200,26,45,0.04787234042553191,0,0,0.02645502645502645,25,0.01587301587301587,15,0,0,0,0,0.02645502645502645,25,200,0.21164021164021163,10,0.05,0,NA,0,NA,0,NA,60,0.3157894736842105,20,0.10526315789473684,0,0,0,0,0,3078
ottawa_old_barrhaven_east_3079,2450,1,74.2,72.5,390,0.15918367346938775,2420,43080,2040,40840,31.6,41680,42040,27.9,195,0.07959183673469387,280,0.11428571428571428,0.01020408163265306,25,0.00612244897959183,15,0,0,0,0,0.3795918367346939,930,470,0.19183673469387755,45,0.09574468085106384,0,NA,0,NA,0,NA,125,0.29411764705882354,55,0.12941176470588237,0,100,0.04081632653061224,0,0,3079
ottawa_old_barrhaven_west_3080,3135,1,72.8,71,475,0.15151515151515152,3100,48680,2785,46560,27.9,48280,48480,23.9,105,0.03349282296650718,130,0.04146730462519936,0.0175438596491228,55,0.01116427432216905,35,0.00478468899521531,15,0,0,0.21371610845295055,670,540,0.1722488038277512,45,0.08333333333333333,0,NA,0,NA,0,NA,180,0.3673469387755102,35,0.07142857142857142,0.0967741935483871,75,0.02392344497607655,0,0,3080
ottawa_old_hunt_club_3081,3260,1,74.7,73.5,685,0.21012269938650308,3255,54250,2830,56600,24.9,51550,57900,21.9,270,0.08282208588957055,105,0.03220858895705521,0.01226993865030674,40,0.0107361963190184,35,0,0,0,0,0.25766871165644173,840,485,0.14877300613496933,65,0.13402061855670103,0,NA,0,NA,0,NA,170,0.4,50,0.1176470588235294,0.0784313725490196,205,0.06288343558282208,0,0,3081
ottawa_old_ottawa_east_3082,1210,1,73.3,72,345,0.28512396694214875,1195,69000,1085,80200,18.3,65600,80000,16.1,85,0.07024793388429752,15,0.01239669421487603,0,0,0,0,0,0,0,0,0.07851239669421488,95,220,0.18181818181818185,35,0.1590909090909091,0,NA,0,NA,0,NA,85,0.4722222222222222,0,0,0,175,0.1446280991735537,0,0,3082
ottawa_old_ottawa_south_3083,995,1,73.4,72.5,225,0.2261306532663317,985,72600,950,78600,17.3,68600,77600,15.8,55,0.05527638190954774,15,0.01507537688442211,0.01,10,0.01,10,0,0,0,0,0.085,85,175,0.17587939698492464,0,0,0,NA,0,NA,0,NA,105,0.5833333333333334,0,0,0,25,0.02512562814070352,0,0,3083
ottawa_orleans_industrial_3084,NA,NA,NA,NA,NA,NA,NA,NA,NA,NA,NA,NA,NA,NA,NA,NA,NA,NA,NA,NA,NA,NA,NA,NA,NA,NA,NA,NA,NA,NA,NA,NA,NA,NA,NA,NA,NA,NA,NA,NA,NA,NA,NA,NA,NA,NA,NA,3084
ottawa_orleans_village_chateauneuf_3085,2295,1,73.1,72,340,0.14814814814814814,2285,48000,2135,42920,29.3,46000,44160,25.9,50,0.0217391304347826,15,0.0065359477124183,0.01742919389978213,40,0.01089324618736383,25,0.0065359477124183,15,0,0,0.15468409586056645,355,285,0.12418300653594772,35,0.12280701754385964,0,NA,0,NA,0,NA,110,0.43137254901960786,0,0,0.14285714285714285,685,0.2984749455337691,0,0,3085
ottawa_osgoode_vernon_3086,960,1,73.4,72,140,0.14583333333333334,960,46100,875,43000,31.6,45500,44700,26.9,75,0.078125,0,0,0.01041666666666666,10,0,0,0,0,0,0,0.046875,45,250,0.2604166666666667,30,0.12,0,NA,0,NA,0,NA,100,0.46511627906976744,25,0.11627906976744186,0.13043478260869565,20,0.02083333333333333,0,0,3086
ottawa_overbrook_3087,3235,1,74.7,73.5,1105,0.3415765069551777,3210,39240,2460,34360,41.2,37800,36440,36.4,565,0.17465224111282843,180,0.05564142194744977,0.02163833075734157,70,0.01236476043276661,40,0.00772797527047913,25,0,0,0.21947449768160743,710,410,0.1267387944358578,60,0.14634146341463414,0,NA,0,NA,0,NA,55,0.15714285714285714,45,0.12857142857142856,0.08771929824561403,1000,0.3091190108191654,0,0,3087
ottawa_parkwood_hills_3088,500,1,73.8,73,205,0.41,495,35600,340,33200,43.2,33400,33200,38,95,0.19,30,0.06060606060606061,0,0,0,0,0,0,0,0,0.31313131313131315,155,70,0.14,15,0.21428571428571427,0,NA,0,NA,0,NA,10,0.18181818181818185,0,0,0,20,0.04040404040404041,0,0,3088
ottawa_pineview_3089,935,1,73.6,72,190,0.20320855614973263,930,40000,740,35400,38.2,39600,37500,32.6,105,0.11229946524064172,15,0.0160427807486631,0.0213903743315508,20,0.0213903743315508,20,0,0,0,0,0.32620320855614976,305,125,0.13368983957219252,15,0.12,0,NA,0,NA,0,NA,35,0.3181818181818182,10,0.09090909090909093,0.13333333333333333,180,0.1925133689839572,0,0,3089
ottawa_playfair_park_guildwood_estates_3090,1580,1,76.6,75,470,0.2974683544303797,1570,56750,1425,59650,23.5,55700,59750,20.9,150,0.0946372239747634,30,0.0189873417721519,0.01265822784810126,20,0.00632911392405063,10,0.00632911392405063,10,0,0,0.16139240506329114,255,225,0.14240506329113925,30,0.13333333333333333,0,NA,0,NA,0,NA,80,0.41025641025641024,15,0.07692307692307693,0,230,0.14556962025316456,0,0,3090
ottawa_portobello_south_3091,2680,1,72.6,71,400,0.14925373134328357,2635,42560,2190,39320,33.8,41040,40360,29.3,230,0.08582089552238806,220,0.08208955223880597,0.01492537313432835,40,0.00746268656716417,20,0.00746268656716417,20,0,0,0.3619402985074627,970,455,0.17009345794392525,60,0.13186813186813187,0,NA,0,NA,0,NA,125,0.32051282051282054,65,0.16666666666666666,0.07407407407407407,745,0.27798507462686567,0,0,3091
ottawa_qualicum_redwood_3092,680,1,75.6,75,145,0.21323529411764705,680,56700,595,64000,21.8,56500,68000,19.1,55,0.08148148148148149,15,0.02205882352941176,0,0,0,0,0,0,0,0,0.14705882352941177,100,115,0.17037037037037037,10,0.08695652173913043,0,NA,0,NA,0,NA,30,0.2727272727272727,0,0,0,25,0.03676470588235294,0,0,3092
ottawa_queensway_terrace_north_3093,560,1,75.6,74,110,0.19642857142857145,555,42400,510,36400,34,41600,36600,31,25,0.04504504504504504,10,0.01801801801801801,0.01801801801801801,10,0,0,0,0,0,0,0.05405405405405406,30,70,0.12612612612612611,0,0,0,NA,0,NA,0,NA,40,0.6666666666666666,0,0,0,10,0.01801801801801801,0,0,3093
ottawa_queenswood_chatelaine_3094,1020,1,73.6,72.5,210,0.2058823529411765,1015,44200,930,37200,33.4,42900,38900,29.8,20,0.0196078431372549,35,0.03448275862068965,0.0147783251231527,15,0,0,0.00985221674876847,10,0,0,0.08866995073891626,90,125,0.12315270935960591,15,0.12,0,NA,0,NA,0,NA,30,0.2727272727272727,15,0.13636363636363635,0,310,0.3054187192118227,0,0,3094
ottawa_queenswood_heights_3095,2395,1,73.7,72.5,440,0.1837160751565762,2395,45320,2170,39960,32,44240,40720,28.7,85,0.03549060542797495,15,0.00626304801670146,0.01461377870563674,35,0.00835073068893528,20,0.00626304801670146,15,0,0,0.09812108559498955,235,275,0.11482254697286012,20,0.07272727272727272,0,NA,0,NA,0,NA,95,0.37254901960784315,10,0.0392156862745098,0.0625,685,0.2860125260960334,0,0,3095
ottawa_rideaucrest_davidson_heights_3097,1410,1,73.2,72,215,0.1524822695035461,1400,42840,1150,40400,33.6,42040,44200,28.4,125,0.08865248226950355,170,0.1209964412811388,0.01067615658362989,15,0.01067615658362989,15,0,0,0,0,0.4021352313167259,565,325,0.2304964539007092,40,0.12307692307692308,0,NA,0,NA,0,NA,100,0.3448275862068966,20,0.06896551724137931,0.05405405405405406,40,0.02846975088967971,0,0,3097
ottawa_riverside_park_mooneys_bay_3098,995,1,75.5,74,280,0.2814070351758794,995,49100,865,48000,27.9,47600,47500,26.1,135,0.13636363636363635,15,0.01507537688442211,0.01507537688442211,15,0.0100502512562814,10,0.01507537688442211,15,0,0,0.08542713567839195,85,160,0.16080402010050251,30,0.1875,0,NA,0,NA,0,NA,70,0.56,0,0,0,60,0.06030150753768844,0,0,3098
ottawa_riverside_park_south_revelstoke_3099,790,1,75.8,74.5,125,0.15822784810126583,790,59500,730,60700,22.3,55200,56700,21.8,20,0.02531645569620253,10,0.01265822784810126,0.01265822784810126,10,0.01265822784810126,10,0.01265822784810126,10,0,0,0.08860759493670886,70,80,0.10126582278481013,0,0,0,NA,0,NA,0,NA,35,0.4375,0,0,0,50,0.06329113924050633,0,0,3099
ottawa_riverside_south_leitrim_3100,1800,1,73.8,73,250,0.1388888888888889,1765,45560,1535,44400,28.9,45080,45000,25.2,130,0.07222222222222222,190,0.10526315789473684,0.01662049861495845,30,0.00831024930747922,15,0.00831024930747922,15,0,0,0.31301939058171746,565,295,0.1638888888888889,65,0.22033898305084745,0,NA,0,NA,0,NA,80,0.34782608695652173,25,0.10869565217391304,0,70,0.03878116343490304,0,0,3100
ottawa_riverview_3101,2435,1,76.4,75,870,0.35728952772073924,2425,48920,2000,50640,29.2,47400,49400,26.6,390,0.1598360655737705,80,0.03285420944558522,0.01848049281314168,45,0.0082135523613963,20,0.00410677618069815,10,0,0,0.1971252566735113,480,280,0.11498973305954824,40,0.14285714285714285,0,NA,0,NA,0,NA,80,0.3333333333333333,20,0.08333333333333333,0,465,0.1909650924024641,0,0,3101
ottawa_rockcliffe_park_3102,385,1,75.2,73.5,50,0.12987012987012986,380,144000,380,207000,5.1,161000,233000,3.8,0,0,0,0,0,0,0,0,0,0,0,0,0.09210526315789472,35,135,0.35526315789473684,0,0,0,NA,0,NA,0,NA,30,0.2222222222222222,0,0,0,25,0.06578947368421052,0,0,3102
ottawa_rothwell_heights_beacon_hill_north_3103,2455,1,75.5,75,475,0.1934826883910387,2435,61350,2220,66300,21.4,60650,68200,18.7,70,0.0285132382892057,30,0.01221995926680244,0.01221995926680244,30,0.00610997963340122,15,0.00610997963340122,15,0,0,0.109979633401222,270,300,0.12219959266802444,15,0.05,0,NA,0,NA,0,NA,115,0.40350877192982454,15,0.05263157894736842,0.0625,400,0.1629327902240326,0,0,3103
ottawa_sandy_hill_3104,1615,1,74.7,73.5,645,0.3993808049535604,1595,53650,1370,56850,25.4,53300,59800,21.8,290,0.17956656346749225,40,0.02476780185758514,0.00619195046439628,10,0,0,0,0,0,0,0.19504643962848295,315,305,0.18885448916408668,60,0.19672131147540983,0,NA,0,NA,0,NA,110,0.4489795918367347,35,0.14285714285714285,0,440,0.2724458204334365,0,0,3104
ottawa_south_keys_3105,650,1,75.7,74,185,0.2846153846153846,650,45200,600,37000,34.4,44200,37800,30,35,0.05384615384615385,10,0.01538461538461538,0.01538461538461538,10,0.01538461538461538,10,0,0,0,0,0.1,65,80,0.12307692307692308,20,0.25,0,NA,0,NA,0,NA,20,0.3076923076923077,0,0,0,40,0.06153846153846154,0,0,3105
ottawa_stittsville_3106,3720,1,74.7,73.5,715,0.1922043010752688,3695,50120,3405,46800,27.9,48840,47800,25.1,145,0.03892617449664429,60,0.01612903225806451,0.00806451612903225,30,0.00403225806451612,15,0.00268817204301075,10,0,0,0.07123655913978495,265,515,0.138255033557047,45,0.08737864077669903,0,NA,0,NA,0,NA,245,0.5212765957446809,20,0.0425531914893617,0.08888888888888889,100,0.02688172043010752,0,0,3106
ottawa_stittsville_east_3107,690,1,72.6,71,80,0.11594202898550723,675,41100,555,42000,29.3,41000,43600,24,30,0.04347826086956521,150,0.21739130434782608,0,0,0,0,0,0,0,0,0.4420289855072464,305,130,0.18840579710144928,15,0.1153846153846154,0,NA,0,NA,0,NA,50,0.43478260869565216,15,0.13043478260869565,0,0,0,0,0,3107
ottawa_stittsville_north_3108,1240,1,74.9,74,285,0.22983870967741937,1225,43200,1065,38700,32.8,41700,39000,29.7,100,0.08064516129032258,65,0.05263157894736842,0.01214574898785425,15,0.01214574898785425,15,0,0,0,0,0.18218623481781376,225,195,0.15789473684210523,25,0.1282051282051282,0,NA,0,NA,0,NA,50,0.2857142857142857,15,0.08571428571428572,0,50,0.04048582995951417,0,0,3108
ottawa_stonebridge_half_moon_bay_3109,2370,1,73.8,72.5,305,0.12869198312236288,2345,44640,1925,44920,29.7,44360,47680,24.5,155,0.06540084388185655,365,0.15368421052631578,0.01054852320675105,25,0.00421940928270042,10,0.00421940928270042,10,0,0,0.3881856540084388,920,390,0.16421052631578947,45,0.1153846153846154,0,NA,0,NA,0,NA,145,0.4142857142857143,30,0.08571428571428572,0.14285714285714285,85,0.03578947368421052,0,0,3109
ottawa_trend_arlington_3110,1095,1,75.4,74.5,165,0.1506849315068493,1085,53000,1010,52500,24.8,52100,53300,22.7,35,0.03211009174311927,20,0.01834862385321101,0.01376146788990825,15,0.01376146788990825,15,0,0,0,0,0.11009174311926606,120,190,0.1743119266055046,25,0.13157894736842105,0,NA,0,NA,0,NA,95,0.5757575757575758,10,0.06060606060606061,0,35,0.03211009174311927,0,0,3110
ottawa_vanier_north_3111,1675,1,74,73,615,0.3671641791044776,1665,44760,1375,42800,33.2,44920,46480,29,225,0.13432835820895522,45,0.02686567164179104,0.02694610778443114,45,0.01497005988023952,25,0.01197604790419161,20,0,0,0.10479041916167664,175,235,0.14029850746268657,15,0.06382978723404255,0,NA,0,NA,0,NA,50,0.2272727272727273,35,0.1590909090909091,0,635,0.3791044776119402,0,0,3111
ottawa_vanier_south_3112,1620,1,74.8,73,775,0.4783950617283951,1610,35600,1195,28850,46.4,34560,31250,40.8,390,0.24074074074074073,65,0.04012345679012345,0.04012345679012345,65,0.02469135802469135,40,0.00925925925925925,15,0.00617283950617283,10,0.1388888888888889,225,215,0.1331269349845201,25,0.11627906976744186,0,NA,0,NA,0,NA,45,0.23684210526315788,10,0.05263157894736842,0,725,0.44753086419753085,0,0,3112
ottawa_vars_3113,460,1,73,72,70,0.15217391304347827,455,37000,375,29200,42.8,29100,31800,37.6,50,0.10869565217391304,0,0,0.06593406593406594,30,0.03296703296703297,15,0.03296703296703297,15,0,0,0,0,70,0.15384615384615383,15,0.21428571428571427,0,NA,0,NA,0,NA,0,0,10,0.18181818181818185,0,195,0.42857142857142855,0,0,3113
ottawa_waterridge_village_3114,345,1,74,71.5,100,0.2898550724637681,345,45000,260,50000,31.6,46800,57600,25.2,35,0.1,15,0.04285714285714286,0.02857142857142857,10,0,0,0.02857142857142857,10,0,0,0.2571428571428571,90,50,0.14285714285714285,0,0,0,NA,0,NA,0,NA,10,0.25,0,0,0,115,0.32857142857142857,0,0,3114
ottawa_west_centretown_3115,1320,1,74.9,73.5,715,0.5416666666666666,1315,33600,750,34700,48.2,32360,34400,45.3,615,0.4641509433962264,300,0.22641509433962265,0.00754716981132075,10,0,0,0,0,0,0,0.35094339622641507,465,155,0.1169811320754717,10,0.06451612903225806,0,NA,0,NA,0,NA,70,0.5185185185185185,10,0.07407407407407407,0,100,0.07547169811320754,0,0,3115
ottawa_westboro_3116,2525,1,74.6,73,1010,0.4,2515,51700,2115,58200,26.1,50720,55700,23.8,510,0.2015810276679842,115,0.04554455445544554,0.0198019801980198,50,0.00396039603960396,10,0.01188118811881188,30,0,0,0.13663366336633664,345,290,0.11462450592885376,40,0.13793103448275862,0,NA,0,NA,0,NA,105,0.42857142857142855,0,0,0.1111111111111111,140,0.05544554455445544,0,0,3116
ottawa_whitehaven_woodpark_glabar_park_3117,3105,1,76,74.5,1255,0.40418679549114334,3095,49320,2740,46720,29.3,47800,47800,26.6,370,0.11916264090177134,95,0.03059581320450885,0.0144927536231884,45,0.00966183574879227,30,0.00483091787439613,15,0,0,0.09822866344605476,305,385,0.12399355877616748,45,0.11688311688311688,0,NA,0,NA,0,NA,105,0.3088235294117647,20,0.0588235294117647,0.0425531914893617,90,0.02898550724637681,0,0,3117
