ONS_ID,name,number_of_people_who_identify_with_a_religion,number_buddhists,number_christians,number_hindus,number_jewish,number_muslims,number_sikhs,number_traditional_north_american_indigenous_spirituality,number_other_religions_and_spiritual_traditions,number_no_religion_and_secular_perspectives,percent_of_people_who_identify_with_a_religion,percent_buddhists,percent_christians,percent_hindus,percent_jewish,percent_muslims,percent_sikhs,percent_traditional_north_american_indigenous_spirituality,percent_other_religions_and_spiritual_traditions,percent_no_religion_and_secular_perspectives,number_of_people_0_5_in_low_income_based_on_lim_at,percent_of_people_0_5_in_low_income_based_on_lim_at,gini_index_on_adjusted_household_after_tax_income,number_of_people_with_english_as_a_language_most_spoken_at_home,percent_of_people_with_english_as_a_language_most_spoken_at_home,number_of_people_with_knowledge_of_both_english_and_french,percent_of_people_with_knowledge_of_both_english_and_french,number_of_children_under_18_years_eligible_for_instruction_in_the_minority_official_language,percent_of_children_under_18_years_eligible_for_instruction_in_the_minority_official_language,number_of_commuters_aged_15_leaving_for_work_between_5_a_m_and_5_59_a_m,number_of_commuters_aged_15_leaving_for_work_between_6_a_m_and_6_59_a_m,number_of_commuters_aged_15_leaving_for_work_between_7_a_m_and_7_59_a_m,number_of_commuters_aged_15_leaving_for_work_between_8_a_m_and_8_59_a_m,number_of_commuters_aged_15_leaving_for_work_between_9_a_m_and_11_59_a_m,number_of_commuters_aged_15_leaving_for_work_between_12_p_m_and_4_59_a_m,percent_of_commuters_aged_15_leaving_for_work_between_5_a_m_and_5_59_a_m,percent_of_commuters_aged_15_leaving_for_work_between_6_a_m_and_6_59_a_m,percent_of_commuters_aged_15_leaving_for_work_between_7_a_m_and_7_59_a_m,percent_of_commuters_aged_15_leaving_for_work_between_8_a_m_and_8_59_a_m,percent_of_commuters_aged_15_leaving_for_work_between_9_a_m_and_11_59_a_m,percent_of_commuters_aged_15_leaving_for_work_between_12_p_m_and_4_59_a_m,number_of_commuters_aged_15_who_commute_for_less_than_15_minutes,number_of_commuters_aged_15_who_commute_for_15_to_29_minutes,number_of_commuters_aged_15_who_commute_for_30_to_44_minutes,number_of_commuters_aged_15_who_commute_for_45_to_59_minutes,number_of_commuters_aged_15_who_commute_for_60_minutes_and_over,percent_of_commuters_aged_15_who_commute_for_less_than_15_minutes,percent_of_commuters_aged_15_who_commute_for_15_to_29_minutes,percent_of_commuters_aged_15_who_commute_for_30_to_44_minutes,percent_of_commuters_aged_15_who_commute_for_45_to_59_minutes,percent_of_commuters_aged_15_who_commute_for_60_minutes_and_over,number_of_commuters_aged_15_who_commute_within_ottawa,number_of_commuters_aged_15_who_commute_outside_of_ottawa_in_ontario,number_of_commuters_aged_15_who_commute_to_a_different_province_territory,percent_of_commuters_aged_15_who_commute_within_ottawa,percent_of_commuters_aged_15_who_commute_outside_of_ottawa_in_ontario,percent_of_commuters_aged_15_who_commute_to_a_different_province_territory,number_of_people_aged_25_64_with_no_high_school_diploma_or_equivalent,number_of_people_aged_25_64_with_a_high_school_diploma_or_equivalent,number_of_people_aged_25_64_with_a_postsecondary_certificate_diploma_or_degree,number_of_people_aged_25_64_with_an_apprencticeship_or_trades_certificate,number_of_people_aged_25_64_with_a_college_cegep_or_other_non_university_certificate_diploma,number_of_people_aged_25_64_with_a_university_certificate_below_bachelor_level,number_of_people_aged_25_64_with_a_bachelors_degree_or_higher,number_of_people_aged_25_64_with_a_bachelors_degree,number_of_people_aged_25_64_with_a_masters_degree,number_of_people_aged_25_64_with_a_doctorate,percent_of_people_aged_25_64_with_no_high_school_diploma_or_equivalent,percent_of_people_aged_25_64_with_a_high_school_diploma_or_equivalent,percent_of_people_aged_25_64_with_a_postsecondary_certificate_diploma_or_degree,percent_of_people_aged_25_64_with_an_apprencticeship_or_trades_certificate,percent_of_people_aged_25_64_with_a_college_cegep_or_other_non_university_certificate_diploma,percent_of_people_aged_25_64_with_a_university_certificate_below_bachelor_level,percent_of_people_aged_25_64_with_a_bachelors_degree_or_higher,percent_of_people_aged_25_64_with_a_bachelors_degree,percent_of_people_aged_25_64_with_a_masters_degree,percent_of_people_aged_25_64_with_a_doctorate,number_of_households,number_of_multigenerational_households,percent_of_multigenerational_households,number_of_census_families,number_of_couple_families,number_of_couple_families_with_children,number_of_couple_families_without_children,percent_of_census_families,percent_of_couple_families,percent_of_couple_families_with_children,percent_of_couple_families_without_children,median_after_tax_income_of_households_in_2020,average_after_tax_income_of_households_in_2020,median_after_tax_income_of_one_person_households_in_2020,average_after_tax_income_of_one_person_households_in_2020,median_after_tax_income_of_two_or_more_person_households_in_2020,average_after_tax_income_of_two_or_more_person_households_in_2020,ONS_ID
0,census_division_ottawa_3506,684210,10800,528715,20300,10600,98920,6375,445,8055,316740,0.683560617,0.01078975,0.528213197,0.020280733,0.01058994,0.098826115,0.006368949,4.45E-04,0.008047355,0.316439383,7030,0.117637216,0.3,791650,0.790894696,365220,0.364871548,72285,0.350413263,14395,48330,71860,60390,37570,43155,0.05221255,0.175299238,0.260645629,0.219042437,0.136271309,0.156528836,74060,116265,55365,15975,14030,0.268625317,0.421708379,0.200816104,0.057943417,0.050888647,219175,7030,6420,0.942161372,0.030219662,0.027597472,35045,508270,417420,19905,117225,11355,268940,160030,75165,13550,0.064502176,0.935497824,0.768283592,0.036636206,0.215758814,0.020899478,0.494998297,0.294543681,0.138345159,0.024939492,407255,9890,0.024284539,275340,231175,121845,109325,1,0.839598315,0.442525605,0.397054551,88000,103000,47600,53100,109000,123000,3506
3001,airport_3001,170,0,170,0,0,0,0,0,0,85,0.586206897,0,0.586206897,0,0,0,0,0,0,0.293103448,0,NA,0.4,255,0.86440678,80,0.271186441,15,0.333333333,0,15,25,30,15,15,0,0.157894737,0.263157895,0.315789474,0.157894737,0.157894737,50,30,10,0,0,0.526315789,0.315789474,0.105263158,0,0,70,0,10,0.875,0,0.125,25,140,115,10,25,0,80,50,20,0,0.15625,0.875,0.71875,0.0625,0.15625,0,0.5,0.3125,0.125,0,125,0,0,105,80,30,50,1,0.761904762,0.285714286,0.476190476,95000,114000,NA,34000,121000,134000,3001
3002,alta_vista_3002,4975,55,4100,145,175,420,0,0,80,2790,0.639871383,0.007073955,0.52733119,0.018649518,0.022508039,0.054019293,0,0,0.010289389,0.358842444,0,0,0.3,6625,0.852638353,3810,0.49034749,695,0.437106918,65,200,465,595,330,165,0.03601108,0.110803324,0.257617729,0.329639889,0.182825485,0.091412742,615,855,245,50,35,0.340720222,0.473684211,0.135734072,0.027700831,0.019390582,1400,20,55,0.945945946,0.013513514,0.037162162,135,3850,3365,65,500,35,2765,1180,1045,190,0.033877039,0.966122961,0.844416562,0.016311167,0.125470514,0.008782936,0.693851945,0.296110414,0.262233375,0.047678795,3060,65,0.02124183,2285,2055,1025,1035,1,0.899343545,0.448577681,0.452954048,115000,131200,54400,40500,139000,156000,3002
3003,bayshore_3003,10900,255,5400,1180,50,3715,120,0,180,3360,0.764643985,0.01788846,0.378814451,0.082777973,0.003507541,0.260610312,0.008418099,0,0.012627148,0.23570677,355,0.348039216,0.3,10035,0.703963522,2775,0.194668537,850,0.273311897,250,655,870,750,625,1050,0.059453032,0.155766944,0.206896552,0.178359096,0.14863258,0.249702735,960,1810,820,285,325,0.228299643,0.430439952,0.195005945,0.067776457,0.077288942,3335,55,50,0.969476744,0.015988372,0.014534884,975,6755,5195,265,1450,275,3205,1925,960,110,0.126131953,0.873868047,0.672056921,0.034282018,0.187580854,0.035575679,0.41461837,0.249029754,0.124191462,0.014230272,5725,160,0.027947598,3550,2575,1330,1245,1,0.725352113,0.374647887,0.350704225,64000,72700,42000,46560,78000,84700,3003
3004,beacon_hill_south_cardinal_heights_3004,5875,60,4800,90,25,815,15,0,70,1825,0.762987013,0.007792208,0.623376623,0.011688312,0.003246753,0.105844156,0.001948052,0,0.009090909,0.237012987,110,0.20952381,0.3,5000,0.649350649,3405,0.442207792,690,0.461538462,135,450,535,385,280,400,0.061784897,0.205949657,0.244851259,0.176201373,0.128146453,0.183066362,615,850,345,205,165,0.281464531,0.389016018,0.157894737,0.09382151,0.075514874,1695,40,60,0.944289694,0.022284123,0.033426184,455,3625,2755,150,985,105,1515,955,390,55,0.111519608,0.888480392,0.675245098,0.036764706,0.241421569,0.025735294,0.371323529,0.234068627,0.095588235,0.013480392,3220,75,0.023291925,2020,1570,785,790,1,0.777227723,0.388613861,0.391089109,73500,84000,46000,49300,91000,100100,3004
3005,beaverbrook_3005,4335,45,3555,185,30,435,10,0,75,2435,0.639852399,0.006642066,0.524723247,0.027306273,0.004428044,0.064206642,0.001476015,0,0.011070111,0.359409594,45,0.155172414,0.3,5775,0.851769912,1940,0.286135693,345,0.238754325,65,285,385,405,230,205,0.041533546,0.182108626,0.24600639,0.258785942,0.146964856,0.130990415,535,550,315,90,85,0.341853035,0.3514377,0.201277955,0.057507987,0.054313099,1240,55,0,0.953846154,0.042307692,0,150,3220,2640,95,770,65,1710,1035,475,65,0.044510386,0.955489614,0.783382789,0.028189911,0.228486647,0.019287834,0.507418398,0.307121662,0.140949555,0.019287834,2770,50,0.018050542,2005,1585,825,755,1,0.790523691,0.411471322,0.376558603,89000,101400,51200,57500,102000,116600,3005
3006,beechwood_cemetery_3006,NA,NA,NA,NA,NA,NA,NA,NA,NA,NA,NA,NA,NA,NA,NA,NA,NA,NA,NA,NA,NA,NA,NA,NA,NA,NA,NA,NA,NA,NA,NA,NA,NA,NA,NA,NA,NA,NA,NA,NA,NA,NA,NA,NA,NA,NA,NA,NA,NA,NA,NA,NA,NA,NA,NA,NA,NA,NA,NA,NA,NA,NA,NA,NA,NA,NA,NA,NA,NA,NA,NA,NA,NA,NA,NA,NA,NA,NA,NA,NA,NA,NA,NA,NA,NA,NA,NA,NA,NA,NA,NA,NA,NA,NA,3006
3007,bells_corners_east_3007,3195,25,2795,50,0,305,0,0,20,1810,0.639,0.005,0.559,0.01,0,0.061,0,0,0.004,0.362,0,0,0.2,4615,0.922077922,1290,0.257742258,200,0.240963855,80,300,335,260,185,280,0.055555556,0.208333333,0.232638889,0.180555556,0.128472222,0.194444444,425,665,210,90,55,0.295138889,0.461805556,0.145833333,0.0625,0.038194444,1175,15,15,0.983263598,0.012552301,0.012552301,215,2525,2000,115,810,45,1035,690,235,45,0.078754579,0.924908425,0.732600733,0.042124542,0.296703297,0.016483516,0.379120879,0.252747253,0.086080586,0.016483516,2125,70,0.032941176,1475,1245,545,705,1,0.844067797,0.369491525,0.477966102,83000,92600,43600,49400,99000,109600,3007
3008,bells_corners_west_3008,2720,90,2200,30,15,340,0,0,45,1410,0.654632972,0.02166065,0.529482551,0.007220217,0.003610108,0.081829122,0,0,0.010830325,0.339350181,45,0.142857143,0.3,3600,0.866425993,960,0.231046931,185,0.255172414,75,330,415,220,165,210,0.053003534,0.233215548,0.293286219,0.155477032,0.116607774,0.148409894,330,670,240,80,95,0.233215548,0.473498233,0.169611307,0.056537102,0.067137809,1185,20,10,0.971311475,0.016393443,0.008196721,260,2115,1525,110,710,30,670,465,150,20,0.109473684,0.890526316,0.642105263,0.046315789,0.298947368,0.012631579,0.282105263,0.195789474,0.063157895,0.008421053,1820,70,0.038461538,1170,825,420,405,1,0.705128205,0.358974359,0.346153846,74000,81000,47200,49800,88000,96000,3008
3009,billings_bridge_heron_park_3009,3740,50,2855,125,65,540,30,10,65,2130,0.63713799,0.008517888,0.48637138,0.021294719,0.011073254,0.091993186,0.005110733,0.001703578,0.011073254,0.36286201,60,0.210526316,0.3,4720,0.804088586,1585,0.270017036,305,0.378881988,65,300,345,350,250,310,0.040123457,0.185185185,0.212962963,0.216049383,0.154320988,0.191358025,515,630,330,85,60,0.317901235,0.388888889,0.203703704,0.052469136,0.037037037,1295,20,20,0.973684211,0.015037594,0.015037594,275,2860,2355,110,660,65,1515,895,420,85,0.087719298,0.912280702,0.751196172,0.035087719,0.210526316,0.020733652,0.483253589,0.285486443,0.133971292,0.027113238,2975,40,0.013445378,1325,995,360,630,1,0.750943396,0.271698113,0.475471698,55200,67100,32000,39800,78500,87600,3009
3010,blackburn_hamlet_3010,5435,40,4815,60,50,350,25,0,95,2600,0.675995025,0.004975124,0.598880597,0.007462687,0.006218905,0.043532338,0.003109453,0,0.01181592,0.323383085,65,0.122641509,0.3,6625,0.824517735,3715,0.462352209,730,0.423188406,120,360,585,435,280,360,0.056074766,0.168224299,0.273364486,0.203271028,0.130841121,0.168224299,640,930,390,100,80,0.299065421,0.434579439,0.182242991,0.046728972,0.037383178,1765,40,40,0.954054054,0.021621622,0.021621622,325,3720,2950,205,960,75,1715,1040,500,90,0.080246914,0.918518519,0.728395062,0.050617284,0.237037037,0.018518519,0.42345679,0.256790123,0.12345679,0.022222222,3170,60,0.018927445,2385,1930,1000,930,1,0.809224319,0.419287212,0.389937107,90000,102000,54400,58700,106000,114400,3010
3011,blossom_park_timbermill_3011,7095,50,5030,65,35,1825,0,0,90,2200,0.763724435,0.005382131,0.541442411,0.006996771,0.003767492,0.196447793,0,0,0.009687836,0.236813778,85,0.153153153,0.3,7290,0.785137318,3235,0.348411416,770,0.352402746,110,510,740,650,370,480,0.038596491,0.178947368,0.259649123,0.228070175,0.129824561,0.168421053,800,1300,510,110,135,0.280701754,0.456140351,0.178947368,0.038596491,0.047368421,2265,40,60,0.957716702,0.016913319,0.025369979,505,4600,3470,225,1125,125,1995,1200,500,135,0.099019608,0.901960784,0.680392157,0.044117647,0.220588235,0.024509804,0.391176471,0.235294118,0.098039216,0.026470588,3230,120,0.037151703,2550,2035,1225,820,1,0.798039216,0.480392157,0.321568627,95000,107900,48800,55800,106000,120300,3011
3012,borden_farm_fisher_glen_3012,5855,105,4940,205,60,450,20,0,75,2335,0.71402439,0.012804878,0.602439024,0.025,0.007317073,0.054878049,0.002439024,0,0.009146341,0.284756098,25,0.064102564,0.3,6955,0.848170732,2330,0.284146341,245,0.215859031,120,375,570,440,200,270,0.060606061,0.189393939,0.287878788,0.222222222,0.101010101,0.136363636,570,940,345,55,70,0.287878788,0.474747475,0.174242424,0.027777778,0.035353535,1570,35,45,0.954407295,0.021276596,0.027355623,180,3805,3070,160,905,25,1980,1245,480,110,0.045112782,0.953634085,0.769423559,0.040100251,0.226817043,0.006265664,0.496240602,0.312030075,0.120300752,0.027568922,3790,55,0.014511873,2300,1950,845,1105,1,0.847826087,0.367391304,0.480434783,81000,91000,47200,48800,104000,114200,3012
3013,braemar_park_belair_heights_copeland_park_3013,5710,140,4760,220,55,430,45,0,60,3260,0.636211699,0.015598886,0.530362117,0.024512535,0.006128134,0.047910864,0.005013928,0,0.006685237,0.363231198,0,0,0.3,7765,0.864699332,2725,0.303452116,440,0.30877193,155,475,540,605,365,500,0.058712121,0.179924242,0.204545455,0.229166667,0.138257576,0.189393939,830,1205,360,140,105,0.314393939,0.456439394,0.136363636,0.053030303,0.039772727,2090,40,65,0.952164009,0.018223235,0.029612756,365,4465,3620,170,1205,60,2180,1405,550,95,0.075569358,0.924430642,0.749482402,0.035196687,0.249482402,0.01242236,0.451345756,0.290890269,0.113871636,0.019668737,3920,80,0.020408163,2390,2005,925,1080,1,0.838912134,0.387029289,0.451882845,79500,90900,45200,51400,100000,109900,3013
3014,bridlewood_emerald_meadows_3014,17620,430,14010,630,275,1820,275,0,180,8080,0.685603113,0.016731518,0.545136187,0.024513619,0.010700389,0.070817121,0.010700389,0,0.007003891,0.314396887,80,0.044077135,0.3,21715,0.844777281,7795,0.303248395,1725,0.272296764,370,1200,1810,1430,980,1110,0.053584359,0.173787111,0.262128892,0.207096307,0.14192614,0.160753077,1750,3070,1400,375,305,0.253439537,0.444605358,0.202751629,0.054308472,0.044170891,5720,210,100,0.948590381,0.034825871,0.016583748,520,13605,11655,365,3510,325,7455,4690,1960,380,0.036827195,0.963526912,0.825424929,0.025849858,0.248583569,0.023016997,0.527974504,0.332152975,0.138810198,0.026912181,8930,290,0.032474804,7540,6625,4155,2470,1,0.878647215,0.551061008,0.327586207,112000,123200,62400,64600,123000,133600,3014
3015,britannia_3015,5935,120,4415,155,105,955,75,0,110,2510,0.703199052,0.014218009,0.523104265,0.018364929,0.012440758,0.113151659,0.008886256,0,0.013033175,0.297393365,125,0.320512821,0.3,6820,0.808056872,2365,0.28021327,440,0.341085271,130,365,510,400,335,440,0.059633028,0.167431193,0.233944954,0.183486239,0.153669725,0.201834862,470,940,500,155,115,0.21559633,0.431192661,0.229357798,0.071100917,0.052752294,1720,25,55,0.952908587,0.013850416,0.030470914,520,3995,3090,240,820,85,1945,1140,575,80,0.115299335,0.885809313,0.685144124,0.053215078,0.181818182,0.018847007,0.431263858,0.252771619,0.127494457,0.017738359,4380,45,0.010273973,2080,1565,590,980,1,0.752403846,0.283653846,0.471153846,58800,69000,40800,46360,79000,89500,3015
3016,brookside_briarbrook_morgans_grant_3016,10605,200,6345,755,70,2945,150,0,140,4860,0.685077519,0.012919897,0.409883721,0.04877261,0.004521964,0.190245478,0.009689922,0,0.009043928,0.313953488,45,0.048387097,0.3,11710,0.756704362,4690,0.303069467,1100,0.250855188,140,705,930,800,700,600,0.036082474,0.181701031,0.239690722,0.206185567,0.180412371,0.154639175,1165,1415,820,230,260,0.300257732,0.364690722,0.211340206,0.059278351,0.067010309,3230,60,45,0.971428571,0.018045113,0.013533835,180,8225,7035,205,1605,155,5075,3005,1480,290,0.021415824,0.978584176,0.837001785,0.024390244,0.190957763,0.018441404,0.603807258,0.357525283,0.176085663,0.034503272,4955,285,0.057517659,4305,3715,2575,1140,1,0.862950058,0.598141696,0.264808362,112000,123700,66500,67800,123000,132200,3016
3017,cardinal_creek_3017,10185,40,8885,140,20,1035,25,0,40,2725,0.788923315,0.003098373,0.688226181,0.010844307,0.001549187,0.080170411,0.001936483,0,0.003098373,0.211076685,30,0.035928144,0.2,8580,0.664601084,7190,0.55693261,1805,0.560559006,225,750,1080,655,440,560,0.060565276,0.201884253,0.290713324,0.176312248,0.118438762,0.150740242,990,1350,820,295,255,0.266487214,0.363391655,0.220726783,0.079407806,0.068640646,3105,65,70,0.956856703,0.020030817,0.021571649,305,6765,5590,320,1950,215,3105,2110,655,135,0.043140028,0.956859972,0.790664781,0.045261669,0.275813296,0.030410184,0.439179632,0.29844413,0.092644979,0.019094767,4495,155,0.034482759,3735,3170,1955,1220,1,0.848728246,0.523427041,0.326639893,114000,124600,60800,63400,124000,136800,3017
3018,carleton_heights_courtland_park_3018,5175,130,3890,160,20,840,50,0,85,3015,0.631868132,0.015873016,0.474969475,0.01953602,0.002442002,0.102564103,0.006105006,0,0.01037851,0.368131868,65,0.185714286,0.3,6375,0.778388278,2335,0.285103785,430,0.362869198,95,350,625,500,360,475,0.039337474,0.144927536,0.258799172,0.207039337,0.149068323,0.196687371,575,1190,410,130,105,0.238095238,0.492753623,0.169772257,0.053830228,0.043478261,1930,75,45,0.941463415,0.036585366,0.02195122,370,3755,3080,120,785,70,2105,1295,505,145,0.089805825,0.911407767,0.747572816,0.029126214,0.190533981,0.016990291,0.51092233,0.314320388,0.122572816,0.035194175,3630,45,0.012396694,1950,1540,705,830,1,0.78974359,0.361538462,0.425641026,68500,89100,41600,47400,90000,109400,3018
3019,carleton_university_3019,NA,NA,NA,NA,NA,NA,NA,NA,NA,NA,NA,NA,NA,NA,NA,NA,NA,NA,NA,NA,NA,NA,NA,NA,NA,NA,NA,NA,NA,NA,NA,NA,NA,NA,NA,NA,NA,NA,NA,NA,NA,NA,NA,NA,NA,NA,NA,NA,NA,NA,NA,NA,NA,NA,NA,NA,NA,NA,NA,NA,NA,NA,NA,NA,NA,NA,NA,NA,NA,NA,NA,NA,NA,NA,NA,NA,NA,NA,NA,NA,NA,NA,NA,NA,NA,NA,NA,NA,NA,NA,NA,NA,NA,NA,3019
3020,carlington_3020,10020,380,7215,220,185,1750,75,0,195,5620,0.640051102,0.024273395,0.46087512,0.014053018,0.011817311,0.111785372,0.004790802,0,0.012456084,0.358990738,325,0.298165138,0.3,11880,0.758862983,4525,0.289045034,1035,0.319938176,225,775,1145,840,660,825,0.05044843,0.173766816,0.256726457,0.188340807,0.147982063,0.184977578,1280,2055,655,260,215,0.286995516,0.460762332,0.146860987,0.058295964,0.048206278,3590,70,125,0.948480845,0.018494055,0.033025099,1055,8075,6420,420,1735,200,4070,2430,1165,160,0.115553122,0.884446878,0.703176342,0.046002191,0.190032859,0.021905805,0.445783133,0.266155531,0.127601314,0.017524644,7105,145,0.020408163,3935,2950,1460,1480,1,0.749682338,0.371029225,0.376111817,62000,75900,37200,42960,87000,97500,3020
3021,carp_3021,4050,30,3680,40,40,110,80,0,70,2280,0.639305446,0.004735596,0.580899763,0.006314128,0.006314128,0.017363852,0.012628256,0,0.011049724,0.359905288,0,0,0.3,5950,0.939226519,1930,0.304656669,410,0.274247492,90,335,465,370,235,200,0.053097345,0.197640118,0.274336283,0.218289086,0.138643068,0.1179941,390,635,450,130,90,0.230088496,0.374631268,0.265486726,0.076696165,0.053097345,1255,90,10,0.92962963,0.066666667,0.007407407,85,3120,2645,140,810,55,1645,1120,320,40,0.026521061,0.973478939,0.825273011,0.043681747,0.252730109,0.017160686,0.51326053,0.349453978,0.099843994,0.012480499,2260,65,0.028761062,1925,1765,960,805,1,0.916883117,0.498701299,0.418181818,126000,152600,48000,58800,140000,170400,3021
3022,carson_grove_carson_meadows_3022,7655,90,6190,85,60,1145,0,0,85,2645,0.741763566,0.00872093,0.599806202,0.008236434,0.005813953,0.110949612,0,0,0.008236434,0.25629845,95,0.179245283,0.3,6260,0.606589147,5040,0.488372093,955,0.538028169,150,490,715,535,410,410,0.055452865,0.181146026,0.264325323,0.197781885,0.151571165,0.151571165,755,1090,515,195,145,0.279112754,0.402957486,0.19038817,0.072088725,0.053604436,2220,35,135,0.93081761,0.014675052,0.056603774,460,5040,3895,230,1200,95,2370,1420,595,145,0.0835604,0.915531335,0.707538601,0.0417802,0.217983651,0.017257039,0.430517711,0.257947321,0.10808356,0.026339691,4610,90,0.019522777,2820,2160,980,1175,1,0.765957447,0.34751773,0.416666667,75500,86400,45600,49520,97000,105500,3022
3023,centrepointe_briargreen_3023,5795,130,3815,275,765,680,45,0,85,3305,0.636463482,0.014277869,0.419000549,0.030203185,0.084019769,0.074684239,0.004942339,0,0.00933553,0.36298737,30,0.075,0.3,7650,0.840659341,2645,0.290659341,390,0.24,105,300,665,615,420,345,0.042857143,0.12244898,0.271428571,0.251020408,0.171428571,0.140816327,735,1080,375,135,125,0.3,0.440816327,0.153061224,0.055102041,0.051020408,2015,35,45,0.95952381,0.016666667,0.021428571,185,4650,4050,120,910,75,2940,1670,870,115,0.038262668,0.961737332,0.837642192,0.024819028,0.188210962,0.015511892,0.608066184,0.345398139,0.179937952,0.023784902,3590,85,0.02367688,2590,2165,1130,1045,1,0.835907336,0.436293436,0.403474903,101000,118400,55600,55600,117000,136600,3023
3024,centretown_3024,15650,390,11920,455,550,1825,70,35,405,15710,0.499043367,0.012436224,0.380102041,0.014508929,0.017538265,0.058195153,0.002232143,0.001116071,0.012914541,0.500956633,210,0.225806452,0.4,26390,0.841652049,12855,0.409982459,690,0.31011236,355,1055,1840,2420,1585,1080,0.042565947,0.126498801,0.220623501,0.290167866,0.190047962,0.129496403,3020,3505,1155,350,310,0.362110312,0.420263789,0.138489209,0.041966427,0.037170264,7190,160,240,0.946675444,0.021066491,0.031599737,975,20415,17890,485,2945,330,14130,7555,4865,755,0.045592705,0.954641104,0.836567688,0.022679448,0.13771335,0.015431377,0.660743512,0.353285013,0.227495908,0.03530512,20335,35,0.00172117,6490,5760,1275,4480,1,0.88751926,0.196456086,0.690292758,62800,82000,48800,54550,96000,123800,3024
3025,chapel_hill_north_3025,8605,40,7345,110,30,1035,0,0,45,3150,0.732028924,0.003402807,0.624840493,0.00935772,0.002552105,0.088047639,0,0,0.003828158,0.267971076,40,0.061538462,0.3,8240,0.700978307,6395,0.54402382,1445,0.581488934,190,505,820,625,360,480,0.063651591,0.169179229,0.274706868,0.209380235,0.120603015,0.16080402,925,1200,570,160,135,0.309882747,0.40201005,0.190954774,0.05360134,0.045226131,2415,65,125,0.928846154,0.025,0.048076923,290,5750,4770,210,1260,130,3170,1940,840,100,0.048013245,0.951986755,0.789735099,0.034768212,0.208609272,0.021523179,0.524834437,0.321192053,0.139072848,0.016556291,4380,90,0.020547945,3565,3000,1565,1430,1,0.841514727,0.438990182,0.40112202,105000,122300,58800,62100,117000,135000,3025
3026,chapel_hill_south_3026,11195,150,9000,265,25,1490,195,0,70,3050,0.785889786,0.010530011,0.631800632,0.018603019,0.001755002,0.104598105,0.013689014,0,0.004914005,0.214110214,20,0.018867925,0.2,9040,0.634608635,7975,0.55984556,2170,0.634502924,200,770,1230,860,510,625,0.047675805,0.183551847,0.293206198,0.205005959,0.121573302,0.148986889,1030,2045,750,185,185,0.245530393,0.487485101,0.178784267,0.044100119,0.044100119,3235,75,175,0.928263989,0.021520803,0.050215208,275,7740,6445,315,1890,250,3990,2460,965,175,0.034310667,0.965689333,0.80411728,0.03930131,0.23580786,0.031191516,0.497816594,0.306924517,0.120399251,0.021834061,4860,200,0.041152263,4145,3610,2240,1360,1,0.87092883,0.540410133,0.328106152,117000,127000,64500,69000,128000,137000,3026
3027,chapman_mills_3027,8895,265,4735,695,70,2700,370,0,60,3310,0.729098361,0.021721311,0.388114754,0.056967213,0.005737705,0.221311475,0.030327869,0,0.004918033,0.271311475,75,0.084745763,0.2,8235,0.674723474,3105,0.254403933,670,0.202416918,185,660,855,650,535,620,0.052857143,0.188571429,0.244285714,0.185714286,0.152857143,0.177142857,610,1500,920,285,180,0.174285714,0.428571429,0.262857143,0.081428571,0.051428571,2785,75,65,0.952136752,0.025641026,0.022222222,370,6285,5335,210,1405,215,3500,2050,945,170,0.055597295,0.944402705,0.801652893,0.031555222,0.211119459,0.032306536,0.525920361,0.308039068,0.141998497,0.025544703,3780,235,0.062169312,3275,2830,1955,875,1,0.864122137,0.596946565,0.267175573,103000,112700,59200,57600,115000,121200,3027
3028,city_view_3028,4300,110,2925,490,90,390,220,0,75,2025,0.680379747,0.017405063,0.462816456,0.077531646,0.014240506,0.061708861,0.034810127,0,0.011867089,0.320411392,60,0.244897959,0.3,5140,0.812648221,1550,0.245059289,260,0.261306533,115,295,490,385,385,620,0.050438596,0.129385965,0.214912281,0.168859649,0.168859649,0.271929825,615,880,470,120,195,0.269736842,0.385964912,0.206140351,0.052631579,0.085526316,1705,40,60,0.947222222,0.022222222,0.033333333,250,2945,2305,85,670,75,1475,945,420,25,0.078125,0.9203125,0.7203125,0.0265625,0.209375,0.0234375,0.4609375,0.2953125,0.13125,0.0078125,2375,55,0.023157895,1460,1190,580,615,1,0.815068493,0.397260274,0.421232877,80000,95900,46400,45800,96000,111500,3028
3029,civic_hospital_3029,3065,55,2645,85,130,125,0,0,25,2510,0.549775785,0.009865471,0.474439462,0.015246637,0.023318386,0.022421525,0,0,0.004484305,0.450224215,20,0.06557377,0.4,5145,0.922043011,2395,0.42921147,305,0.291866029,35,190,335,380,165,130,0.028340081,0.153846154,0.271255061,0.307692308,0.133603239,0.105263158,515,465,190,25,40,0.417004049,0.376518219,0.153846154,0.020242915,0.032388664,1045,40,40,0.924778761,0.03539823,0.03539823,55,3040,2745,50,330,25,2335,1145,855,175,0.017741935,0.980645161,0.885483871,0.016129032,0.106451613,0.008064516,0.753225806,0.369354839,0.275806452,0.056451613,2525,0,0,1535,1390,630,760,1,0.905537459,0.410423453,0.495114007,102000,132800,51600,61300,138000,167400,3029
3030,colonnade_business_park_3030,NA,NA,NA,NA,NA,NA,NA,NA,NA,NA,NA,NA,NA,NA,NA,NA,NA,NA,NA,NA,NA,NA,NA,NA,NA,NA,NA,NA,NA,NA,NA,NA,NA,NA,NA,NA,NA,NA,NA,NA,NA,NA,NA,NA,NA,NA,NA,NA,NA,NA,NA,NA,NA,NA,NA,NA,NA,NA,NA,NA,NA,NA,NA,NA,NA,NA,NA,NA,NA,NA,NA,NA,NA,NA,NA,NA,NA,NA,NA,NA,NA,NA,NA,NA,NA,NA,NA,NA,NA,NA,NA,NA,NA,NA,3030
3031,constance_bay_3031,1240,0,1230,0,0,0,0,0,10,955,0.563636364,0,0.559090909,0,0,0,0,0,0.004545455,0.434090909,0,0,0.3,2110,0.959090909,440,0.2,65,0.178082192,80,210,195,75,65,90,0.111111111,0.291666667,0.270833333,0.104166667,0.090277778,0.125,35,125,240,255,65,0.048611111,0.173611111,0.333333333,0.354166667,0.090277778,470,35,0,0.930693069,0.069306931,0,150,1140,810,110,390,30,285,210,60,0,0.11627907,0.88372093,0.627906977,0.085271318,0.302325581,0.023255814,0.220930233,0.162790698,0.046511628,0,980,30,0.030612245,665,560,235,315,1,0.842105263,0.353383459,0.473684211,89000,95000,47200,55600,109000,111800,3031
3032,convent_glen_orleans_woods_3032,10240,90,9335,100,40,625,0,0,50,4150,0.711111111,0.00625,0.648263889,0.006944444,0.002777778,0.043402778,0,0,0.003472222,0.288194444,40,0.047904192,0.2,10850,0.753472222,7245,0.503125,1555,0.55141844,275,710,1065,710,435,520,0.074123989,0.191374663,0.287061995,0.191374663,0.117250674,0.140161725,1045,1600,670,190,205,0.281671159,0.431266846,0.180592992,0.051212938,0.055256065,2965,65,105,0.945773525,0.020733652,0.033492823,400,6780,5440,325,1945,110,3055,1920,735,140,0.055749129,0.944947735,0.758188153,0.045296167,0.271080139,0.01533101,0.425783972,0.267595819,0.102439024,0.019512195,5870,175,0.029812606,4470,3700,1720,1980,1,0.827740492,0.384787472,0.44295302,93000,103400,50400,53150,108000,118800,3032
3033,corkery_3033,2625,0,2495,30,15,70,15,0,0,1200,0.68537859,0,0.651436031,0.007832898,0.003916449,0.018276762,0.003916449,0,0,0.313315927,0,0,0.3,3690,0.964705882,945,0.247058824,235,0.274853801,115,250,315,210,150,150,0.096638655,0.210084034,0.264705882,0.176470588,0.12605042,0.12605042,235,485,265,110,95,0.197478992,0.407563025,0.222689076,0.092436975,0.079831933,805,110,0,0.875,0.119565217,0,65,2100,1640,140,685,30,790,505,195,10,0.030023095,0.969976905,0.757505774,0.064665127,0.316397229,0.013856813,0.364896074,0.233256351,0.090069284,0.004618938,1275,70,0.054901961,1210,1100,595,510,1,0.909090909,0.491735537,0.421487603,124000,136800,38400,51000,131000,145200,3033
3034,craig_henry_manordale_3034,6075,65,3930,205,570,1200,35,0,70,2590,0.701096365,0.007501443,0.453548759,0.023658396,0.065781881,0.138488171,0.004039238,0,0.008078477,0.298903635,105,0.196261682,0.3,7105,0.819965378,2235,0.257934218,515,0.269633508,125,415,630,435,305,480,0.052410901,0.174004193,0.264150943,0.182389937,0.1278826,0.201257862,605,1025,550,120,80,0.253668763,0.429769392,0.230607966,0.050314465,0.033542977,1795,45,30,0.959893048,0.024064171,0.016042781,455,3835,2940,170,1040,70,1655,1070,415,80,0.106060606,0.893939394,0.685314685,0.03962704,0.242424242,0.016317016,0.385780886,0.249417249,0.096736597,0.018648019,3120,100,0.032051282,2335,1860,1000,865,1,0.796573876,0.428265525,0.370449679,90000,100300,50800,55800,103000,111400,3034
3035,crestview_tanglewood_3035,5740,120,4550,210,80,645,55,0,80,2535,0.69407497,0.014510278,0.550181378,0.025392987,0.009673519,0.077992745,0.006650544,0,0.009673519,0.306529625,50,0.113636364,0.2,7055,0.852567976,2190,0.264652568,390,0.251612903,150,415,580,615,365,400,0.059288538,0.164031621,0.229249012,0.243083004,0.144268775,0.158102767,695,1165,445,120,110,0.274703557,0.460474308,0.175889328,0.04743083,0.043478261,1930,35,40,0.962593516,0.017456359,0.019950125,365,4055,3015,190,1000,110,1715,1145,395,70,0.082672707,0.918459796,0.682899207,0.043035108,0.226500566,0.024915062,0.388448471,0.259343148,0.089467724,0.01585504,3150,60,0.019047619,2150,1790,905,895,1,0.83255814,0.420930233,0.41627907,88000,94600,48400,51200,101000,108200,3035
3036,crystal_bay_lakeview_park_3036,2425,0,2100,30,105,180,10,0,0,1530,0.611601513,0,0.5296343,0.007566204,0.026481715,0.045397226,0.002522068,0,0,0.385876419,0,0,0.3,3645,0.919293821,1380,0.348045397,170,0.244604317,45,115,215,265,160,90,0.050561798,0.129213483,0.241573034,0.297752809,0.179775281,0.101123596,245,405,150,70,15,0.275280899,0.45505618,0.168539326,0.078651685,0.016853933,730,20,10,0.960526316,0.026315789,0.013157895,110,1925,1700,60,430,50,1170,635,370,105,0.054054054,0.945945946,0.835380835,0.029484029,0.211302211,0.024570025,0.574938575,0.312039312,0.181818182,0.051597052,1615,45,0.027863777,1215,1075,475,600,1,0.884773663,0.390946502,0.49382716,108000,120400,57600,69200,121000,134800,3036
3037,cumberland_3037,3295,0,3195,0,25,55,0,0,20,1115,0.748013621,0,0.725312145,0,0.005675369,0.012485812,0,0,0.004540295,0.253121453,0,0,0.3,3025,0.685941043,2635,0.597505669,550,0.674846626,110,220,435,305,115,165,0.081481481,0.162962963,0.322222222,0.225925926,0.085185185,0.122222222,230,535,460,85,45,0.17037037,0.396296296,0.340740741,0.062962963,0.033333333,945,80,35,0.891509434,0.075471698,0.033018868,130,2215,1735,145,690,60,840,545,190,35,0.055319149,0.942553191,0.738297872,0.061702128,0.293617021,0.025531915,0.357446809,0.231914894,0.080851064,0.014893617,1615,80,0.049535604,1425,1280,615,665,1,0.898245614,0.431578947,0.466666667,125000,130200,48000,58800,135000,141600,3037
3038,dunrobin_3038,3505,20,3150,55,35,130,70,15,30,2250,0.608506944,0.003472222,0.546875,0.009548611,0.006076389,0.022569444,0.012152778,0.002604167,0.005208333,0.390625,0,0,0.3,5195,0.901909722,1605,0.278645833,330,0.2578125,80,240,455,285,230,155,0.055555556,0.166666667,0.315972222,0.197916667,0.159722222,0.107638889,220,585,395,180,70,0.152777778,0.40625,0.274305556,0.125,0.048611111,1040,60,20,0.924444444,0.053333333,0.017777778,110,2910,2360,125,815,80,1340,810,365,25,0.036423841,0.963576159,0.781456954,0.041390728,0.26986755,0.026490066,0.443708609,0.268211921,0.120860927,0.008278146,2015,75,0.037220844,1755,1680,900,780,1,0.957264957,0.512820513,0.444444444,123000,141000,49200,56800,134000,154000,3038
3039,edwards_carlsbad_springs_3039,2070,0,1950,0,0,70,0,0,50,870,0.700507614,0,0.659898477,0,0,0.023688663,0,0,0.016920474,0.294416244,0,0,0.2,2440,0.827118644,1255,0.425423729,280,0.577319588,120,245,325,170,65,120,0.115384615,0.235576923,0.3125,0.163461538,0.0625,0.115384615,200,550,235,45,15,0.192307692,0.528846154,0.225961538,0.043269231,0.014423077,660,40,15,0.923076923,0.055944056,0.020979021,220,1440,965,120,495,55,300,195,55,0,0.13253012,0.86746988,0.581325301,0.072289157,0.298192771,0.03313253,0.180722892,0.11746988,0.03313253,0,1215,45,0.037037037,925,790,355,435,1,0.854054054,0.383783784,0.47027027,86000,95800,37600,45600,99000,109000,3039
3040,elmvale_canterbury_3040,5740,35,4815,30,45,745,0,0,70,2430,0.702140673,0.004281346,0.588990826,0.003669725,0.005504587,0.091131498,0,0,0.008562691,0.297247706,55,0.115789474,0.3,6690,0.818348624,3115,0.381039755,560,0.379661017,190,320,555,470,340,285,0.087962963,0.148148148,0.256944444,0.217592593,0.157407407,0.131944444,680,925,380,105,70,0.314814815,0.428240741,0.175925926,0.048611111,0.032407407,1800,40,30,0.965147453,0.021447721,0.016085791,325,4170,3340,210,1075,80,1980,1185,515,135,0.072302558,0.927697442,0.743047831,0.046718576,0.239154616,0.017797553,0.440489433,0.263626251,0.114571746,0.03003337,3590,45,0.012534819,2345,1930,915,1020,1,0.823027719,0.390191898,0.434968017,78500,90000,42000,48300,100000,108000,3040
3041,emerald_woods_sawmill_creek_3041,4620,30,2310,60,45,2105,60,0,10,985,0.823529412,0.005347594,0.411764706,0.010695187,0.00802139,0.375222816,0.010695187,0,0.001782531,0.175579323,200,0.481927711,0.3,3860,0.688057041,1435,0.255793226,305,0.24015748,85,275,360,270,195,275,0.058020478,0.187713311,0.245733788,0.184300341,0.133105802,0.187713311,415,655,230,85,80,0.283276451,0.447098976,0.156996587,0.058020478,0.054607509,1075,40,30,0.934782609,0.034782609,0.026086957,440,2340,1700,80,520,90,1010,635,265,35,0.157989228,0.84021544,0.610412926,0.028725314,0.186714542,0.032315978,0.362657092,0.228007181,0.095152603,0.012567325,2090,50,0.023923445,1430,1130,620,505,1,0.79020979,0.433566434,0.353146853,67500,76500,38400,43200,81000,89800,3041
3042,experimental_farm_3042,NA,NA,NA,NA,NA,NA,NA,NA,NA,NA,NA,NA,NA,NA,NA,NA,NA,NA,NA,NA,NA,NA,NA,NA,NA,NA,NA,NA,NA,NA,NA,NA,NA,NA,NA,NA,NA,NA,NA,NA,NA,NA,NA,NA,NA,NA,NA,NA,NA,NA,NA,NA,NA,NA,NA,NA,NA,NA,NA,NA,NA,NA,NA,NA,NA,NA,NA,NA,NA,NA,NA,NA,NA,NA,NA,NA,NA,NA,NA,NA,NA,NA,NA,NA,NA,NA,NA,NA,NA,NA,NA,NA,NA,NA,3042
3043,fallingbrook_3043,13710,115,12060,175,65,1150,25,0,120,4320,0.760399334,0.006378258,0.668885191,0.009706045,0.003605103,0.063782585,0.001386578,0,0.006655574,0.239600666,45,0.045226131,0.2,13015,0.721852468,9545,0.529395452,2025,0.530104712,250,1060,1345,1000,585,865,0.049067713,0.208047105,0.263984298,0.196270854,0.114818449,0.169774289,1205,1950,1265,340,335,0.236506379,0.382728165,0.24828263,0.06673209,0.065750736,4000,120,200,0.925925926,0.027777778,0.046296296,415,9475,7295,465,2495,190,4150,2780,955,115,0.041961577,0.958038423,0.737613751,0.047017189,0.252275025,0.019211325,0.419615774,0.281092012,0.096562184,0.011627907,6465,205,0.031709203,5455,4675,2610,2065,1,0.857011916,0.478460128,0.378551787,109000,118200,56800,59300,118000,129000,3043
3044,findlay_creek_3044,11410,250,6210,555,40,3990,245,0,120,2825,0.801264045,0.01755618,0.436095506,0.038974719,0.002808989,0.280196629,0.017205056,0,0.008426966,0.198384831,75,0.056603774,0.3,10670,0.749297753,4865,0.341643258,1440,0.345738295,155,750,1115,910,550,560,0.038366337,0.185643564,0.275990099,0.225247525,0.136138614,0.138613861,855,2090,810,140,150,0.211633663,0.517326733,0.20049505,0.034653465,0.037128713,3295,80,65,0.959243086,0.023289665,0.018922853,515,7285,6070,250,1590,185,4040,2535,1000,160,0.065983344,0.933376041,0.777706598,0.03203075,0.203715567,0.023702755,0.517616912,0.3247918,0.128122998,0.02049968,4390,235,0.053530752,3790,3280,2340,945,1,0.865435356,0.617414248,0.249340369,111000,118800,65000,65200,121000,127500,3044
3045,fisher_heights_3045,3040,90,2265,110,45,485,35,0,10,1335,0.694063927,0.020547945,0.517123288,0.025114155,0.010273973,0.110730594,0.007990868,0,0.002283105,0.304794521,85,0.265625,0.3,3695,0.843607306,1280,0.292237443,215,0.251461988,45,175,295,245,205,220,0.037974684,0.147679325,0.248945148,0.206751055,0.172995781,0.185654008,350,590,170,40,40,0.29535865,0.497890295,0.143459916,0.033755274,0.033755274,975,15,25,0.960591133,0.014778325,0.024630542,160,2125,1705,65,440,40,1155,725,280,85,0.070175439,0.932017544,0.747807018,0.028508772,0.192982456,0.01754386,0.506578947,0.317982456,0.122807018,0.037280702,1710,55,0.032163743,1195,1020,510,520,1,0.853556485,0.426778243,0.435146444,91000,102100,52400,63000,107000,114800,3045
3046,fitzroy_3046,2350,20,2275,0,20,0,0,0,35,1635,0.589711418,0.005018821,0.570890841,0,0.005018821,0,0,0,0.008782936,0.410288582,0,0,0.3,3925,0.986180905,880,0.221105528,140,0.197183099,170,410,325,230,80,125,0.126394052,0.304832714,0.241635688,0.171003717,0.059479554,0.092936803,205,295,470,260,115,0.152416357,0.219330855,0.349442379,0.19330855,0.085501859,930,195,10,0.81938326,0.171806167,0.008810573,150,2015,1390,170,680,45,505,365,80,20,0.069284065,0.930715935,0.642032333,0.07852194,0.31408776,0.020785219,0.233256351,0.168591224,0.036951501,0.009237875,1595,50,0.031347962,1300,1165,510,660,1,0.896153846,0.392307692,0.507692308,95000,114800,42800,45200,110000,130400,3046
3047,glebe_dows_lake_3047,6630,115,5640,50,375,245,35,10,160,6615,0.500377358,0.008679245,0.425660377,0.003773585,0.028301887,0.018490566,0.002641509,7.55E-04,0.012075472,0.499245283,20,0.041237113,0.3,12110,0.913617503,6115,0.461335345,565,0.279012346,95,295,840,1040,570,390,0.029320988,0.091049383,0.259259259,0.320987654,0.175925926,0.12037037,1280,1325,350,185,105,0.395061728,0.408950617,0.108024691,0.057098765,0.032407407,2715,60,145,0.929794521,0.020547945,0.049657534,160,6990,6430,125,785,55,5460,2800,1790,415,0.022393282,0.978306508,0.899930021,0.017494752,0.10986704,0.007697691,0.764170749,0.391882435,0.250524843,0.058082575,6425,40,0.006225681,3465,3075,1330,1755,1,0.887445887,0.383838384,0.506493506,89000,117400,53200,62650,128000,151800,3047
3048,glen_cairn_3048,8070,120,6575,290,40,910,85,0,50,4205,0.657969833,0.009783938,0.536078272,0.023644517,0.003261313,0.074194863,0.006930289,0,0.004076641,0.342845495,50,0.049751244,0.2,10715,0.873268134,2895,0.23594132,765,0.265164645,200,745,1000,685,430,585,0.054794521,0.204109589,0.273972603,0.187671233,0.117808219,0.160273973,1145,1455,685,180,175,0.31369863,0.398630137,0.187671233,0.049315068,0.047945205,2980,80,25,0.964401294,0.025889968,0.008090615,365,6545,5170,310,2085,125,2645,1815,555,95,0.052860246,0.947863867,0.748732802,0.044895004,0.301955105,0.018102824,0.383055757,0.262853005,0.080376539,0.013758146,4670,135,0.028907923,3640,3020,1695,1325,1,0.82967033,0.465659341,0.364010989,93000,97700,53200,56100,103000,108400,3048
3049,greely_3049,7555,35,6925,110,60,330,65,0,30,2990,0.716793169,0.003320683,0.657020873,0.010436433,0.0056926,0.031309298,0.006166983,0,0.0028463,0.283681214,0,0,0.3,9430,0.894686907,3750,0.355787476,795,0.326488706,220,620,960,585,350,370,0.071082391,0.200323102,0.310177706,0.18901454,0.113085622,0.119547658,640,1160,1000,195,100,0.206785137,0.374798061,0.323101777,0.063004847,0.032310178,2385,135,55,0.926213592,0.052427184,0.021359223,360,5375,4325,325,1395,145,2465,1465,655,105,0.06271777,0.93641115,0.753484321,0.056620209,0.243031359,0.025261324,0.429442509,0.255226481,0.114111498,0.018292683,3585,145,0.040446304,3230,2940,1650,1290,1,0.910216718,0.510835913,0.399380805,128000,139000,45200,53200,137000,150400,3049
3050,greenbelt_east_3050,145,0,145,0,0,0,0,0,0,120,0.537037037,0,0.537037037,0,0,0,0,0,0,0.444444444,0,NA,0.3,245,0.907407407,60,0.222222222,15,0.375,0,20,20,15,15,0,0,0.25,0.25,0.1875,0.1875,0,10,35,25,10,0,0.125,0.4375,0.3125,0.125,0,30,0,0,0.857142857,0,0,40,130,85,10,30,0,45,40,0,0,0.242424242,0.787878788,0.515151515,0.060606061,0.181818182,0,0.272727273,0.242424242,0,0,110,0,0,75,75,35,45,1,1,0.466666667,0.6,71000,79000,NA,36000,80000,88000,3050
3051,greenbelt_west_3051,70,0,70,0,0,0,0,0,0,60,0.466666667,0,0.466666667,0,0,0,0,0,0,0.4,NA,NA,NA,100,0.689655172,15,0.103448276,0,0,0,10,10,0,0,0,0,0.333333333,0.333333333,0,0,0,0,15,15,0,0,0,0.5,0.5,0,0,20,0,0,1,0,0,30,65,30,15,10,0,10,0,0,0,0.315789474,0.684210526,0.315789474,0.157894737,0.105263158,0,0.105263158,0,0,0,55,10,0.181818182,40,30,20,0,1,0.75,0.5,0,NA,NA,NA,NA,NA,NA,3051
3052,greenboro_east_3052,4865,55,3200,55,50,1470,35,0,0,1305,0.787854251,0.008906883,0.518218623,0.008906883,0.008097166,0.23805668,0.005668016,0,0,0.211336032,80,0.213333333,0.3,4580,0.741700405,2105,0.340890688,440,0.35059761,80,285,515,405,285,375,0.041131105,0.146529563,0.264781491,0.208226221,0.146529563,0.192802057,575,910,345,55,55,0.29562982,0.467866324,0.177377892,0.028277635,0.028277635,1580,30,20,0.966360856,0.018348624,0.012232416,295,3195,2520,105,750,90,1565,1015,350,80,0.084648494,0.916786227,0.723098996,0.030129125,0.215208034,0.025824964,0.449067432,0.291248207,0.100430416,0.022955524,2245,115,0.051224944,1675,1315,820,495,1,0.785074627,0.489552239,0.295522388,89000,99000,49200,50800,109000,114800,3052
3053,greenboro_west_3053,4030,45,2555,55,35,1285,30,0,25,1415,0.740128558,0.008264463,0.469237833,0.01010101,0.006427916,0.235996327,0.005509642,0,0.004591368,0.259871442,25,0.083333333,0.3,4055,0.744719927,1790,0.328741965,330,0.277310924,55,220,385,355,205,345,0.035031847,0.140127389,0.24522293,0.22611465,0.130573248,0.219745223,390,730,265,110,65,0.248407643,0.464968153,0.168789809,0.070063694,0.041401274,1270,15,40,0.958490566,0.011320755,0.030188679,275,2670,2010,80,615,90,1230,805,255,50,0.093378608,0.906621392,0.682512733,0.027164686,0.208828523,0.030560272,0.417657046,0.273344652,0.086587436,0.016977929,1960,75,0.038265306,1540,1090,635,460,1,0.707792208,0.412337662,0.298701299,89000,94800,54400,60200,97000,102300,3053
3054,hawthorn_meadows_sheffield_glen_3054,5265,75,3800,95,20,1215,30,0,30,1495,0.77827051,0.011086475,0.561714708,0.014042868,0.002956393,0.179600887,0.00443459,0,0.00443459,0.220990392,120,0.242424242,0.3,4735,0.69992609,2305,0.340724316,660,0.476534296,165,385,585,385,240,515,0.072687225,0.169603524,0.257709251,0.169603524,0.105726872,0.226872247,665,920,415,110,155,0.292951542,0.405286344,0.182819383,0.04845815,0.068281938,1835,35,15,0.973474801,0.018567639,0.00795756,645,3220,2350,190,955,95,1105,695,260,70,0.166882277,0.833117723,0.608020699,0.04915912,0.247089263,0.02457956,0.285899094,0.179818887,0.067270375,0.018111255,2920,70,0.023972603,1600,1195,650,545,1,0.746875,0.40625,0.340625,60800,68600,33200,36800,83000,89500,3054
3055,hintonburg_mechanicsville_3055,5175,105,4280,130,180,345,30,15,90,5555,0.482517483,0.00979021,0.399067599,0.012121212,0.016783217,0.032167832,0.002797203,0.001398601,0.008391608,0.517948718,60,0.12,0.3,9540,0.88951049,4505,0.42004662,480,0.338028169,120,430,655,820,380,340,0.043636364,0.156363636,0.238181818,0.298181818,0.138181818,0.123636364,815,1285,400,120,125,0.296363636,0.467272727,0.145454545,0.043636364,0.045454545,2270,30,100,0.945833333,0.0125,0.041666667,325,6775,5825,190,1025,100,4510,2470,1570,215,0.045774648,0.954225352,0.820422535,0.026760563,0.144366197,0.014084507,0.635211268,0.347887324,0.221126761,0.03028169,6215,20,0.003218021,2570,2170,710,1465,1,0.844357977,0.276264591,0.570038911,67500,80400,46800,51000,100000,112600,3055
3056,hunt_club_park_3056,7045,140,4075,105,55,2510,75,0,85,1470,0.827849589,0.016451234,0.478848414,0.012338425,0.006462985,0.294947121,0.008813161,0,0.009988249,0.172737955,95,0.182692308,0.3,6300,0.739870816,2980,0.34997064,730,0.415954416,90,420,590,610,375,395,0.036290323,0.169354839,0.237903226,0.245967742,0.151209677,0.159274194,685,1230,410,100,55,0.276209677,0.495967742,0.165322581,0.040322581,0.022177419,1990,60,45,0.949880668,0.028639618,0.021479714,420,4085,3085,180,925,130,1860,1245,380,80,0.093126386,0.905764967,0.684035477,0.039911308,0.205099778,0.028824834,0.412416851,0.276053215,0.084257206,0.017738359,2940,135,0.045918367,2365,1760,1070,685,1,0.744186047,0.45243129,0.289640592,91000,103200,54400,56400,104000,114200,3056
3057,industrial_east_3057,NA,NA,NA,NA,NA,NA,NA,NA,NA,NA,NA,NA,NA,NA,NA,NA,NA,NA,NA,NA,NA,NA,NA,NA,NA,NA,NA,NA,NA,NA,NA,NA,NA,NA,NA,NA,NA,NA,NA,NA,NA,NA,NA,NA,NA,NA,NA,NA,NA,NA,NA,NA,NA,NA,NA,NA,NA,NA,NA,NA,NA,NA,NA,NA,NA,NA,NA,NA,NA,NA,NA,NA,NA,NA,NA,NA,NA,NA,NA,NA,NA,NA,NA,NA,NA,NA,NA,NA,NA,NA,NA,NA,NA,NA,3057
3058,iris_3058,3690,85,2855,205,25,385,80,0,55,1985,0.648506151,0.014938489,0.501757469,0.03602812,0.004393673,0.067662566,0.014059754,0,0.009666081,0.348857645,50,0.166666667,0.3,4645,0.817062445,1505,0.26473175,305,0.337016575,95,360,450,380,360,340,0.047979798,0.181818182,0.227272727,0.191919192,0.181818182,0.171717172,560,940,310,90,75,0.282828283,0.474747475,0.156565657,0.045454545,0.037878788,1520,30,50,0.947040498,0.018691589,0.031152648,245,2890,2290,140,885,60,1200,745,345,40,0.078025478,0.920382166,0.729299363,0.044585987,0.281847134,0.01910828,0.382165605,0.237261146,0.109872611,0.012738854,2510,25,0.009960159,1440,1140,480,655,1,0.791666667,0.333333333,0.454861111,70500,81500,43600,46900,89000,97500,3058
3059,island_park_wellington_village_3059,2940,35,2530,15,170,95,0,0,95,2505,0.538955087,0.006416132,0.463794684,0.002749771,0.03116407,0.017415215,0,0,0.017415215,0.459211732,0,0,0.4,5100,0.934065934,2550,0.467032967,265,0.224576271,20,95,285,340,145,145,0.019417476,0.09223301,0.276699029,0.330097087,0.140776699,0.140776699,340,485,140,35,30,0.330097087,0.470873786,0.13592233,0.033980583,0.029126214,890,30,25,0.941798942,0.031746032,0.026455026,55,2880,2635,20,310,25,2285,1080,820,185,0.018739353,0.981260647,0.897785349,0.00681431,0.105621806,0.008517888,0.778534923,0.367972743,0.279386712,0.063032368,2240,30,0.013392857,1550,1465,810,660,1,0.94516129,0.522580645,0.425806452,120000,169200,56800,61800,157000,210800,3059
3060,kanata_lakes_3060,11610,375,7970,845,240,1920,130,0,130,7775,0.598762249,0.019339866,0.411036617,0.043579165,0.012377514,0.099020113,0.006704487,0,0.006704487,0.400979887,85,0.101190476,0.3,13595,0.701134605,5305,0.273594636,760,0.174913694,110,455,995,1210,680,490,0.027918782,0.115482234,0.252538071,0.307106599,0.172588832,0.124365482,1375,1480,625,230,225,0.348984772,0.375634518,0.158629442,0.058375635,0.057106599,3255,115,80,0.943478261,0.033333333,0.023188406,205,9620,8690,150,1285,235,7015,3565,2435,530,0.02086514,0.97913486,0.884478372,0.015267176,0.130788804,0.023918575,0.713994911,0.362849873,0.24783715,0.05394402,7305,285,0.039014374,5670,5115,2970,2145,1,0.902116402,0.523809524,0.378306878,108000,124100,60800,63650,127000,142200,3060
3061,katimavik_hazeldean_3061,7085,150,6035,215,60,520,40,0,65,4055,0.635996409,0.013464991,0.541741472,0.01929982,0.005385996,0.046678636,0.003590664,0,0.005834829,0.364003591,40,0.059259259,0.2,9755,0.876066457,2965,0.266277503,510,0.219354839,115,580,785,640,375,520,0.03814262,0.192371476,0.260364842,0.212271973,0.124378109,0.172470978,1155,1105,535,125,90,0.383084577,0.366500829,0.177446103,0.04145937,0.029850746,2515,80,60,0.947269303,0.030131827,0.02259887,345,5720,4745,235,1760,110,2645,1715,665,95,0.056883759,0.943116241,0.782357791,0.038746908,0.290189613,0.018136851,0.436108821,0.282769992,0.109645507,0.015663644,4335,110,0.025374856,3395,2835,1490,1350,1,0.835051546,0.438880707,0.397643594,94000,104300,52000,53700,105000,117400,3061
3062,kinburn_3062,1875,10,1780,0,10,45,0,0,30,810,0.698324022,0.003724395,0.662942272,0,0.003724395,0.016759777,0,0,0.011173184,0.301675978,0,0,0.2,2655,0.988826816,690,0.25698324,130,0.224137931,120,285,270,185,65,70,0.120603015,0.286432161,0.271356784,0.185929648,0.065326633,0.070351759,195,360,285,120,30,0.195979899,0.361809045,0.286432161,0.120603015,0.030150754,680,110,10,0.85,0.1375,0.0125,95,1375,1045,105,500,30,410,260,115,0,0.06440678,0.93220339,0.708474576,0.071186441,0.338983051,0.020338983,0.277966102,0.176271186,0.077966102,0,970,10,0.010309278,805,750,435,315,1,0.931677019,0.540372671,0.391304348,108000,112000,41200,54000,118000,122200,3062
3063,laurentian_3063,6465,60,5470,145,415,280,0,0,95,4470,0.590680676,0.005481955,0.499771585,0.013248058,0.037916857,0.025582458,0,0,0.008679762,0.408405665,55,0.106796117,0.3,9930,0.907263591,4310,0.393787117,475,0.209251101,100,305,580,670,355,360,0.042283298,0.128964059,0.245243129,0.283298097,0.150105708,0.152219873,815,985,395,80,90,0.344608879,0.416490486,0.167019027,0.033826638,0.038054968,1920,35,100,0.932038835,0.016990291,0.048543689,190,5495,4855,135,835,65,3820,1960,1310,210,0.033421284,0.966578716,0.854001759,0.023746702,0.146877748,0.011433597,0.671943712,0.344766931,0.230430959,0.036939314,4800,70,0.014583333,3130,2650,1360,1295,1,0.846645367,0.434504792,0.413738019,92000,116200,47200,53650,126000,145600,3063
NA,NA,NA,NA,NA,NA,NA,NA,NA,NA,NA,NA,NA,NA,NA,NA,NA,NA,NA,NA,NA,NA,NA,NA,NA,NA,NA,NA,NA,NA,NA,NA,NA,NA,NA,NA,NA,NA,NA,NA,NA,NA,NA,NA,NA,NA,NA,NA,NA,NA,NA,NA,NA,NA,NA,NA,NA,NA,NA,NA,NA,NA,NA,NA,NA,NA,NA,NA,NA,NA,NA,NA,NA,NA,NA,NA,NA,NA,NA,NA,NA,NA,NA,NA,NA,NA,NA,NA,NA,NA,NA,NA,NA,NA,NA,NA,NA
3065,ledbury_heron_gate_ridgemont_3065,11320,175,6290,235,20,4455,30,0,115,2680,0.808571429,0.0125,0.449285714,0.016785714,0.001428571,0.318214286,0.002142857,0,0.008214286,0.191428571,435,0.348,0.3,8965,0.640585924,3695,0.264022865,1320,0.362139918,205,610,1010,755,465,1125,0.049160671,0.146282974,0.242206235,0.181055156,0.111510791,0.269784173,1125,1710,715,315,305,0.269784173,0.410071942,0.17146283,0.075539568,0.073141487,3250,50,70,0.964391691,0.014836795,0.020771513,1490,5875,4290,410,1470,215,2195,1370,555,65,0.202308215,0.797691785,0.582484725,0.055668703,0.199592668,0.029192125,0.298031229,0.186014936,0.075356415,0.008825526,5525,100,0.018099548,3205,2085,1295,795,1,0.650546022,0.404056162,0.248049922,56400,63900,32400,38160,70500,77200,3065
3066,leslie_park_bruce_farm_3066,1790,55,1460,40,70,130,0,0,35,1135,0.613013699,0.018835616,0.5,0.01369863,0.023972603,0.044520548,0,0,0.011986301,0.38869863,0,0,0.3,2480,0.849315068,965,0.330479452,125,0.263157895,65,140,185,185,135,105,0.079268293,0.170731707,0.225609756,0.225609756,0.164634146,0.12804878,180,410,130,40,50,0.219512195,0.5,0.158536585,0.048780488,0.06097561,635,10,0,0.976923077,0.015384615,0,50,1615,1325,55,410,60,805,535,170,25,0.02994012,0.967065868,0.793413174,0.032934132,0.245508982,0.035928144,0.482035928,0.320359281,0.101796407,0.01497006,1355,15,0.011070111,820,640,275,360,1,0.780487805,0.335365854,0.43902439,84000,91400,53600,61400,96000,106600,3066
3067,lowertown_east_3067,4505,25,3460,60,105,730,10,0,115,2260,0.665927568,0.003695492,0.511456024,0.00886918,0.015521064,0.107908352,0.001478197,0,0.016999261,0.334072432,95,0.220930233,0.3,4510,0.666666667,3105,0.458980044,820,0.648221344,30,190,340,305,265,395,0.019607843,0.124183007,0.222222222,0.199346405,0.173202614,0.258169935,365,750,215,100,100,0.238562092,0.490196078,0.140522876,0.065359477,0.065359477,1235,0,40,0.96484375,0,0.03125,445,3130,2535,165,590,90,1690,925,520,90,0.124475524,0.875524476,0.709090909,0.046153846,0.165034965,0.025174825,0.472727273,0.258741259,0.145454545,0.025174825,3630,40,0.011019284,1420,970,395,585,1,0.683098592,0.278169014,0.411971831,49200,61050,29200,39680,76500,85700,3067
3068,lowertown_west_3068,2900,40,2330,75,75,290,45,10,35,2420,0.545625588,0.00752587,0.438381938,0.014111007,0.014111007,0.054562559,0.008466604,0.001881468,0.006585136,0.455315146,0,0,0.3,4240,0.797742239,2540,0.477892756,125,0.531914894,75,200,390,305,270,255,0.049833887,0.132890365,0.259136213,0.202657807,0.179401993,0.169435216,455,645,250,80,80,0.302325581,0.428571429,0.166112957,0.053156146,0.053156146,1235,20,70,0.932075472,0.01509434,0.052830189,145,3380,2975,90,535,50,2295,1155,840,170,0.041076487,0.957507082,0.842776204,0.025495751,0.151558074,0.014164306,0.650141643,0.327195467,0.23796034,0.04815864,3475,0,0,1215,1050,150,900,1,0.864197531,0.12345679,0.740740741,64500,76400,51600,54350,96000,106000,3068
3069,manor_park_3069,5750,40,5025,40,50,520,0,10,65,2390,0.705521472,0.004907975,0.616564417,0.004907975,0.006134969,0.063803681,0,0.001226994,0.00797546,0.293251534,65,0.168831169,0.3,5365,0.658282209,4095,0.502453988,705,0.552941176,120,390,490,465,300,325,0.057416268,0.186602871,0.234449761,0.222488038,0.14354067,0.155502392,580,935,345,100,130,0.277511962,0.447368421,0.16507177,0.04784689,0.062200957,1665,30,70,0.940677966,0.016949153,0.039548023,430,3965,3210,195,820,70,2130,1230,625,115,0.097727273,0.901136364,0.729545455,0.044318182,0.186363636,0.015909091,0.484090909,0.279545455,0.142045455,0.026136364,4250,10,0.002352941,2225,1735,720,1015,1,0.779775281,0.323595506,0.456179775,64000,78100,43600,47880,83000,101100,3069
3070,manotick_3070,7290,40,6755,135,55,245,0,0,60,3050,0.702989392,0.003857281,0.651398264,0.013018322,0.005303761,0.023625844,0,0,0.005785921,0.294117647,40,0.082474227,0.3,9640,0.929156627,3375,0.325301205,645,0.297235023,115,485,805,630,310,220,0.044921875,0.189453125,0.314453125,0.24609375,0.12109375,0.0859375,625,895,800,155,85,0.244140625,0.349609375,0.3125,0.060546875,0.033203125,2025,150,10,0.926773455,0.068649886,0.004576659,165,4940,4150,170,1100,150,2725,1695,655,160,0.032352941,0.968627451,0.81372549,0.033333333,0.215686275,0.029411765,0.534313725,0.332352941,0.128431373,0.031372549,3820,130,0.034031414,3260,3005,1545,1460,1,0.921779141,0.47392638,0.447852761,128000,152200,55200,72400,140000,167200,3070
3071,marlborough_3071,1545,10,1510,0,0,0,0,10,15,715,0.685144124,0.00443459,0.66962306,0,0,0,0,0.00443459,0.006651885,0.317073171,0,0,0.3,2205,0.977827051,550,0.243902439,115,0.244680851,70,215,230,145,50,95,0.086956522,0.267080745,0.285714286,0.180124224,0.062111801,0.118012422,90,205,285,150,70,0.111801242,0.254658385,0.354037267,0.186335404,0.086956522,465,125,0,0.788135593,0.211864407,0,80,1140,865,95,395,35,340,220,85,10,0.06557377,0.93442623,0.709016393,0.077868852,0.323770492,0.028688525,0.278688525,0.180327869,0.069672131,0.008196721,840,35,0.041666667,705,620,300,325,1,0.879432624,0.425531915,0.460992908,101000,113600,54000,54000,115000,124400,3071
3072,merivale_gardens_grenfell_glen_pineglen_country_place_3072,2055,35,1875,0,40,60,20,0,25,885,0.696610169,0.011864407,0.63559322,0,0.013559322,0.020338983,0.006779661,0,0.008474576,0.3,0,0,0.3,2665,0.903389831,1075,0.36440678,130,0.270833333,35,85,205,245,70,60,0.04964539,0.120567376,0.290780142,0.34751773,0.09929078,0.085106383,215,290,150,35,15,0.304964539,0.411347518,0.212765957,0.04964539,0.021276596,525,10,10,0.972222222,0.018518519,0.018518519,55,1285,1090,45,255,35,745,475,185,40,0.041044776,0.958955224,0.813432836,0.03358209,0.190298507,0.026119403,0.555970149,0.354477612,0.138059701,0.029850746,1140,15,0.013157895,930,835,390,450,1,0.897849462,0.419354839,0.483870968,130000,141600,58000,79500,146000,154800,3072
3073,metcalfe_3073,4135,0,4090,10,0,35,0,0,0,1700,0.707442258,0,0.69974337,0.001710864,0,0.005988024,0,0,0,0.290846878,0,0,0.2,5515,0.944349315,1930,0.330479452,475,0.358490566,190,590,600,345,150,205,0.091127098,0.282973621,0.287769784,0.165467626,0.071942446,0.098321343,490,725,650,160,55,0.23501199,0.347721823,0.3117506,0.076738609,0.026378897,1435,210,30,0.856716418,0.125373134,0.017910448,235,3035,2240,225,1065,80,865,600,165,25,0.07208589,0.930981595,0.687116564,0.069018405,0.326687117,0.024539877,0.265337423,0.18404908,0.050613497,0.007668712,2135,50,0.023419204,1810,1635,840,795,1,0.903314917,0.464088398,0.439226519,108000,116200,51200,54800,118000,126900,3073
3075,munster_ashton_3075,2410,0,2385,0,15,0,0,0,10,1460,0.61715749,0,0.610755442,0,0.003841229,0,0,0,0.002560819,0.373879641,20,0.097560976,0.3,3820,0.978233035,940,0.240717029,160,0.203821656,90,320,395,215,100,125,0.072289157,0.257028112,0.317269076,0.172690763,0.080321285,0.100401606,200,475,390,130,50,0.16064257,0.381526104,0.313253012,0.104417671,0.040160643,815,125,0,0.867021277,0.132978723,0,120,1950,1520,135,695,20,675,505,100,25,0.057831325,0.939759036,0.73253012,0.065060241,0.334939759,0.009638554,0.325301205,0.243373494,0.048192771,0.012048193,1460,40,0.02739726,1240,1140,575,575,1,0.919354839,0.463709677,0.463709677,106000,119900,54000,65000,118000,130400,3075
3074,richmond_3074,5885,65,5640,35,30,75,0,0,40,2605,0.693168433,0.007656066,0.664310954,0.004122497,0.003533569,0.008833922,0,0,0.004711425,0.306831567,0,0,0.3,8225,0.96935769,2160,0.254566883,390,0.191176471,195,595,765,495,205,325,0.075728155,0.231067961,0.297087379,0.19223301,0.07961165,0.126213592,505,1035,725,195,115,0.196116505,0.401941748,0.281553398,0.075728155,0.044660194,1880,135,35,0.914841849,0.065693431,0.01703163,235,4125,3380,235,1440,75,1630,1165,315,45,0.053837342,0.945017182,0.774341352,0.053837342,0.329896907,0.017182131,0.373424971,0.266895762,0.072164948,0.010309278,3155,80,0.025356577,2565,2310,1235,1075,1,0.900584795,0.481481481,0.419103314,109000,125300,45200,51200,122000,141400,3074
3076,navan_sarsfield_3076,2435,0,2415,0,0,20,0,0,0,525,0.815745394,0,0.809045226,0,0,0.006700168,0,0,0,0.175879397,0,0,0.3,2000,0.668896321,1855,0.620401338,435,0.659090909,95,305,325,100,80,125,0.09223301,0.296116505,0.315533981,0.097087379,0.077669903,0.121359223,190,400,290,105,40,0.184466019,0.388349515,0.281553398,0.101941748,0.038834951,715,60,30,0.888198758,0.074534161,0.037267081,135,1445,1000,105,390,15,500,350,105,0,0.085443038,0.914556962,0.632911392,0.066455696,0.246835443,0.009493671,0.316455696,0.221518987,0.066455696,0,1085,40,0.036866359,910,850,395,450,1,0.934065934,0.434065934,0.494505495,106000,113400,41600,46800,116000,128000,3076
3077,new_edinburgh_3077,2860,35,2515,25,130,110,0,0,45,2415,0.541666667,0.006628788,0.476325758,0.004734848,0.024621212,0.020833333,0,0,0.008522727,0.457386364,35,0.162790698,0.3,4335,0.821022727,2860,0.541666667,465,0.556886228,15,165,300,385,180,90,0.013274336,0.146017699,0.265486726,0.340707965,0.159292035,0.079646018,320,540,190,60,25,0.283185841,0.477876106,0.168141593,0.053097345,0.022123894,970,20,35,0.950980392,0.019607843,0.034313725,50,2710,2510,40,295,25,2155,980,810,195,0.01814882,0.983666062,0.91107078,0.014519056,0.10707804,0.00907441,0.782214156,0.355716878,0.294010889,0.070780399,2655,15,0.005649718,1540,1320,495,825,1,0.857142857,0.321428571,0.535714286,98000,122200,61600,67000,132000,157800,3077
3078,north_gower_kars_3078,3515,0,3445,15,15,0,0,0,40,1485,0.703,0,0.689,0.003,0.003,0,0,0,0.008,0.297,0,0,0.2,4820,0.964,1470,0.294,300,0.25862069,110,400,480,310,140,185,0.067484663,0.245398773,0.294478528,0.190184049,0.085889571,0.113496933,380,475,570,155,50,0.233128834,0.291411043,0.349693252,0.095092025,0.030674847,1115,150,10,0.87109375,0.1171875,0.0078125,120,2465,1925,160,850,60,845,625,150,10,0.046511628,0.955426357,0.746124031,0.062015504,0.329457364,0.023255814,0.32751938,0.242248062,0.058139535,0.003875969,1790,40,0.022346369,1530,1385,715,665,1,0.905228758,0.467320261,0.434640523,108000,120400,41200,46800,119000,133200,3078
3079,old_barrhaven_east_3079,18000,465,12440,840,170,3640,340,0,105,5830,0.755508919,0.019517314,0.522140609,0.035257083,0.007135362,0.152780693,0.014270724,0,0.004407135,0.244700944,125,0.088339223,0.3,18700,0.784889822,6675,0.280167891,1400,0.240137221,305,1440,1810,1590,880,1210,0.042156185,0.199032481,0.250172771,0.219765031,0.121630961,0.167242571,1730,3070,1550,445,440,0.239115411,0.424326192,0.214236351,0.061506565,0.06081548,5900,135,100,0.960912052,0.021986971,0.016286645,760,12435,10210,445,3310,265,6190,3935,1515,315,0.057597575,0.942402425,0.773777946,0.033724896,0.250852596,0.020083365,0.46911709,0.298219022,0.114816218,0.023872679,8140,305,0.037469287,6775,5530,3545,1990,1,0.816236162,0.523247232,0.293726937,101000,110300,56000,59200,111000,120300,3079
3080,old_barrhaven_west_3080,15610,345,12165,595,355,1755,295,0,100,6795,0.696408655,0.015391479,0.542716931,0.026544725,0.015837609,0.078295784,0.01316083,0,0.004461298,0.303145215,120,0.083623693,0.2,19720,0.879768012,6115,0.272808387,1440,0.274024738,330,1310,1680,1365,710,960,0.052009456,0.206461781,0.264775414,0.215130024,0.111899133,0.151300236,1495,2890,1310,315,330,0.235618597,0.455476753,0.206461781,0.04964539,0.052009456,5180,90,75,0.968224299,0.01682243,0.014018692,570,11560,9180,370,3420,190,5200,3490,1160,180,0.046990932,0.953009068,0.756801319,0.030502885,0.281945589,0.015663644,0.4286892,0.287716406,0.095630668,0.014839242,7835,305,0.038927888,6645,5740,3320,2420,1,0.863807374,0.499623777,0.364183597,105000,114100,56800,62600,115000,123500,3080
3081,old_hunt_club_3081,12210,185,8685,210,190,2630,140,15,155,4255,0.741798299,0.011239368,0.52764277,0.012758202,0.011543135,0.159781288,0.008505468,9.11E-04,0.009416768,0.258505468,180,0.173913043,0.3,12730,0.773625038,5350,0.32512914,1180,0.33908046,240,840,1285,885,620,730,0.052173913,0.182608696,0.279347826,0.192391304,0.134782609,0.158695652,1095,2265,785,230,220,0.238043478,0.492391304,0.170652174,0.05,0.047826087,3660,75,100,0.955613577,0.019582245,0.026109661,600,7710,6145,375,1810,240,3715,2390,925,165,0.072202166,0.927797834,0.739470517,0.045126354,0.217809868,0.028880866,0.447051745,0.287605295,0.111311673,0.019855596,6400,140,0.021875,4605,3695,1935,1760,1,0.802388708,0.42019544,0.382193268,89000,100200,54000,59300,103000,113200,3081
3082,old_ottawa_east_3082,4715,55,3500,350,145,500,65,0,100,3700,0.559976247,0.006532067,0.41567696,0.041567696,0.017220903,0.059382423,0.007719715,0,0.011876485,0.439429929,0,0,0.4,6735,0.800356506,3670,0.436125966,430,0.355371901,65,265,500,570,390,350,0.030444965,0.12412178,0.234192037,0.266978923,0.182669789,0.163934426,675,935,355,95,80,0.316159251,0.43793911,0.166276347,0.044496487,0.037470726,1705,75,100,0.904509284,0.039787798,0.053050398,125,4570,4105,65,575,25,3440,1460,1430,265,0.026624068,0.973375932,0.874334398,0.013844515,0.122470714,0.005324814,0.732694356,0.310969116,0.30457934,0.056443024,3940,25,0.006345178,2115,1905,790,1120,1,0.90070922,0.373522459,0.529550827,82000,113200,48400,55100,107000,140000,3082
3083,old_ottawa_south_3083,2985,95,2480,60,110,135,0,0,105,3440,0.464230171,0.014774495,0.385692068,0.00933126,0.017107309,0.020995334,0,0,0.016329705,0.534992224,0,0,0.3,6035,0.938569207,3125,0.48600311,410,0.297101449,10,125,390,485,205,125,0.007434944,0.092936803,0.289962825,0.360594796,0.152416357,0.092936803,385,660,215,40,55,0.286245353,0.49070632,0.159851301,0.029739777,0.040892193,1090,20,50,0.935622318,0.017167382,0.042918455,60,3160,2940,60,280,25,2580,1055,995,270,0.01863354,0.98136646,0.913043478,0.01863354,0.086956522,0.007763975,0.801242236,0.327639752,0.309006211,0.083850932,2525,20,0.007920792,1795,1555,895,660,1,0.866295265,0.498607242,0.367688022,125000,149600,54800,74400,146000,172600,3083
3084,orleans_industrial_3084,NA,NA,NA,NA,NA,NA,NA,NA,NA,NA,NA,NA,NA,NA,NA,NA,NA,NA,NA,NA,NA,NA,NA,NA,NA,NA,NA,NA,NA,NA,NA,NA,NA,NA,NA,NA,NA,NA,NA,NA,NA,NA,NA,NA,NA,NA,NA,NA,NA,NA,NA,NA,NA,NA,NA,NA,NA,NA,NA,NA,NA,NA,NA,NA,NA,NA,NA,NA,NA,NA,NA,NA,NA,NA,NA,NA,NA,NA,NA,NA,NA,NA,NA,NA,NA,NA,NA,NA,NA,NA,NA,NA,NA,NA,3084
3085,orleans_village_chateauneuf_3085,8545,85,7595,150,70,530,45,0,70,2665,0.761586453,0.007575758,0.676916221,0.013368984,0.006238859,0.047237077,0.004010695,0,0.006238859,0.237522282,0,0,0.2,7780,0.693095768,5860,0.522048998,1205,0.575178998,180,630,890,650,275,515,0.057324841,0.200636943,0.28343949,0.207006369,0.087579618,0.164012739,900,1240,690,140,170,0.286624204,0.394904459,0.219745223,0.044585987,0.054140127,2490,60,110,0.936090226,0.022556391,0.041353383,315,5645,4415,245,1595,135,2435,1605,615,80,0.052852349,0.947147651,0.740771812,0.041107383,0.26761745,0.022651007,0.408557047,0.269295302,0.103187919,0.013422819,4210,125,0.029691211,3505,3060,1520,1545,1,0.873038516,0.433666191,0.440798859,106000,112600,54000,56100,115000,123100,3085
3086,osgoode_vernon_3086,3715,25,3595,0,0,70,0,0,25,1870,0.66280107,0.004460303,0.641391615,0,0,0.012488849,0,0,0.004460303,0.333630687,0,0,0.3,5390,0.960784314,1365,0.243315508,215,0.191111111,195,590,550,310,175,195,0.097014925,0.293532338,0.273631841,0.154228856,0.087064677,0.097014925,380,515,815,200,100,0.189054726,0.256218905,0.405472637,0.099502488,0.049751244,1325,115,30,0.901360544,0.078231293,0.020408163,285,2830,2105,195,1060,15,835,605,125,35,0.091492777,0.908507223,0.67576244,0.062600321,0.340288925,0.004815409,0.268057785,0.194221509,0.040128411,0.011235955,2060,90,0.04368932,1770,1590,820,765,1,0.898305085,0.463276836,0.43220339,103000,111800,42400,48800,111000,122600,3086
3087,overbrook_3087,15120,220,11020,50,50,3330,55,15,380,5615,0.729201833,0.01061008,0.531468531,0.002411382,0.002411382,0.160598023,0.00265252,7.23E-04,0.018326501,0.270798167,375,0.264084507,0.3,13500,0.651073065,8735,0.421268387,2265,0.517123288,330,1010,1295,1100,660,1210,0.058876004,0.180196253,0.231043711,0.196253345,0.117752007,0.21587868,1700,2415,830,245,415,0.303300624,0.430865299,0.14808207,0.043710972,0.074041035,4325,80,215,0.93716143,0.017334778,0.046587216,1750,9400,7060,595,2245,265,3950,2320,1150,145,0.156950673,0.843049327,0.633183857,0.053363229,0.201345291,0.023766816,0.35426009,0.208071749,0.103139013,0.013004484,8975,175,0.019498607,5025,3570,1715,1855,1,0.710447761,0.341293532,0.369154229,64000,72300,37200,43080,82000,89300,3087
3088,parkwood_hills_3088,4775,45,2325,260,15,2005,60,15,50,1210,0.79916318,0.007531381,0.389121339,0.043514644,0.00251046,0.335564854,0.010041841,0.00251046,0.008368201,0.20251046,195,0.348214286,0.3,3805,0.636287625,1180,0.197324415,550,0.348101266,105,215,490,340,230,560,0.053984576,0.110539846,0.251928021,0.174807198,0.118251928,0.287917738,415,910,295,125,195,0.213367609,0.467866324,0.151670951,0.064267352,0.100257069,1500,45,20,0.958466454,0.028753994,0.012779553,530,2515,1815,90,655,90,980,615,265,35,0.174055829,0.825944171,0.596059113,0.02955665,0.215106732,0.02955665,0.32183908,0.201970443,0.087027915,0.011494253,2235,35,0.015659955,1300,970,580,395,1,0.746153846,0.446153846,0.303846154,58400,64100,36400,40200,68500,73400,3088
3089,pineview_3089,4670,10,3830,100,15,610,35,0,70,1510,0.752012882,0.001610306,0.616747182,0.01610306,0.002415459,0.098228663,0.005636071,0,0.011272142,0.2431562,45,0.128571429,0.2,4535,0.730273752,2690,0.433172303,595,0.470355731,125,345,515,360,315,395,0.060827251,0.167883212,0.250608273,0.175182482,0.153284672,0.192214112,750,855,285,90,75,0.364963504,0.416058394,0.138686131,0.04379562,0.03649635,1565,35,60,0.942771084,0.021084337,0.036144578,385,3030,2215,200,815,65,1135,840,185,55,0.112737921,0.887262079,0.648609078,0.058565154,0.238653001,0.019033675,0.332357247,0.245973646,0.054172767,0.016105417,2325,70,0.030107527,1720,1295,685,605,1,0.752906977,0.398255814,0.351744186,85000,93300,45600,46200,98000,106400,3089
3090,playfair_park_guildwood_estates_3090,4510,20,3640,70,305,445,0,0,30,1590,0.737530662,0.003270646,0.595257563,0.011447261,0.049877351,0.072771872,0,0,0.004905969,0.260016353,45,0.138461538,0.3,5000,0.816993464,2660,0.434640523,465,0.418918919,45,200,415,405,205,215,0.030201342,0.134228188,0.27852349,0.271812081,0.137583893,0.144295302,510,600,255,60,65,0.342281879,0.402684564,0.17114094,0.040268456,0.043624161,1255,10,35,0.969111969,0.007722008,0.027027027,180,2750,2315,70,460,50,1735,810,575,130,0.061433447,0.938566553,0.790102389,0.023890785,0.156996587,0.017064846,0.592150171,0.276450512,0.196245734,0.044368601,2585,45,0.017408124,1730,1470,740,735,1,0.849710983,0.427745665,0.424855491,91000,113200,47200,57800,120000,138000,3090
3091,portobello_south_3091,23695,160,17845,660,95,4580,215,10,130,6190,0.792607459,0.005352066,0.596922562,0.02207727,0.003177789,0.153202877,0.007191838,3.35E-04,0.004348553,0.207058036,100,0.043956044,0.2,19540,0.653621007,15605,0.521993644,4780,0.571428571,515,1800,2305,1645,1040,1510,0.058390023,0.204081633,0.261337868,0.186507937,0.117913832,0.171201814,2040,3330,2070,710,670,0.231292517,0.37755102,0.234693878,0.080498866,0.075963719,7090,260,305,0.925587467,0.033942559,0.039817232,890,15470,12790,525,4070,515,7675,5115,1750,230,0.054400978,0.945599022,0.781784841,0.032090465,0.248777506,0.031479218,0.469132029,0.312652812,0.106968215,0.01405868,9975,425,0.042606516,8330,6940,4605,2330,1,0.833133253,0.552821128,0.279711885,108000,117600,63200,64200,121000,128200,3091
3092,qualicum_redwood_3092,2910,60,2320,70,140,290,0,0,30,1465,0.66590389,0.013729977,0.530892449,0.016018307,0.032036613,0.066361556,0,0,0.006864989,0.335240275,50,0.238095238,0.3,3845,0.8798627,1335,0.305491991,270,0.312138728,35,150,320,290,195,185,0.029787234,0.127659574,0.272340426,0.246808511,0.165957447,0.157446809,365,530,215,30,35,0.310638298,0.45106383,0.182978723,0.025531915,0.029787234,1015,20,20,0.966666667,0.019047619,0.019047619,200,2205,1810,125,505,30,1150,620,365,40,0.082987552,0.914937759,0.751037344,0.05186722,0.209543568,0.012448133,0.477178423,0.257261411,0.151452282,0.01659751,1750,15,0.008571429,1260,990,510,485,1,0.785714286,0.404761905,0.384920635,87000,107300,50000,50800,102000,123700,3092
3093,queensway_terrace_north_3093,1900,0,1620,0,15,210,0,0,55,1300,0.587326121,0,0.500772798,0,0.004636785,0.064914992,0,0,0.017001546,0.401854714,0,0,0.3,2850,0.880989181,935,0.289026275,215,0.373913043,55,155,255,175,130,100,0.062857143,0.177142857,0.291428571,0.2,0.148571429,0.114285714,285,365,155,45,20,0.325714286,0.417142857,0.177142857,0.051428571,0.022857143,665,25,30,0.917241379,0.034482759,0.04137931,140,1690,1420,75,370,35,940,590,245,45,0.076502732,0.923497268,0.775956284,0.040983607,0.202185792,0.019125683,0.513661202,0.322404372,0.133879781,0.024590164,1365,20,0.014652015,965,785,365,415,1,0.813471503,0.378238342,0.430051813,92000,89800,52800,56400,102000,100800,3093
3094,queenswood_chatelaine_3094,3070,25,2825,0,25,145,0,0,50,1195,0.718128655,0.005847953,0.660818713,0,0.005847953,0.033918129,0,0,0.011695906,0.279532164,40,0.153846154,0.2,3250,0.761124122,2035,0.476580796,385,0.52027027,105,265,365,220,135,145,0.085365854,0.215447154,0.296747967,0.178861789,0.109756098,0.117886179,345,525,235,70,60,0.280487805,0.426829268,0.191056911,0.056910569,0.048780488,965,10,40,0.950738916,0.009852217,0.039408867,175,2090,1645,165,710,60,715,515,125,10,0.077433628,0.924778761,0.727876106,0.07300885,0.314159292,0.026548673,0.316371681,0.227876106,0.055309735,0.004424779,1835,60,0.032697548,1320,1105,475,630,1,0.837121212,0.359848485,0.477272727,86000,93400,52800,58000,99000,107300,3094
3095,queenswood_heights_3095,7625,45,6935,50,35,480,10,0,70,2385,0.760978044,0.004491018,0.692115768,0.00499002,0.003493014,0.047904192,9.98E-04,0,0.006986028,0.238023952,40,0.087912088,0.2,7405,0.739021956,5080,0.506986028,920,0.522727273,250,665,755,485,295,425,0.087260035,0.232111693,0.263525305,0.169284468,0.102966841,0.148342059,795,1210,555,115,180,0.277486911,0.422338569,0.193717277,0.040139616,0.062827225,2195,70,60,0.944086022,0.030107527,0.025806452,330,4900,3715,275,1665,130,1635,1050,395,65,0.063157895,0.937799043,0.711004785,0.052631579,0.318660287,0.024880383,0.31291866,0.200956938,0.075598086,0.012440191,4135,90,0.021765417,3165,2685,1170,1520,1,0.848341232,0.369668246,0.480252765,92000,98500,50400,53400,104000,110800,3095
3097,rideaucrest_davidson_heights_3097,10090,245,7425,440,70,1560,250,0,100,4215,0.70534778,0.017126879,0.519049283,0.030758476,0.004893394,0.109052779,0.017476407,0,0.006990563,0.29465222,25,0.043478261,0.3,11500,0.803914715,4845,0.338692765,960,0.284866469,245,765,1030,1040,515,740,0.056581986,0.176674365,0.237875289,0.240184758,0.118937644,0.170900693,1025,1900,980,210,210,0.236720554,0.438799076,0.226327945,0.048498845,0.048498845,3620,80,55,0.962765957,0.021276596,0.01462766,435,7420,6280,245,1880,160,3995,2575,945,235,0.055343511,0.944020356,0.798982188,0.031170483,0.239185751,0.020356234,0.50826972,0.327608142,0.120229008,0.029898219,4700,210,0.044680851,4025,3440,2310,1130,1,0.854658385,0.573913043,0.280745342,113000,124600,62000,62300,124000,135400,3097
3098,riverside_park_mooneys_bay_3098,3235,35,2485,60,55,550,0,0,50,1300,0.711771177,0.00770077,0.546754675,0.01320132,0.01210121,0.121012101,0,0,0.0110011,0.286028603,65,0.228070175,0.3,3610,0.794279428,1500,0.330033003,270,0.362416107,55,180,300,305,200,165,0.045833333,0.15,0.25,0.254166667,0.166666667,0.1375,350,495,245,40,70,0.291666667,0.4125,0.204166667,0.033333333,0.058333333,960,20,20,0.96,0.02,0.02,195,2255,1795,55,460,70,1210,715,345,80,0.079591837,0.920408163,0.732653061,0.02244898,0.187755102,0.028571429,0.493877551,0.291836735,0.140816327,0.032653061,2045,25,0.012224939,1190,1005,500,505,1,0.844537815,0.420168067,0.424369748,73000,86100,41600,48500,97000,105700,3098
3099,riverside_park_south_revelstoke_3099,1975,40,1870,0,35,30,0,0,0,920,0.674061433,0.013651877,0.638225256,0,0.011945392,0.010238908,0,0,0,0.313993174,0,0,0.3,2550,0.870307167,1190,0.406143345,200,0.404040404,35,110,175,170,85,75,0.053435115,0.167938931,0.267175573,0.259541985,0.129770992,0.114503817,230,290,105,10,15,0.351145038,0.442748092,0.160305344,0.015267176,0.022900763,480,20,35,0.905660377,0.037735849,0.066037736,25,1350,1145,30,185,10,925,480,305,60,0.018181818,0.981818182,0.832727273,0.021818182,0.134545455,0.007272727,0.672727273,0.349090909,0.221818182,0.043636364,1160,10,0.00862069,890,800,380,415,1,0.898876404,0.426966292,0.466292135,116000,143200,57200,76500,130000,161200,3099
3100,riverside_south_leitrim_3100,13195,255,9830,430,100,2155,375,0,50,5865,0.692469168,0.013382314,0.515875098,0.022566256,0.005247966,0.113093676,0.019679874,0,0.002623983,0.30779323,90,0.058252427,0.3,15040,0.789087093,6810,0.35729276,1685,0.321564885,230,825,1610,1250,750,675,0.043071161,0.154494382,0.301498127,0.234082397,0.140449438,0.126404494,1080,2470,1325,245,220,0.202247191,0.462546816,0.248127341,0.04588015,0.041198502,4330,95,95,0.959025471,0.021040975,0.021040975,300,10305,8945,305,2290,235,6105,3930,1495,280,0.028288543,0.971711457,0.843470061,0.028760019,0.215935879,0.022159359,0.575671853,0.370579915,0.14097124,0.02640264,6480,270,0.041666667,5430,4715,3085,1635,1,0.868324125,0.568139963,0.301104972,117000,134000,65500,68200,126000,146800,3100
3101,riverview_3101,8725,130,5770,600,150,1795,140,0,140,3995,0.685658153,0.01021611,0.453438114,0.047151277,0.011787819,0.141060904,0.011001965,0,0.011001965,0.313948919,185,0.296,0.3,9060,0.711984283,4440,0.34891945,870,0.461538462,165,545,945,780,630,615,0.044776119,0.147896879,0.256445047,0.211668928,0.170963365,0.166892809,1080,1710,590,155,155,0.293080054,0.464043419,0.160108548,0.042062415,0.042062415,3030,35,105,0.955835962,0.011041009,0.033123028,405,6245,5215,190,1080,130,3815,1965,1285,200,0.060902256,0.939097744,0.784210526,0.028571429,0.162406015,0.019548872,0.573684211,0.295488722,0.193233083,0.030075188,6085,90,0.014790468,3025,2500,1000,1495,1,0.826446281,0.330578512,0.494214876,64000,78400,40800,44640,89000,99600,3101
3102,rockcliffe_park_3102,1035,0,825,40,120,50,0,0,0,600,0.629179331,0,0.501519757,0.024316109,0.072948328,0.030395137,0,0,0,0.364741641,0,0,0.4,1485,0.902735562,800,0.486322188,85,0.23943662,0,40,85,145,80,10,0,0.111111111,0.236111111,0.402777778,0.222222222,0.027777778,85,200,70,0,0,0.236111111,0.555555556,0.194444444,0,0,285,0,30,0.876923077,0,0.092307692,0,720,660,10,45,10,595,275,210,40,0,1,0.916666667,0.013888889,0.0625,0.013888889,0.826388889,0.381944444,0.291666667,0.055555556,555,10,0.018018018,490,440,245,200,1,0.897959184,0.5,0.408163265,212000,297000,127000,220000,218000,307000,3102
3103,rothwell_heights_beacon_hill_north_3103,7110,25,6105,160,35,705,0,0,80,3395,0.675534442,0.002375297,0.580047506,0.0152019,0.003325416,0.066983373,0,0,0.00760095,0.322565321,25,0.047169811,0.3,8305,0.788698955,5170,0.490978158,960,0.436363636,70,285,680,650,365,360,0.028985507,0.118012422,0.281573499,0.269151139,0.151138716,0.149068323,775,1010,395,150,90,0.320910973,0.418219462,0.163561077,0.062111801,0.037267081,1980,40,95,0.940617577,0.019002375,0.045130641,260,4715,4020,170,995,100,2760,1450,765,205,0.052261307,0.947738693,0.808040201,0.034170854,0.2,0.020100503,0.554773869,0.291457286,0.153768844,0.04120603,4000,105,0.02625,3080,2525,1345,1180,1,0.819805195,0.436688312,0.383116883,99000,119400,55200,58500,116000,135600,3103
3104,sandy_hill_3104,7195,90,5285,140,210,1235,40,10,185,6190,0.537542025,0.006723945,0.394844976,0.01045947,0.015689204,0.092267464,0.00298842,7.47E-04,0.013821442,0.462457975,115,0.264367816,0.4,10035,0.749719836,6380,0.47665297,765,0.540636042,155,405,805,915,800,550,0.04264099,0.111416781,0.221458047,0.251719395,0.220082531,0.15130674,1015,1510,690,230,190,0.279229711,0.415405777,0.189821183,0.063273728,0.052269601,2915,65,160,0.928343949,0.020700637,0.050955414,345,6505,5715,165,900,150,4495,2080,1655,490,0.050364964,0.949635036,0.834306569,0.024087591,0.131386861,0.02189781,0.65620438,0.303649635,0.241605839,0.071532847,7405,45,0.006076975,2490,2020,695,1325,1,0.81124498,0.279116466,0.532128514,56400,72000,41200,47200,76000,96600,3104
3105,south_keys_3105,1935,40,1375,65,70,355,10,0,20,765,0.716666667,0.014814815,0.509259259,0.024074074,0.025925926,0.131481481,0.003703704,0,0.007407407,0.283333333,30,0.24,0.3,2250,0.833333333,830,0.307407407,110,0.282051282,30,95,220,155,125,95,0.04137931,0.131034483,0.303448276,0.213793103,0.172413793,0.131034483,210,280,145,30,50,0.289655172,0.386206897,0.2,0.04137931,0.068965517,565,40,10,0.926229508,0.06557377,0.016393443,70,1190,875,35,245,30,560,380,120,25,0.055555556,0.944444444,0.694444444,0.027777778,0.194444444,0.023809524,0.444444444,0.301587302,0.095238095,0.01984127,1165,15,0.012875536,680,565,215,350,1,0.830882353,0.316176471,0.514705882,77500,82800,44800,45800,95000,101800,3105
3106,stittsville_3106,15485,115,14090,255,90,745,115,0,75,6490,0.704504095,0.005232029,0.641037307,0.011601456,0.004094631,0.033894449,0.005232029,0,0.003412193,0.295268426,30,0.023904382,0.2,20215,0.919699727,6475,0.294585987,1225,0.233555767,310,1105,1485,1445,685,765,0.053448276,0.190517241,0.256034483,0.249137931,0.118103448,0.131896552,1720,2195,1275,325,285,0.296551724,0.378448276,0.219827586,0.056034483,0.049137931,4630,240,70,0.937246964,0.048582996,0.01417004,380,10815,9230,410,2810,210,5805,4030,1260,180,0.033928571,0.965625,0.824107143,0.036607143,0.250892857,0.01875,0.518303571,0.359821429,0.1125,0.016071429,7780,260,0.033419023,6555,5855,3440,2420,1,0.893211289,0.524790236,0.369183829,120000,130800,54800,66000,132000,143000,3106
3107,stittsville_east_3107,7075,245,3790,690,40,2015,210,0,85,3460,0.672209026,0.02327791,0.360095012,0.065558195,0.003800475,0.191448931,0.019952494,0,0.00807601,0.328741093,60,0.049792531,0.2,7330,0.696106363,2450,0.232668566,660,0.226027397,135,495,700,635,425,385,0.048648649,0.178378378,0.252252252,0.228828829,0.153153153,0.138738739,655,1110,675,185,150,0.236036036,0.4,0.243243243,0.066666667,0.054054054,2225,100,30,0.944798301,0.042462845,0.012738854,190,6090,5215,160,1195,110,3750,2320,1080,135,0.030254777,0.969745223,0.830414013,0.025477707,0.190286624,0.017515924,0.597133758,0.369426752,0.171974522,0.021496815,3545,150,0.042313117,3070,2685,1610,1075,1,0.874592834,0.524429967,0.350162866,109000,116800,66000,63200,116000,124600,3107
3108,stittsville_north_3108,8275,230,6385,420,40,945,135,0,120,4435,0.651062156,0.018095987,0.502360346,0.033044847,0.003147128,0.074350905,0.010621558,0,0.009441385,0.348937844,50,0.04587156,0.2,10860,0.85410932,3515,0.276445144,765,0.224669604,170,605,935,730,470,470,0.050221566,0.17872969,0.276218612,0.215657312,0.138847858,0.138847858,1035,1355,610,195,190,0.305760709,0.400295421,0.180206795,0.05760709,0.056129985,2750,145,50,0.93537415,0.049319728,0.017006803,250,6965,5900,255,1700,145,3805,2470,940,155,0.034650035,0.965349965,0.817740818,0.035343035,0.235620236,0.02009702,0.527373527,0.342342342,0.13028413,0.021483021,4570,140,0.030634573,3660,3210,1970,1235,1,0.87704918,0.538251366,0.337431694,110000,117600,60000,62300,122000,130400,3108
3109,stonebridge_half_moon_bay_3109,19045,540,12265,1355,180,4210,360,0,135,8210,0.698770868,0.019812878,0.450009173,0.049715649,0.006604293,0.15446707,0.013208586,0,0.00495322,0.301229132,200,0.085106383,0.3,20210,0.741515318,7705,0.282700422,2025,0.248618785,280,1100,1975,1555,1065,995,0.040172166,0.157819225,0.283357245,0.223098996,0.152797704,0.142754663,1215,2710,2095,505,445,0.174318508,0.388809182,0.300573888,0.072453372,0.06384505,5625,220,115,0.943000838,0.036881811,0.019279128,470,14320,12270,385,2970,490,8420,5115,2250,470,0.031778229,0.968221771,0.829614604,0.026031102,0.200811359,0.033130494,0.569303584,0.345841785,0.152129817,0.031778229,8940,430,0.048098434,7560,6610,4485,2130,1,0.874338624,0.593253968,0.281746032,109000,120600,63600,66200,118000,130600,3109
3110,trend_arlington_3110,3195,30,2605,95,245,175,0,0,45,1585,0.668410042,0.006276151,0.544979079,0.019874477,0.05125523,0.036610879,0,0,0.009414226,0.331589958,0,0,0.3,4105,0.858786611,1570,0.328451883,285,0.3,35,190,360,255,120,190,0.030567686,0.165938865,0.31441048,0.222707424,0.104803493,0.165938865,280,550,170,85,60,0.244541485,0.480349345,0.148471616,0.074235808,0.052401747,925,15,30,0.948717949,0.015384615,0.030769231,155,2240,1885,70,535,25,1255,745,345,35,0.064583333,0.933333333,0.785416667,0.029166667,0.222916667,0.010416667,0.522916667,0.310416667,0.14375,0.014583333,1890,45,0.023809524,1465,1250,630,620,1,0.853242321,0.43003413,0.423208191,95000,113400,52000,56200,112000,128800,3110
3111,vanier_north_3111,6290,80,5325,50,125,540,10,0,160,3995,0.611570248,0.007778318,0.517744288,0.004861449,0.012153622,0.052503646,9.72E-04,0,0.015556636,0.388429752,140,0.25,0.3,7205,0.700194363,5245,0.509718173,790,0.51465798,195,540,780,715,445,430,0.062903226,0.174193548,0.251612903,0.230645161,0.143548387,0.138709677,830,1380,545,140,210,0.267741935,0.44516129,0.175806452,0.04516129,0.067741935,2340,20,155,0.928571429,0.007936508,0.061507937,725,5545,4395,395,1095,120,2785,1615,935,65,0.115629984,0.884370016,0.700956938,0.062998405,0.174641148,0.019138756,0.444178628,0.257575758,0.149122807,0.010366826,5515,45,0.008159565,2545,1905,645,1255,1,0.748526523,0.253438114,0.493123772,61200,72100,42800,49000,82000,91300,3111
3112,vanier_south_3112,5030,35,4260,45,50,495,10,25,110,2060,0.709449929,0.00493653,0.600846262,0.006346968,0.007052186,0.069816643,0.001410437,0.003526093,0.01551481,0.290550071,85,0.288135593,0.3,4460,0.629498941,3395,0.479181369,450,0.538922156,90,430,480,450,275,390,0.042553191,0.203309693,0.226950355,0.212765957,0.130023641,0.184397163,605,825,405,170,120,0.286052009,0.390070922,0.191489362,0.080378251,0.056737589,1670,25,65,0.948863636,0.014204545,0.036931818,545,3485,2535,265,855,90,1315,745,420,55,0.135235732,0.864764268,0.629032258,0.065756824,0.212158809,0.022332506,0.32630273,0.184863524,0.104218362,0.013647643,4000,30,0.0075,1525,1130,350,785,1,0.740983607,0.229508197,0.514754098,49200,58300,36000,39760,72000,78000,3112
3113,vars_3113,2305,0,2285,0,0,20,0,0,0,520,0.815929204,0,0.808849558,0,0,0.007079646,0,0,0,0.184070796,0,0,0.2,1800,0.637168142,1770,0.626548673,430,0.796296296,125,300,290,155,85,95,0.120192308,0.288461538,0.278846154,0.149038462,0.081730769,0.091346154,185,385,325,95,50,0.177884615,0.370192308,0.3125,0.091346154,0.048076923,645,150,25,0.791411043,0.18404908,0.030674847,145,1475,1075,160,475,40,400,255,95,10,0.089506173,0.910493827,0.663580247,0.098765432,0.293209877,0.024691358,0.24691358,0.157407407,0.058641975,0.00617284,1060,25,0.023584906,890,805,395,410,1,0.904494382,0.443820225,0.460674157,105000,110200,47600,50000,114000,121800,3113
3114,waterridge_village_3114,1825,0,1395,25,15,380,0,0,10,700,0.717092338,0,0.548133595,0.009823183,0.00589391,0.149312377,0,0,0.003929273,0.275049116,30,0.142857143,0.3,1690,0.664047151,1330,0.52259332,360,0.679245283,35,130,220,190,55,110,0.047297297,0.175675676,0.297297297,0.256756757,0.074324324,0.148648649,195,355,125,25,35,0.263513514,0.47972973,0.168918919,0.033783784,0.047297297,585,20,50,0.893129771,0.030534351,0.076335878,105,1345,1160,50,280,25,810,465,230,35,0.072413793,0.927586207,0.8,0.034482759,0.193103448,0.017241379,0.55862069,0.320689655,0.15862069,0.024137931,1110,20,0.018018018,655,500,295,210,1,0.763358779,0.450381679,0.320610687,77500,92200,48400,52800,107000,112200,3114
3115,west_centretown_3115,4230,330,3205,90,85,390,20,15,95,4125,0.506586826,0.039520958,0.383832335,0.010778443,0.010179641,0.046706587,0.00239521,0.001796407,0.011377246,0.494011976,115,0.264367816,0.3,6770,0.81126423,2955,0.354104254,270,0.272727273,105,305,555,540,365,385,0.046357616,0.134657837,0.245033113,0.238410596,0.161147903,0.169977925,685,945,400,65,165,0.302428256,0.417218543,0.176600442,0.028697572,0.072847682,1745,40,90,0.93315508,0.021390374,0.048128342,520,4600,3805,155,830,65,2760,1420,960,190,0.101463415,0.897560976,0.742439024,0.030243902,0.16195122,0.012682927,0.538536585,0.277073171,0.187317073,0.037073171,4745,30,0.006322445,1845,1515,535,980,1,0.821138211,0.2899729,0.531165312,54400,68000,32400,42640,82000,95100,3115
3116,westboro_3116,7045,100,5760,155,325,540,30,15,120,5050,0.582472096,0.008267879,0.476229847,0.012815213,0.026870608,0.044646548,0.002480364,0.001240182,0.009921455,0.417527904,70,0.108527132,0.3,10765,0.890037205,4700,0.388590327,525,0.267857143,65,425,735,825,375,275,0.024029575,0.157116451,0.271719039,0.304990758,0.138632163,0.101663586,865,1305,375,45,110,0.319778189,0.482439926,0.138632163,0.01663586,0.040665434,2250,55,125,0.927835052,0.022680412,0.051546392,265,6700,6040,130,1005,125,4780,2550,1525,340,0.03804738,0.96195262,0.867193108,0.018664752,0.144292893,0.017946877,0.686288586,0.366116296,0.218951902,0.048815506,6240,25,0.00400641,3270,2850,1165,1685,1,0.871559633,0.356269113,0.51529052,84000,104500,48400,55350,126000,143000,3116
3117,whitehaven_woodpark_glabar_park_3117,7370,105,6065,215,305,480,25,0,175,3435,0.682091624,0.009717723,0.561314206,0.019898195,0.028227672,0.044423878,0.002313744,0,0.016196205,0.317908376,30,0.059405941,0.3,9540,0.882516189,3490,0.322849214,330,0.203076923,140,435,695,605,420,380,0.052434457,0.162921348,0.260299625,0.22659176,0.157303371,0.142322097,730,1185,425,135,185,0.27340824,0.443820225,0.15917603,0.050561798,0.06928839,2190,35,65,0.956331878,0.015283843,0.028384279,395,4875,4025,155,1130,85,2655,1540,740,110,0.074952562,0.925047438,0.763757116,0.029411765,0.214421252,0.016129032,0.503795066,0.292220114,0.140417457,0.020872865,5390,55,0.010204082,2790,2385,1015,1370,1,0.85483871,0.363799283,0.491039427,70500,91400,44800,52850,104000,121100,3117
