name,total_population,number_of_youth_age_15_24,percent_of_of_pop_that_are_youth_age_15_24,percent_of_pop_that_are_seniors_65,percent_of_pop_that_are_recent_immigrants_arr_2016_2021,percent_of_pop_that_are_immigrants,percent_of_pop_that_are_indigenous,percent_of_pop_that_are_fn,percent_of_pop_that_are_metis,percent_of_pop_that_are_inuit,percent_of_pop_that_are_racialized,percent_of_pop_that_are_refugees,percent_of_immigrants_that_are_refugees,percent_of_pop_with_knowledge_of_neither_english_nor_french,percent_of_pop_age_25_64_with_no_high_school_diploma_or_equivalent,percent_of_pop_living_alone,unemployment_rate,average_after_tax_income_in_2020_among_recipients,average_market_income_in_2020_among_recipients,average_after_tax_income_in_2019_among_recipients,average_market_income_in_2019_among_recipients,percent_of_income_from_government_transfers_2019,percent_of_income_from_government_transfers_2020,percent_of_pop_age_25_64_with_postsecondary_degree_diploma_certificate,number_of_refugees,number_of_people_in_low_income_based_on_lim_at,percent_of_people_in_low_income_based_on_lim_at,number_of_people_0_17_in_low_income_based_on_lim_at,percent_of_people_0_17_in_low_income_based_on_lim_at,number_of_people_18_64_in_low_income_based_on_lim_at,percent_of_people_18_64_in_low_income_based_on_lim_at,number_of_people_65_in_low_income_based_on_lim_at,percent_of_people_65_in_low_income_based_on_lim_at,average_age_of_the_population,median_age_of_the_population,number_of_seniors_65,number_of_children_living_in_one_parent_families,percent_of_children_living_in_one_parent_families,number_of_people_who_are_indigenous,number_of_people_who_are_fn,number_of_people_who_are_metis,number_of_people_who_are_inuit,number_of_immigrants,number_of_recent_immigrants_arr_2016_2021,number_of_people_with_knowledge_of_neither_english_nor_french,number_of_people_with_french_as_a_language_most_spoken_at_home,percent_of_people_with_french_as_a_language_most_spoken_at_home,number_of_people_with_knowledge_of_only_french_as_an_official_language,percent_of_people_with_knowledge_of_only_french_as_an_official_language,number_of_workers_age_15_who_commute_by_car_truck_or_van,percent_of_workers_age_15_who_commute_by_car_truck_or_van,number_of_workers_age_15_who_commute_by_public_transit,percent_of_workers_age_15_who_commute_by_public_transit,number_of_workers_age_15_who_commute_by_walking,percent_of_workers_age_15_who_commute_by_walking,number_of_workers_age_15_who_commute_by_bicycle,percent_of_workers_age_15_who_commute_by_bicycle,number_of_workers_age_15_who_commute_by_other_means,percent_of_workers_age_15_who_commute_by_other_means,number_of_workers_age_15_who_work_at_home,percent_of_workers_age_15_who_work_at_home,number_of_workers_age_15_who_have_no_fixed_workplace_address,percent_of_workers_age_15_who_have_no_fixed_workplace_address,percent_of_people_age_25_64_with_a_high_school_diploma,percent_of_workers_who_commute_for_60_minutes_and_over,number_of_people_who_are_racialized,number_self_identified_as_south_asian,number_self_identified_as_chinese,number_self_identified_as_black,number_self_identified_as_filipino,number_self_identified_as_arab,number_self_identified_as_latin_american,number_self_identified_as_southeast_asian,number_self_identified_as_west_asian,number_self_identified_as_korean,number_self_identified_as_japanese,number_self_identified_with_other_visible_minority,number_self_identified_with_multiple_visible_minorities,number_of_people_who_are_non_racialized,percent_self_identified_as_south_asian,percent_self_identified_as_chinese,percent_self_identified_as_black,percent_self_identified_as_filipino,percent_self_identified_as_arab,percent_self_identified_as_latin_american,percent_self_identified_as_southeast_asian,percent_self_identified_as_west_asian,percent_self_identified_as_korean,percent_self_identified_as_japanese,percent_self_identified_with_other_visible_minority,percent_self_identified_with_multiple_visible_minorities,percent_of_people_who_are_non_racialized
province_of_ontario_00000_3_8_percent,406590,63280,0.155635899,0.10392533,5.29E-04,0.005595317,1,0.617403281,0.331082909,0.010600359,2.34E-04,7.38E-05,0.024193548,8.73E-04,0.206911314,0.105585479,15,42360,46160,36720,42640,17.7,23.1,0.535020334,30,69030,0.169777909,22910,0.207762764,38420,0.151221144,7705,0.182345285,35.3,33.2,10.4,61875,0.397437133,406590,251030,134615,4310,2275,215,355,17410,Inf,1050,Inf,110055,0.851258847,5950,0.046022354,8745,0.067641258,1235,0.009552539,3305,0.025563677,31135,0.193667776,22905,0.142475041,0.793088686,0.076033569,95,40,0,20,0,0,15,0,10,0,0,0,10,406495,9.84E-05,0,4.92E-05,0,0,3.69E-05,0,2.46E-05,0,0,0,2.46E-05,0.999766349
ottawa_census_division_3506_00000_3_1_percent,26395,4105,0.155521879,0.090358022,9.47E-04,0.004925175,1,0.503693881,0.399318053,0.048115173,0,0,0,7.58E-04,0.125382263,0.131653722,13.7,46760,54150,44320,53700,10.9,16.2,0.661230037,0,3195,0.121045653,795,0.126090404,2115,0.119424054,290,0.121593291,35.6,33.6,9,3445,0.378155873,26395,13295,10540,1270,130,25,20,3205,Inf,165,Inf,5475,0.735887097,915,0.122983871,600,0.080645161,160,0.021505376,290,0.038978495,4740,0.388206388,1430,0.117117117,0.874617737,0.064516129,0,0,0,0,0,0,0,0,0,0,0,0,0,26395,0,0,0,0,0,0,0,0,0,0,0,0,1
ottawa_ons2022_admaston_bromley_3701_00000_3_2_percent,175,25,0.142857143,0.142857143,0,0,1,0.457142857,0.457142857,0,0,0,NA,0,0.1,0.057142857,10.5,39000,40000,33500,37000,16,19,0.7,0,0,0,0,0,0,0,0,0,40.4,45.2,14.3,15,0.25,175,80,80,0,0,0,0,0,NA,0,NA,70,1,0,0,0,0,0,0,0,0,15,0.176470588,0,0,0.9,0,0,0,0,0,0,0,0,0,0,0,0,0,0,175,0,0,0,0,0,0,0,0,0,0,0,0,1
ottawa_ons2022_airport_3001_00000_6_7_percent,20,0,0,0,0,0,1,0,0,0,0,0,NA,0,NA,0,0,NA,NA,NA,NA,NA,NA,NA,0,0,NA,0,NA,0,NA,0,NA,27,NA,0,0,0,20,0,0,0,0,0,0,0,NA,0,NA,0,NA,0,NA,0,NA,0,NA,0,NA,0,NA,0,NA,NA,NA,0,0,0,0,0,0,0,0,0,0,0,0,0,20,0,0,0,0,0,0,0,0,0,0,0,0,1
ottawa_ons2022_akwesasne_part_59_3801_09999_0_0_percent,NA,NA,NA,NA,NA,NA,NA,NA,NA,NA,NA,NA,NA,NA,NA,NA,NA,NA,NA,NA,NA,NA,NA,NA,NA,NA,NA,NA,NA,NA,NA,NA,NA,NA,NA,NA,NA,NA,NA,NA,NA,NA,NA,NA,NA,NA,NA,NA,NA,NA,NA,NA,NA,NA,NA,NA,NA,NA,NA,NA,NA,NA,NA,NA,NA,NA,NA,NA,NA,NA,NA,NA,NA,NA,NA,NA,NA,NA,NA,NA,NA,NA,NA,NA,NA,NA,NA,NA,NA,NA,NA,NA
ottawa_ons2022_alfred_and_plantagenet_3601_00000_3_2_percent,435,30,0.068965517,0.114942529,0,0,1,0.604651163,0.313953488,0,0,0,NA,0,0.117647059,0.114942529,8.3,46000,50000,42400,47200,13.6,18.4,0.549019608,0,35,0.08045977,0,0,30,0.107142857,0,0,38.1,39.6,11.5,50,0.4,430,260,135,0,0,0,0,270,Inf,40,Inf,165,1,0,0,0,0,0,0,0,0,55,0.25,45,0.204545455,0.882352941,0.121212121,0,0,0,0,0,0,0,0,0,0,0,0,0,430,0,0,0,0,0,0,0,0,0,0,0,0,1
ottawa_ons2022_alta_vista_3002_00000_2_8_percent,80,10,0.125,0.1875,0,0,1,0.3125,0.625,0,0,0,NA,0,0,0.125,0,54000,50000,48000,52000,9.5,17,0.833333333,0,0,0,0,NA,0,0,0,NA,36.5,33.2,18.8,10,0.666666667,80,25,50,0,0,0,0,0,NA,0,NA,15,0.6,0,0,0,0,0,0,0,0,15,0.428571429,0,0,1,0,0,0,0,0,0,0,0,0,0,0,0,0,0,80,0,0,0,0,0,0,0,0,0,0,0,0,1
ottawa_ons2022_arnprior_3702_00000_2_5_percent,575,75,0.130434783,0.086956522,0,0,1,0.486956522,0.460869565,0,0,0,NA,0,0.174603175,0.086956522,7.1,38200,38400,33000,34200,22,24.6,0.523809524,0,70,0.120689655,0,0,60,0.164383562,0,0,33.9,31.6,8.7,45,0.214285714,575,280,265,0,0,0,0,0,NA,0,NA,190,0.88372093,0,0,20,0.093023256,0,0,0,0,35,0.137254902,65,0.254901961,0.80952381,0.093023256,0,0,0,0,0,0,0,0,0,0,0,0,0,575,0,0,0,0,0,0,0,0,0,0,0,0,1
ottawa_ons2022_bayshore_3003_00000_5_4_percent,390,45,0.115384615,0.08974359,0,0,1,0.607594937,0.291139241,0.050632911,0,0,NA,0,0.136363636,0.192307692,17.1,39600,43200,37200,43200,19.2,26.4,0.613636364,0,125,0.320512821,65,0.590909091,55,0.22,0,0,34.4,31.8,9,110,0.785714286,395,240,115,20,0,0,0,40,Inf,0,NA,85,1,0,0,0,0,0,0,0,0,55,0.379310345,35,0.24137931,0.863636364,0,0,0,0,0,0,0,0,0,0,0,0,0,0,395,0,0,0,0,0,0,0,0,0,0,0,0,1
ottawa_ons2022_beacon_hill_south_cardinal_heights_3004_00000_3_4_percent,265,15,0.056603774,0.132075472,0,0,1,0.509433962,0.490566038,0,0,0,NA,0,0.117647059,0.188679245,8.3,40800,45200,39600,48400,15.2,23.2,0.558823529,0,30,0.113207547,0,0,20,0.108108108,0,0,39,36.4,13.2,35,0.538461538,265,135,130,0,0,0,0,50,Inf,0,NA,30,0.6,15,0.3,0,0,0,0,0,0,70,0.608695652,10,0.086956522,0.852941176,0,0,0,0,0,0,0,0,0,0,0,0,0,0,265,0,0,0,0,0,0,0,0,0,0,0,0,1
ottawa_ons2022_beaverbrook_3005_00000_2_3_percent,195,35,0.179487179,0.153846154,0,0.075,1,0.425,0.425,0,0,0,NA,0,0,0.076923077,11.8,44800,50000,45000,53000,12.8,18.5,0.714285714,0,40,0.205128205,0,0,25,0.208333333,0,0,39.6,42.4,15.4,40,0.5,200,85,85,0,15,0,0,0,NA,0,NA,40,0.666666667,10,0.166666667,0,0,0,0,0,0,20,0.25,10,0.125,1,0.333333333,0,0,0,0,0,0,0,0,0,0,0,0,0,200,0,0,0,0,0,0,0,0,0,0,0,0,1
ottawa_ons2022_beckwith_3401_00000_1_8_percent,375,45,0.12,0.053333333,0,0,1,0.513157895,0.407894737,0,0,0,NA,0,0.15,0.066666667,5,50400,58800,51200,59600,9,9.4,0.7,0,0,0,0,0,0,0,0,0,33.1,36.8,5.3,15,0.1,380,195,155,0,0,0,0,10,Inf,0,NA,150,1,0,0,0,0,0,0,0,0,40,0.210526316,40,0.210526316,0.85,0.066666667,0,0,0,0,0,0,0,0,0,0,0,0,0,380,0,0,0,0,0,0,0,0,0,0,0,0,1
ottawa_ons2022_beechwood_cemetery_3006_09999_0_0_percent,NA,NA,NA,NA,NA,NA,NA,NA,NA,NA,NA,NA,NA,NA,NA,NA,NA,NA,NA,NA,NA,NA,NA,NA,NA,NA,NA,NA,NA,NA,NA,NA,NA,NA,NA,NA,NA,NA,NA,NA,NA,NA,NA,NA,NA,NA,NA,NA,NA,NA,NA,NA,NA,NA,NA,NA,NA,NA,NA,NA,NA,NA,NA,NA,NA,NA,NA,NA,NA,NA,NA,NA,NA,NA,NA,NA,NA,NA,NA,NA,NA,NA,NA,NA,NA,NA,NA,NA,NA,NA,NA,NA
ottawa_ons2022_bells_corners_east_3007_00000_1_1_percent,185,30,0.162162162,0.081081081,0,0,1,0.421052632,0.5,0,0,0,NA,0,0.15,0.081081081,0,47000,58000,43000,53000,11.6,14.8,0.6,0,30,0.162162162,0,0,20,0.166666667,0,0,38.2,42.4,8.1,45,0.642857143,190,80,95,0,0,0,0,0,NA,0,NA,65,0.8125,10,0.125,0,0,0,0,0,0,25,0.25,10,0.1,0.9,0,0,0,0,0,0,0,0,0,0,0,0,0,0,190,0,0,0,0,0,0,0,0,0,0,0,0,1
ottawa_ons2022_bells_corners_west_3008_00000_2_6_percent,130,0,0,0.076923077,0,0,1,0.5,0.423076923,0.076923077,0,0,NA,0,0.2,0.076923077,0,47000,52000,44000,54000,12,20,0.466666667,0,0,0,0,0,0,0,0,NA,34,36,7.7,10,0.25,130,65,55,10,0,0,0,0,NA,0,NA,45,0.9,0,0,0,0,0,0,0,0,20,0.266666667,10,0.133333333,0.733333333,0,0,0,0,0,0,0,0,0,0,0,0,0,0,130,0,0,0,0,0,0,0,0,0,0,0,0,1
ottawa_ons2022_billings_bridge_heron_park_3009_00000_6_4_percent,235,50,0.212765957,0,0,0,1,0.382978723,0.361702128,0.212765957,0,0,NA,0,0.206896552,0.191489362,7.4,40400,48000,30800,35600,13.6,19.6,0.551724138,0,55,0.234042553,0,0,55,0.289473684,0,NA,30.2,28.4,0,30,0.545454545,235,90,85,50,0,0,0,0,NA,0,NA,55,0.611111111,15,0.166666667,0,0,0,0,10,0.111111111,35,0.269230769,20,0.153846154,0.75862069,0.111111111,0,0,0,0,0,0,0,0,0,0,0,0,0,235,0,0,0,0,0,0,0,0,0,0,0,0,1
ottawa_ons2022_blackburn_hamlet_3010_00000_2_3_percent,245,40,0.163265306,0.040816327,0,0,1,0.551020408,0.326530612,0,0,0,NA,0,0.3,0.12244898,20.7,45600,46400,40800,44400,11.6,20,0.533333333,0,0,0,0,0,0,0,0,NA,36,36.8,4.1,30,0.315789474,245,135,80,0,0,0,0,10,Inf,0,NA,55,0.733333333,15,0.2,0,0,0,0,0,0,40,0.347826087,0,0,0.733333333,0,0,0,0,0,0,0,0,0,0,0,0,0,0,245,0,0,0,0,0,0,0,0,0,0,0,0,1
ottawa_ons2022_blossom_park_timbermill_3011_00000_2_0_percent,145,0,0,0.172413793,0,0,1,0.392857143,0.5,0,0,0,NA,0,0.277777778,0.137931034,22.2,43000,46000,40000,49000,14,18.5,0.611111111,0,0,0,0,0,0,0,0,0,42,46.8,17.2,15,0.272727273,140,55,70,0,0,0,0,15,Inf,0,NA,15,0.6,0,0,0,0,0,0,10,0.4,15,0.375,0,0,0.722222222,0,0,0,0,0,0,0,0,0,0,0,0,0,0,140,0,0,0,0,0,0,0,0,0,0,0,0,1
ottawa_ons2022_bonnechere_valley_3703_00000_4_5_percent,305,60,0.196721311,0.131147541,0,0,1,0.55,0.45,0,0,0,NA,0,0.142857143,0.131147541,22.2,38400,41200,36400,44000,18,24.4,0.6,0,55,0.183333333,0,0,45,0.2,0,0,41,44.4,13.1,30,0.333333333,300,165,135,0,0,0,0,0,NA,0,NA,130,0.928571429,0,0,0,0,0,0,0,0,0,0,15,0.107142857,0.828571429,0.214285714,0,0,0,0,0,0,0,0,0,0,0,0,0,300,0,0,0,0,0,0,0,0,0,0,0,0,1
ottawa_ons2022_borden_farm_fisher_glen_3012_00000_3_2_percent,220,30,0.136363636,0.136363636,0,0,1,0.6,0.288888889,0.088888889,0,0,NA,0,0.08,0.090909091,18.2,51600,61000,53600,62000,12.8,12.4,0.68,0,0,0,0,0,0,0,0,0,39,36.8,13.6,20,0.25,225,135,65,20,0,0,0,15,Inf,0,NA,30,0.666666667,10,0.222222222,0,0,0,0,0,0,50,0.526315789,15,0.157894737,0.92,0.222222222,0,0,0,0,0,0,0,0,0,0,0,0,0,225,0,0,0,0,0,0,0,0,0,0,0,0,1
ottawa_ons2022_braemar_park_belair_heights_copeland_park_3013_00000_4_5_percent,230,25,0.108695652,0.108695652,0,0,1,0.311111111,0.511111111,0,0,0,NA,0,0.161290323,0.195652174,13.8,44000,49200,40800,48400,10.8,18,0.580645161,0,20,0.088888889,0,NA,20,0.108108108,0,0,42.6,38.8,10.9,10,0.4,225,70,115,0,0,0,0,0,NA,0,NA,65,0.8125,10,0.125,0,0,0,0,0,0,45,0.346153846,20,0.153846154,0.870967742,0,0,0,0,0,0,0,0,0,0,0,0,0,0,225,0,0,0,0,0,0,0,0,0,0,0,0,1
ottawa_ons2022_bridlewood_emerald_meadows_3014_00000_1_2_percent,525,50,0.095238095,0.076190476,0,0,1,0.59047619,0.380952381,0,0,0,NA,0,0.074074074,0.057142857,9.8,53600,60000,50400,55200,11.8,13.8,0.814814815,0,30,0.056603774,0,0,20,0.063492063,0,0,32.3,33.2,7.6,65,0.282608696,525,310,200,0,0,0,0,20,Inf,0,NA,110,0.956521739,0,0,0,0,0,0,0,0,110,0.488888889,20,0.088888889,0.944444444,0,0,0,0,0,0,0,0,0,0,0,0,0,0,525,0,0,0,0,0,0,0,0,0,0,0,0,1
ottawa_ons2022_britannia_3015_00000_4_2_percent,230,15,0.065217391,0.130434783,0,0,1,0.304347826,0.543478261,0.086956522,0,0,NA,0,0.193548387,0.282608696,16,42400,49000,40800,45200,17,22.4,0.580645161,0,55,0.244444444,0,0,45,0.264705882,0,0,42.4,42.8,13,25,0.555555556,230,70,125,20,0,0,0,10,Inf,0,NA,30,0.545454545,10,0.181818182,10,0.181818182,0,0,0,0,50,0.476190476,0,0,0.774193548,0,0,0,0,0,0,0,0,0,0,0,0,0,0,230,0,0,0,0,0,0,0,0,0,0,0,0,1
ottawa_ons2022_brookside_briarbrook_morgans_grant_3016_00000_1_0_percent,315,50,0.158730159,0.031746032,0,0,1,0.580645161,0.370967742,0,0,0,NA,0,0.1,0.031746032,15.6,50800,61200,53200,66500,6.8,10,0.766666667,0,50,0.158730159,0,0,25,0.135135135,0,NA,29.9,27.4,3.2,45,0.310344828,310,180,115,0,0,0,0,35,Inf,0,NA,65,0.928571429,0,0,0,0,0,0,0,0,65,0.5,15,0.115384615,0.933333333,0,0,0,0,0,0,0,0,0,0,0,0,0,0,310,0,0,0,0,0,0,0,0,0,0,0,0,1
ottawa_ons2022_brudenell_lyndoch_and_raglan_3704_00000_5_1_percent,80,20,0.25,0.375,0,0,1,0.25,0.6875,0,0,0,NA,0,0,0.1875,50,24000,23000,24000,24000,36,44,0.5,0,15,0.2,0,NA,0,0,0,0,47,49.2,37.5,0,0,80,20,55,0,0,0,0,0,NA,0,NA,15,1,0,0,0,0,0,0,0,0,0,0,10,0.666666667,0.666666667,0,0,0,0,0,0,0,0,0,0,0,0,0,0,80,0,0,0,0,0,0,0,0,0,0,0,0,1
ottawa_ons2022_cardinal_creek_3017_00000_1_7_percent,390,70,0.179487179,0.076923077,0,0,1,0.346153846,0.564102564,0.025641026,0,0,NA,0,0.095238095,0.051282051,6.8,52000,54000,50000,56400,7.4,12,0.714285714,0,0,0,0,0,0,0,0,0,35.4,32,7.7,100,0.625,390,135,220,10,0,0,0,145,Inf,15,Inf,105,0.875,10,0.083333333,0,0,0,0,0,0,90,0.43902439,10,0.048780488,0.904761905,0,0,0,0,0,0,0,0,0,0,0,0,0,0,390,0,0,0,0,0,0,0,0,0,0,0,0,1
ottawa_ons2022_carleton_heights_courtland_park_3018_00000_3_6_percent,210,55,0.261904762,0,0,0,1,0.452380952,0.357142857,0,0,0,NA,0,0.111111111,0.119047619,8,45000,54000,38000,45000,6.6,12,0.722222222,0,0,0,0,0,0,0,0,NA,29.2,24.8,0,30,0.428571429,210,95,75,0,0,0,0,15,Inf,0,NA,55,0.785714286,15,0.214285714,0,0,0,0,0,0,45,0.391304348,0,0,0.888888889,0,0,0,0,0,0,0,0,0,0,0,0,0,0,210,0,0,0,0,0,0,0,0,0,0,0,0,1
ottawa_ons2022_carleton_place_3402_00000_2_3_percent,570,125,0.219298246,0.096491228,0,0,1,0.442477876,0.433628319,0.061946903,0,0,NA,0,0.078431373,0.078947368,4.8,41000,43800,37800,43000,13,19,0.509803922,0,60,0.105263158,0,0,40,0.114285714,0,0,33.8,28.6,9.6,70,0.269230769,565,250,245,35,0,0,0,10,Inf,0,NA,185,0.880952381,0,0,10,0.047619048,0,0,10,0.047619048,85,0.293103448,50,0.172413793,0.901960784,0.119047619,0,0,0,0,0,0,0,0,0,0,0,0,0,565,0,0,0,0,0,0,0,0,0,0,0,0,1
ottawa_ons2022_carleton_university_3019_09999_0_0_percent,NA,NA,NA,NA,NA,NA,NA,NA,NA,NA,NA,NA,NA,NA,NA,NA,NA,NA,NA,NA,NA,NA,NA,NA,NA,NA,NA,NA,NA,NA,NA,NA,NA,NA,NA,NA,NA,NA,NA,NA,NA,NA,NA,NA,NA,NA,NA,NA,NA,NA,NA,NA,NA,NA,NA,NA,NA,NA,NA,NA,NA,NA,NA,NA,NA,NA,NA,NA,NA,NA,NA,NA,NA,NA,NA,NA,NA,NA,NA,NA,NA,NA,NA,NA,NA,NA,NA,NA,NA,NA,NA,NA
ottawa_ons2022_carlington_3020_00000_4_4_percent,610,120,0.196721311,0.040983607,0,0.016260163,1,0.536585366,0.268292683,0.12195122,0,0,NA,0,0.166666667,0.213114754,17.1,40800,48400,36200,47200,14.3,22.8,0.602564103,0,135,0.221311475,0,0,105,0.221052632,0,0,35,33.6,4.1,110,0.628571429,615,330,165,75,10,0,0,10,Inf,0,NA,125,0.675675676,40,0.216216216,15,0.081081081,0,0,0,0,105,0.355932203,35,0.118644068,0.820512821,0.054054054,0,0,0,0,0,0,0,0,0,0,0,0,0,615,0,0,0,0,0,0,0,0,0,0,0,0,1
ottawa_ons2022_carp_3021_00000_1_8_percent,195,40,0.205128205,0.051282051,0,0,1,0.375,0.575,0,0,0,NA,0,0,0,11.8,64000,88000,72000,92000,4.8,6.6,0.75,0,0,0,0,0,0,0,0,NA,26.7,20.4,5.1,15,0.136363636,200,75,115,0,0,0,0,0,NA,0,NA,40,1,0,0,0,0,0,0,0,0,35,0.4375,10,0.125,1,0,0,0,0,0,0,0,0,0,0,0,0,0,0,200,0,0,0,0,0,0,0,0,0,0,0,0,1
ottawa_ons2022_carson_grove_carson_meadows_3022_00000_2_5_percent,385,70,0.181818182,0.155844156,0,0,1,0.675324675,0.272727273,0.038961039,0,0,NA,0,0.090909091,0.155844156,12.5,38800,40000,35000,42000,17.6,24.4,0.568181818,0,45,0.116883117,0,0,35,0.12962963,0,0,40,38,15.6,70,0.518518519,385,260,105,15,0,0,0,120,Inf,0,NA,65,0.619047619,15,0.142857143,20,0.19047619,0,0,0,0,65,0.382352941,15,0.088235294,0.909090909,0,0,0,0,0,0,0,0,0,0,0,0,0,0,385,0,0,0,0,0,0,0,0,0,0,0,0,1
ottawa_ons2022_casselman_3602_00000_2_7_percent,140,10,0.071428571,0.178571429,0,0,1,0.714285714,0.321428571,0,0,0,NA,0,0.1875,0.178571429,0,50000,47000,46000,51000,12.4,22,0.6875,0,0,0,0,NA,0,0,0,0,43.6,40.8,17.9,0,0,140,100,45,0,0,0,0,100,Inf,10,Inf,60,0.923076923,0,0,0,0,0,0,0,0,10,0.133333333,0,0,0.875,0,0,0,0,0,0,0,0,0,0,0,0,0,0,140,0,0,0,0,0,0,0,0,0,0,0,0,1
ottawa_ons2022_centrepointe_briargreen_3023_00000_1_9_percent,165,25,0.151515152,0.090909091,0,0,1,0.484848485,0.393939394,0,0,0,NA,0,0,0.060606061,20,57000,84000,51000,69000,7,10,0.666666667,0,30,0.181818182,0,0,30,0.24,0,0,38.4,33.6,9.1,20,0.4,165,80,65,0,0,0,0,0,NA,0,NA,35,0.777777778,10,0.222222222,0,0,0,0,0,0,35,0.4375,15,0.1875,1,0,0,0,0,0,0,0,0,0,0,0,0,0,0,165,0,0,0,0,0,0,0,0,0,0,0,0,1
ottawa_ons2022_centretown_3024_00000_5_7_percent,875,120,0.137142857,0.045714286,0,0,1,0.502857143,0.388571429,0.068571429,0,0,NA,0,0.069767442,0.428571429,13.9,47600,59000,44900,55200,7.5,11.9,0.674418605,0,180,0.205714286,0,0,155,0.203947368,0,0,37,33.6,4.6,45,0.45,875,440,340,60,0,0,0,70,Inf,0,NA,65,0.270833333,50,0.208333333,105,0.4375,15,0.0625,10,0.041666667,280,0.533333333,15,0.028571429,0.92248062,0.041666667,0,0,0,0,0,0,0,0,0,0,0,0,0,875,0,0,0,0,0,0,0,0,0,0,0,0,1
ottawa_ons2022_champlain_3603_00000_2_8_percent,250,30,0.12,0.16,0,0,1,0.44,0.48,0,0,0,NA,0,0.214285714,0.12,10.5,38000,41000,31800,37600,18,28.4,0.571428571,0,35,0.137254902,0,0,25,0.166666667,0,0,43,48,16,25,0.333333333,250,110,120,0,0,0,0,145,Inf,25,Inf,55,1,0,0,0,0,0,0,0,0,30,0.375,10,0.125,0.785714286,0.363636364,0,0,0,0,0,0,0,0,0,0,0,0,0,250,0,0,0,0,0,0,0,0,0,0,0,0,1
ottawa_ons2022_chapel_hill_north_3025_00000_1_4_percent,340,55,0.161764706,0.088235294,0,0,1,0.402985075,0.537313433,0,0,0,NA,0,0.057142857,0.044117647,19.4,52800,57200,50000,58000,7.8,13.4,0.657142857,0,0,0,0,0,0,0,0,0,35.3,38.4,8.8,70,0.538461538,335,135,180,0,0,0,0,80,Inf,0,NA,70,0.777777778,10,0.111111111,0,0,0,0,0,0,60,0.413793103,10,0.068965517,0.942857143,0,0,0,0,0,0,0,0,0,0,0,0,0,0,335,0,0,0,0,0,0,0,0,0,0,0,0,1
ottawa_ons2022_chapel_hill_south_3026_00000_1_3_percent,350,50,0.142857143,0.1,0,0,1,0.352112676,0.61971831,0,0,0,NA,0,0,0.071428571,8.6,60800,79000,59200,78500,8.4,11,0.844444444,0,50,0.142857143,0,0,30,0.125,0,0,39.5,37.2,10,35,0.333333333,355,125,220,0,0,0,0,135,Inf,0,NA,85,0.944444444,0,0,0,0,0,0,0,0,70,0.451612903,10,0.064516129,0.977777778,0.111111111,0,0,0,0,0,0,0,0,0,0,0,0,0,355,0,0,0,0,0,0,0,0,0,0,0,0,1
ottawa_ons2022_chapman_mills_3027_00000_1_4_percent,120,30,0.25,0,0,0,1,0.4,0.44,0.08,0,0,NA,0,0,0,28.6,48000,64000,54000,68000,3.2,8,0.916666667,0,0,0,0,0,0,0,0,NA,25.8,23,0,15,0.272727273,125,50,55,10,0,0,0,0,NA,0,NA,30,1,0,0,0,0,0,0,0,0,25,0.5,0,0,0.916666667,0,0,0,0,0,0,0,0,0,0,0,0,0,0,125,0,0,0,0,0,0,0,0,0,0,0,0,1
ottawa_ons2022_city_view_3028_00000_4_8_percent,245,55,0.224489796,0.163265306,0,0,1,0.551020408,0.326530612,0.081632653,0,0,NA,0,0.272727273,0.081632653,18.2,40400,47000,38400,48000,13.6,20.4,0.363636364,0,35,0.142857143,0,0,30,0.181818182,0,0,34.6,28.8,16.3,15,0.2,245,135,80,20,0,0,0,0,NA,0,NA,55,0.846153846,0,0,0,0,0,0,10,0.153846154,30,0.315789474,15,0.157894737,0.727272727,0,0,0,0,0,0,0,0,0,0,0,0,0,0,245,0,0,0,0,0,0,0,0,0,0,0,0,1
ottawa_ons2022_civic_hospital_3029_00000_2_7_percent,75,0,0,0.2,0,0,1,0.466666667,0.333333333,0,0,0,NA,0,0,0.2,0,42000,46000,38000,46000,12,20,0.8,0,0,0,0,NA,0,0,0,NA,42,45.6,20,0,0,75,35,25,0,0,0,0,0,NA,0,NA,15,0.6,0,0,10,0.4,0,0,0,0,10,0.333333333,0,0,1,0,0,0,0,0,0,0,0,0,0,0,0,0,0,75,0,0,0,0,0,0,0,0,0,0,0,0,1
ottawa_ons2022_clarence_rockland_3604_00000_1_7_percent,1360,180,0.132352941,0.139705882,0,0,1,0.488970588,0.470588235,0.007352941,0,0,NA,0,0.125,0.0625,8.9,47800,52900,44200,51700,12.5,16.5,0.588235294,0,85,0.0625,0,0,50,0.0625,15,0.078947368,37.8,38.4,14,155,0.319587629,1360,665,640,10,0,0,0,620,Inf,45,Inf,390,0.906976744,0,0,25,0.058139535,0,0,15,0.034883721,175,0.289256198,135,0.223140496,0.875,0.069767442,0,0,0,0,0,0,0,0,0,0,0,0,0,1360,0,0,0,0,0,0,0,0,0,0,0,0,1
ottawa_ons2022_colonnade_business_park_3030_09999_0_0_percent,NA,NA,NA,NA,NA,NA,NA,NA,NA,NA,NA,NA,NA,NA,NA,NA,NA,NA,NA,NA,NA,NA,NA,NA,NA,NA,NA,NA,NA,NA,NA,NA,NA,NA,NA,NA,NA,NA,NA,NA,NA,NA,NA,NA,NA,NA,NA,NA,NA,NA,NA,NA,NA,NA,NA,NA,NA,NA,NA,NA,NA,NA,NA,NA,NA,NA,NA,NA,NA,NA,NA,NA,NA,NA,NA,NA,NA,NA,NA,NA,NA,NA,NA,NA,NA,NA,NA,NA,NA,NA,NA,NA
ottawa_ons2022_constance_bay_3031_00000_5_1_percent,160,30,0.1875,0.0625,0,0,1,0.290322581,0.677419355,0,0,0,NA,0,0.125,0.125,29.4,43000,49000,45000,49000,9.2,14,0.8125,0,0,0,0,0,0,0,0,NA,32.4,33.6,6.3,0,0,155,45,105,0,0,0,0,0,NA,0,NA,30,1,0,0,0,0,0,0,0,0,30,0.5,20,0.333333333,0.9375,0,0,0,0,0,0,0,0,0,0,0,0,0,0,155,0,0,0,0,0,0,0,0,0,0,0,0,1
ottawa_ons2022_convent_glen_orleans_woods_3032_00000_1_5_percent,420,70,0.166666667,0.142857143,0,0,1,0.428571429,0.511904762,0.05952381,0,0,NA,0,0.090909091,0.083333333,17,47200,51200,46800,54000,8.6,14.2,0.636363636,0,40,0.094117647,0,0,25,0.092592593,0,0,37.7,36,14.3,55,0.35483871,420,180,215,25,0,0,0,125,Inf,15,Inf,85,0.772727273,25,0.227272727,0,0,0,0,0,0,80,0.432432432,35,0.189189189,0.909090909,0.181818182,0,0,0,0,0,0,0,0,0,0,0,0,0,420,0,0,0,0,0,0,0,0,0,0,0,0,1
ottawa_ons2022_corkery_3033_00000_2_5_percent,100,0,0,0.15,0,0,1,0.666666667,0.285714286,0,0,0,NA,0,0,0,18.2,50000,56000,52000,60000,9,9.5,0.909090909,0,0,0,0,NA,0,0,0,NA,38.8,40.4,15,10,0.25,105,70,30,0,0,0,0,0,NA,0,NA,40,1,0,0,0,0,0,0,0,0,15,0.3,15,0.3,1,0.25,0,0,0,0,0,0,0,0,0,0,0,0,0,105,0,0,0,0,0,0,0,0,0,0,0,0,1
ottawa_ons2022_cornwall_3802_00000_2_5_percent,2615,430,0.164435946,0.116634799,0,0.011494253,1,0.691570881,0.229885057,0.03256705,0,0,0,0,0.259414226,0.13957935,16,33840,32700,30160,32500,31.3,39.4,0.464435146,0,715,0.273422562,270,0.327272727,335,0.226351351,110,0.360655738,33.8,30.8,11.7,545,0.519047619,2610,1805,600,85,30,0,0,140,Inf,0,NA,610,0.84137931,35,0.048275862,50,0.068965517,0,0,20,0.027586207,90,0.110429448,115,0.141104294,0.740585774,0.075862069,0,0,0,0,0,0,0,0,0,0,0,0,0,2610,0,0,0,0,0,0,0,0,0,0,0,0,1
ottawa_ons2022_craig_henry_manordale_3034_00000_2_2_percent,215,50,0.23255814,0.046511628,0,0,1,0.5,0.409090909,0.068181818,0,0,NA,0,0.086956522,0.046511628,19.4,40800,40000,39200,40000,14.4,21,0.739130435,0,0,0,0,0,0,0,0,NA,31,28.8,4.7,25,0.5,220,110,90,15,0,0,0,0,NA,0,NA,45,0.692307692,20,0.307692308,0,0,0,0,0,0,50,0.434782609,10,0.086956522,0.913043478,0,0,0,0,0,0,0,0,0,0,0,0,0,0,220,0,0,0,0,0,0,0,0,0,0,0,0,1
ottawa_ons2022_crestview_tanglewood_3035_00000_1_4_percent,200,25,0.125,0,0,0,1,0.525,0.25,0.175,0,0,NA,0,0.217391304,0,16,38000,41000,38000,45000,11.2,17.5,0.652173913,0,0,0,0,0,0,0,0,NA,30.1,32.4,0,30,0.375,200,105,50,35,0,0,0,0,NA,0,NA,25,0.416666667,10,0.166666667,0,0,0,0,10,0.166666667,45,0.45,10,0.1,0.826086957,0,0,0,0,0,0,0,0,0,0,0,0,0,0,200,0,0,0,0,0,0,0,0,0,0,0,0,1
ottawa_ons2022_crystal_bay_lakeview_park_3036_00000_2_0_percent,135,20,0.148148148,0.111111111,0,0,1,0.615384615,0.346153846,0,0,0,NA,0,0.166666667,0,20,41000,42000,38500,46000,14,22,0.333333333,0,0,0,0,0,0,0,0,NA,31.6,27,11.1,35,0.538461538,130,80,45,0,0,0,0,0,NA,0,NA,25,0.833333333,0,0,0,0,0,0,0,0,10,0.25,0,0,0.833333333,0,0,0,0,0,0,0,0,0,0,0,0,0,0,130,0,0,0,0,0,0,0,0,0,0,0,0,1
ottawa_ons2022_cumberland_3037_00000_1_2_percent,145,25,0.172413793,0.172413793,0,0,1,0.535714286,0.428571429,0,0,0,NA,0,0.176470588,0.172413793,0,47000,58000,43000,50000,10.4,14.8,0.764705882,0,25,0.178571429,0,0,0,0,0,0,48,53.6,17.2,10,0.2,140,75,60,0,0,0,0,50,Inf,0,NA,70,1,0,0,0,0,0,0,0,0,20,0.222222222,10,0.111111111,0.823529412,0,0,0,0,0,0,0,0,0,0,0,0,0,0,140,0,0,0,0,0,0,0,0,0,0,0,0,1
ottawa_ons2022_deep_river_3705_00000_2_4_percent,255,25,0.098039216,0.117647059,0,0,1,0.509803922,0.450980392,0,0,0,NA,0,0.225806452,0.215686275,0,46400,62000,50400,73500,10,13,0.612903226,0,45,0.18,0,0,40,0.228571429,0,0,40.8,44,11.8,10,0.142857143,255,130,115,0,0,0,0,10,Inf,0,NA,70,0.7,0,0,15,0.15,0,0,0,0,25,0.2,20,0.16,0.774193548,0.1,0,0,0,0,0,0,0,0,0,0,0,0,0,255,0,0,0,0,0,0,0,0,0,0,0,0,1
ottawa_ons2022_drummond_north_elmsley_3403_00000_2_7_percent,295,50,0.169491525,0.13559322,0,0,1,0.525423729,0.406779661,0,0,0,NA,0,0.236842105,0.101694915,20,36800,41200,37600,41600,17.6,22.4,0.473684211,0,25,0.083333333,0,0,15,0.066666667,0,0,43.4,46.4,13.6,40,0.421052632,295,155,120,0,0,0,0,20,Inf,0,NA,90,0.9,0,0,0,0,0,0,10,0.1,15,0.130434783,25,0.217391304,0.763157895,0.1,0,0,0,0,0,0,0,0,0,0,0,0,0,295,0,0,0,0,0,0,0,0,0,0,0,0,1
ottawa_ons2022_dunrobin_3038_00000_2_2_percent,130,0,0,0,0,0,1,0.407407407,0.407407407,0,0,0,NA,0,0,0,0,68000,96000,61000,80000,3,4.4,0.764705882,0,0,0,0,0,0,0,0,NA,32.8,36.8,0,20,0.363636364,135,55,55,0,0,0,0,0,NA,0,NA,20,1,0,0,0,0,0,0,0,0,50,0.714285714,0,0,1,0,0,0,0,0,0,0,0,0,0,0,0,0,0,135,0,0,0,0,0,0,0,0,0,0,0,0,1
ottawa_ons2022_east_hawkesbury_3605_00000_2_2_percent,110,10,0.090909091,0.136363636,0,0,1,0.454545455,0.545454545,0,0,0,NA,0,0.166666667,0,0,42000,42000,37500,44000,14,26,0.583333333,0,20,0.181818182,0,0,0,0,15,1,38,42.4,13.6,0,0,110,50,60,0,0,0,0,85,Inf,45,Inf,45,1,0,0,0,0,0,0,0,0,20,0.307692308,25,0.384615385,0.833333333,0,0,0,0,0,0,0,0,0,0,0,0,0,0,110,0,0,0,0,0,0,0,0,0,0,0,0,1
ottawa_ons2022_edwards_carlsbad_springs_3039_00000_5_6_percent,125,0,0,0.16,0,0,1,0.333333333,0.625,0,0,0,NA,0,0.142857143,0,0,57000,65000,53000,63000,9.2,10.4,0.642857143,0,0,0,0,0,0,0,0,0,41.2,48,16,10,0.25,120,40,75,0,0,0,0,0,NA,0,NA,40,0.8,0,0,0,0,0,0,0,0,15,0.25,25,0.416666667,0.857142857,0,0,0,0,0,0,0,0,0,0,0,0,0,0,120,0,0,0,0,0,0,0,0,0,0,0,0,1
ottawa_ons2022_elmvale_canterbury_3040_00000_2_0_percent,225,50,0.222222222,0.088888889,0,0,1,0.636363636,0.340909091,0,0,0,NA,0,0.346153846,0.111111111,15.4,49200,66000,42800,54800,14,16.8,0.461538462,0,25,0.111111111,0,0,15,0.085714286,0,0,38.2,33.2,8.9,40,0.8,220,140,75,0,0,0,0,10,Inf,0,NA,45,0.5625,15,0.1875,10,0.125,0,0,0,0,35,0.318181818,0,0,0.653846154,0,0,0,0,0,0,0,0,0,0,0,0,0,0,220,0,0,0,0,0,0,0,0,0,0,0,0,1
ottawa_ons2022_emerald_woods_sawmill_creek_3041_00000_3_6_percent,95,10,0.105263158,0.105263158,0,0,1,0.736842105,0.157894737,0,0,0,NA,0,0.153846154,0.157894737,18.2,43000,50000,39500,50000,13,21,0.692307692,0,0,0,0,NA,0,0,0,NA,37.2,40,10.5,10,0.333333333,95,70,15,0,0,0,0,0,NA,0,NA,15,0.6,0,0,0,0,0,0,0,0,25,0.5,0,0,0.769230769,0,0,0,0,0,0,0,0,0,0,0,0,0,0,95,0,0,0,0,0,0,0,0,0,0,0,0,1
ottawa_ons2022_experimental_farm_3042_09999_0_0_percent,NA,NA,NA,NA,NA,NA,NA,NA,NA,NA,NA,NA,NA,NA,NA,NA,NA,NA,NA,NA,NA,NA,NA,NA,NA,NA,NA,NA,NA,NA,NA,NA,NA,NA,NA,NA,NA,NA,NA,NA,NA,NA,NA,NA,NA,NA,NA,NA,NA,NA,NA,NA,NA,NA,NA,NA,NA,NA,NA,NA,NA,NA,NA,NA,NA,NA,NA,NA,NA,NA,NA,NA,NA,NA,NA,NA,NA,NA,NA,NA,NA,NA,NA,NA,NA,NA,NA,NA,NA,NA,NA,NA
ottawa_ons2022_fallingbrook_3043_00000_1_4_percent,510,110,0.215686275,0.098039216,0,0,1,0.45631068,0.466019417,0.058252427,0,0,NA,0,0.063829787,0.049019608,11.5,47000,54600,46400,55200,7.9,12.2,0.765957447,0,0,0,0,0,0,0,0,0,34.5,30.8,9.8,45,0.1875,515,235,240,30,0,0,0,160,Inf,0,NA,100,0.769230769,20,0.153846154,0,0,10,0.076923077,0,0,105,0.456521739,15,0.065217391,0.957446809,0.076923077,0,0,0,0,0,0,0,0,0,0,0,0,0,515,0,0,0,0,0,0,0,0,0,0,0,0,1
ottawa_ons2022_findlay_creek_3044_00000_1_5_percent,200,30,0.15,0,0,0,1,0.65,0.25,0.075,0,0,NA,0,0,0,10,56000,76000,52000,61000,6.6,8.4,0.842105263,0,0,0,0,0,0,0,0,NA,28.5,25.8,0,40,0.4,200,130,50,15,0,0,0,30,Inf,10,Inf,35,1,0,0,0,0,0,0,0,0,60,0.666666667,15,0.166666667,1,0,0,0,0,0,0,0,0,0,0,0,0,0,0,200,0,0,0,0,0,0,0,0,0,0,0,0,1
ottawa_ons2022_fisher_heights_3045_00000_2_1_percent,70,0,0,0.142857143,0,0,1,0.642857143,0.357142857,0,0,0,NA,0,0,0,0,50000,56000,44000,48000,17,16,0.666666667,0,0,0,0,0,0,0,0,NA,30.8,31.8,14.3,0,0,70,45,25,0,0,0,0,0,NA,0,NA,15,0.6,0,0,0,0,0,0,15,0.6,10,0.25,0,0,1,0,0,0,0,0,0,0,0,0,0,0,0,0,0,70,0,0,0,0,0,0,0,0,0,0,0,0,1
ottawa_ons2022_fitzroy_3046_00000_4_2_percent,125,10,0.08,0.24,0,0,1,0.48,0.48,0,0,0,NA,0,0.125,0.08,27.3,31600,37500,29200,36500,22,28,0.25,0,0,0,0,NA,0,0,0,0,48.4,55.6,24,10,0.25,125,60,60,0,0,0,0,10,Inf,0,NA,25,1,0,0,0,0,0,0,0,0,10,0.285714286,0,0,0.8125,0.4,0,0,0,0,0,0,0,0,0,0,0,0,0,125,0,0,0,0,0,0,0,0,0,0,0,0,1
ottawa_ons2022_glebe_dows_lake_3047_00000_4_1_percent,220,40,0.181818182,0.090909091,0,0,1,0.644444444,0.222222222,0.044444444,0,0,NA,0,0.074074074,0.227272727,6.7,46400,50400,43200,49200,6.2,13.2,0.740740741,0,35,0.159090909,0,0,30,0.181818182,0,0,36,32.8,9.1,35,0.538461538,225,145,50,10,0,0,0,20,Inf,0,NA,40,0.666666667,0,0,15,0.25,0,0,0,0,75,0.535714286,25,0.178571429,0.962962963,0,0,0,0,0,0,0,0,0,0,0,0,0,0,225,0,0,0,0,0,0,0,0,0,0,0,0,1
ottawa_ons2022_glen_cairn_3048_00000_2_3_percent,395,80,0.202531646,0.151898734,0,0,1,0.683544304,0.291139241,0,0,0,NA,0,0.054054054,0.088607595,16.7,43600,41200,40800,41600,15.8,21.2,0.594594595,0,0,0,0,0,0,0,0,0,35.6,31.2,15.2,75,0.428571429,395,270,115,0,0,0,0,0,NA,0,NA,80,0.842105263,0,0,0,0,0,0,0,0,55,0.366666667,15,0.1,0.945945946,0,0,0,0,0,0,0,0,0,0,0,0,0,0,395,0,0,0,0,0,0,0,0,0,0,0,0,1
ottawa_ons2022_greater_madawaska_3706_00010_11_0_percent,160,10,0.0625,0.0625,0,0,1,0.258064516,0.709677419,0,0,0,NA,0,0,0,13.3,35500,39500,36000,41000,10.8,12.8,0.65,0,0,0,0,0,0,0,0,NA,38,35.2,6.3,10,0.181818182,155,40,110,0,0,0,0,0,NA,0,NA,60,0.923076923,0,0,0,0,0,0,0,0,0,0,20,0.285714286,0.9,0.230769231,0,0,0,0,0,0,0,0,0,0,0,0,0,155,0,0,0,0,0,0,0,0,0,0,0,0,1
ottawa_ons2022_greely_3049_00000_0_9_percent,310,50,0.161290323,0.080645161,0,0,1,0.548387097,0.35483871,0,0,0,NA,0,0,0,21.2,56800,64500,53600,64500,5.8,8,0.677419355,0,0,0,0,0,0,0,0,0,33.4,29.6,8.1,25,0.15625,310,170,110,0,0,0,0,20,Inf,0,NA,65,0.928571429,0,0,0,0,0,0,0,0,65,0.481481481,20,0.148148148,1,0,0,0,0,0,0,0,0,0,0,0,0,0,0,310,0,0,0,0,0,0,0,0,0,0,0,0,1
ottawa_ons2022_greenbelt_east_3050_00000_6_9_percent,15,10,0.666666667,0,0,0,1,0,0,0,0,0,NA,0,0,0,0,NA,NA,NA,NA,NA,NA,0,0,0,NA,0,NA,0,NA,0,NA,44,NA,0,0,NA,15,0,0,0,0,0,0,0,NA,0,NA,0,0,0,0,0,0,0,0,0,0,0,0,0,0,0,0,0,0,0,0,0,0,0,0,0,0,0,0,0,15,0,0,0,0,0,0,0,0,0,0,0,0,1
ottawa_ons2022_greenbelt_west_3051_00919_12_5_percent,0,0,NA,NA,NA,NA,NA,NA,NA,NA,NA,NA,NA,NA,NA,NA,0,NA,NA,NA,NA,NA,NA,NA,0,NA,NA,NA,NA,NA,NA,NA,NA,NA,NA,0,0,NA,0,0,0,0,0,0,0,0,NA,0,NA,0,NA,0,NA,0,NA,0,NA,0,NA,0,NA,0,NA,NA,NA,0,0,0,0,0,0,0,0,0,0,0,0,0,0,NA,NA,NA,NA,NA,NA,NA,NA,NA,NA,NA,NA,NA
ottawa_ons2022_greenboro_east_3052_00000_2_0_percent,80,10,0.125,0.125,0,0,1,0.733333333,0.266666667,0,0,0,NA,0,0,0,0,58000,64000,54000,60000,12,13,0.857142857,0,0,0,0,0,0,0,0,NA,30.8,34,12.5,10,0.333333333,75,55,20,0,0,0,0,0,NA,0,NA,15,1,0,0,0,0,0,0,0,0,15,0.5,0,0,1,0,0,0,0,0,0,0,0,0,0,0,0,0,0,75,0,0,0,0,0,0,0,0,0,0,0,0,1
ottawa_ons2022_greenboro_west_3053_00000_2_2_percent,120,10,0.083333333,0,0,0,1,0.869565217,0.086956522,0,0,0,NA,0,0.25,0.083333333,0,48000,60000,46000,61000,9,17,0.8125,0,25,0.208333333,0,0,20,0.210526316,0,NA,36.4,36.4,0,35,0.875,115,100,10,0,0,0,0,20,Inf,0,NA,35,0.875,0,0,0,0,0,0,0,0,25,0.384615385,0,0,0.8125,0,0,0,0,0,0,0,0,0,0,0,0,0,0,115,0,0,0,0,0,0,0,0,0,0,0,0,1
ottawa_ons2022_hawkesbury_3606_00000_4_1_percent,400,25,0.0625,0.1875,0,0,1,0.6,0.3125,0.05,0,0,NA,0,0.391304348,0.1875,10.3,31800,32400,28600,33600,36,42,0.304347826,0,100,0.25,0,0,65,0.265306122,20,0.285714286,42.7,44.8,18.8,50,0.555555556,400,240,125,20,0,0,0,300,Inf,45,Inf,100,0.952380952,0,0,0,0,0,0,0,0,30,0.230769231,25,0.192307692,0.608695652,0,0,0,0,0,0,0,0,0,0,0,0,0,0,400,0,0,0,0,0,0,0,0,0,0,0,0,1
ottawa_ons2022_hawthorn_meadows_sheffield_glen_3054_00000_7_3_percent,290,50,0.172413793,0.189655172,0,0,1,0.543859649,0.350877193,0.035087719,0,0,NA,0,0.392857143,0.24137931,8.7,35600,43200,35200,44000,23.2,27.2,0.321428571,0,95,0.327586207,20,0.4,65,0.361111111,0,0,38.8,36.8,19,40,0.444444444,285,155,100,10,0,0,0,50,Inf,0,NA,30,0.461538462,10,0.153846154,15,0.230769231,0,0,0,0,40,0.4,15,0.15,0.607142857,0,0,0,0,0,0,0,0,0,0,0,0,0,0,285,0,0,0,0,0,0,0,0,0,0,0,0,1
ottawa_ons2022_head_clara_and_maria_3707_00009_4_1_percent,30,0,0,0.666666667,0,0,1,0.666666667,0,0,0,0,NA,0,0,0,0,NA,NA,NA,NA,NA,NA,0,0,NA,NA,NA,NA,NA,NA,NA,NA,66,65.5,66.7,0,NA,30,20,0,0,0,0,0,0,NA,0,NA,0,NA,0,NA,0,NA,0,NA,0,NA,0,NA,0,NA,0,NA,0,0,0,0,0,0,0,0,0,0,0,0,0,30,0,0,0,0,0,0,0,0,0,0,0,0,1
ottawa_ons2022_hintonburg_mechanicsville_3055_00000_3_8_percent,305,15,0.049180328,0.098360656,0,0,1,0.540983607,0.278688525,0.06557377,0,0,NA,0,0.125,0.31147541,20,46800,54400,43200,54400,13.4,20.4,0.675,0,45,0.147540984,0,0,30,0.139534884,0,0,35.2,31.2,9.8,50,0.769230769,305,165,85,20,0,0,0,10,Inf,0,NA,30,0.666666667,10,0.222222222,0,0,0,0,0,0,100,0.714285714,15,0.107142857,0.9,0,0,0,0,0,0,0,0,0,0,0,0,0,0,305,0,0,0,0,0,0,0,0,0,0,0,0,1
ottawa_ons2022_horton_3708_00000_5_3_percent,340,60,0.176470588,0.191176471,0,0,1,0.462686567,0.492537313,0,0,0,NA,0,0.151515152,0.029411765,6.3,34000,34800,33200,38800,19.2,24,0.515151515,0,45,0.132352941,0,0,20,0.1,0,0,42.1,45.6,19.1,50,0.37037037,335,155,165,0,0,0,0,0,NA,0,NA,125,1,0,0,0,0,0,0,0,0,30,0.2,15,0.1,0.818181818,0.12,0,0,0,0,0,0,0,0,0,0,0,0,0,335,0,0,0,0,0,0,0,0,0,0,0,0,1
ottawa_ons2022_hunt_club_park_3056_00000_3_4_percent,105,10,0.095238095,0,0,0,1,0.333333333,0.523809524,0,0,0,NA,0,0.222222222,0,0,50000,56000,42000,48000,18,20,0.555555556,0,0,0,0,0,0,0,0,NA,26.2,16.2,0,30,0.5,105,35,55,0,0,0,0,10,Inf,10,Inf,10,1,0,0,0,0,0,0,0,0,25,0.714285714,0,0,0.777777778,0,0,0,0,0,0,0,0,0,0,0,0,0,0,105,0,0,0,0,0,0,0,0,0,0,0,0,1
ottawa_ons2022_industrial_east_3057_09999_0_0_percent,NA,NA,NA,NA,NA,NA,NA,NA,NA,NA,NA,NA,NA,NA,NA,NA,NA,NA,NA,NA,NA,NA,NA,NA,NA,NA,NA,NA,NA,NA,NA,NA,NA,NA,NA,NA,NA,NA,NA,NA,NA,NA,NA,NA,NA,NA,NA,NA,NA,NA,NA,NA,NA,NA,NA,NA,NA,NA,NA,NA,NA,NA,NA,NA,NA,NA,NA,NA,NA,NA,NA,NA,NA,NA,NA,NA,NA,NA,NA,NA,NA,NA,NA,NA,NA,NA,NA,NA,NA,NA,NA,NA
ottawa_ons2022_iris_3058_00000_2_9_percent,265,50,0.188679245,0.056603774,0,0,1,0.622641509,0.320754717,0,0,0,NA,0,0.21875,0.188679245,17.6,37600,32800,36000,37600,13.6,28.4,0.53125,0,45,0.169811321,0,0,30,0.157894737,0,0,33.2,29,5.7,55,0.611111111,265,165,85,0,0,0,0,50,Inf,10,Inf,70,0.7,20,0.2,0,0,0,0,0,0,45,0.310344828,15,0.103448276,0.78125,0,0,0,0,0,0,0,0,0,0,0,0,0,0,265,0,0,0,0,0,0,0,0,0,0,0,0,1
ottawa_ons2022_island_park_wellington_village_3059_00000_1_9_percent,115,10,0.086956522,0.086956522,0,0,1,0.52173913,0.347826087,0,0,0,NA,0,0,0,0,64000,76000,54000,64000,5.2,8,0.833333333,0,0,0,0,0,0,0,0,NA,32.4,28.8,8.7,10,0.222222222,115,60,40,0,0,0,0,0,NA,0,NA,0,0,0,0,0,0,0,0,0,0,35,0.7,0,0,1,0,0,0,0,0,0,0,0,0,0,0,0,0,0,115,0,0,0,0,0,0,0,0,0,0,0,0,1
ottawa_ons2022_kanata_lakes_3060_00000_2_3_percent,185,0,0,0.297297297,0,0,1,0.405405405,0.486486486,0,0,0,NA,0,0,0.243243243,0,64000,77000,52000,61000,12.4,13.2,0.8,0,0,0,0,0,0,0,0,0,43,43.2,29.7,20,0.333333333,185,75,90,0,0,0,0,0,NA,0,NA,25,1,0,0,0,0,0,0,0,0,40,0.615384615,0,0,1,0,0,0,0,0,0,0,0,0,0,0,0,0,0,185,0,0,0,0,0,0,0,0,0,0,0,0,1
ottawa_ons2022_katimavik_hazeldean_3061_00000_1_7_percent,190,25,0.131578947,0.157894737,0,0,1,0.675675676,0.216216216,0,0,0,NA,0,0.166666667,0,15.8,42000,41000,41000,43000,17,20,0.833333333,0,0,0,0,0,0,0,0,0,36.4,35.6,15.8,20,0.333333333,185,125,40,0,0,0,0,10,Inf,0,NA,25,0.5,0,0,0,0,0,0,20,0.4,35,0.4375,15,0.1875,0.888888889,0,0,0,0,0,0,0,0,0,0,0,0,0,0,185,0,0,0,0,0,0,0,0,0,0,0,0,1
ottawa_ons2022_killaloe_hagarty_and_richards_3709_00000_5_3_percent,205,25,0.12195122,0.243902439,0,0,1,0.642857143,0.30952381,0,0,0,NA,0,0,0.048780488,12.5,34500,32000,36000,41000,19.5,30,0.588235294,0,0,0,0,0,0,0,0,0,37.6,33.6,24.4,15,0.176470588,210,135,65,0,0,0,0,0,NA,0,NA,55,1,0,0,0,0,0,0,0,0,15,0.2,20,0.266666667,0.882352941,0,0,0,0,0,0,0,0,0,0,0,0,0,0,210,0,0,0,0,0,0,0,0,0,0,0,0,1
ottawa_ons2022_kinburn_3062_00000_4_8_percent,90,15,0.166666667,0.111111111,0,0,1,0.166666667,0.666666667,0,0,0,NA,0,0,0,21.4,42000,50000,39000,50000,10,15,0.583333333,0,0,0,0,NA,0,0,0,NA,40.8,38.8,11.1,0,0,90,15,60,0,0,0,0,0,NA,0,NA,35,1,0,0,0,0,0,0,0,0,20,0.333333333,15,0.25,0.916666667,0,0,0,0,0,0,0,0,0,0,0,0,0,0,90,0,0,0,0,0,0,0,0,0,0,0,0,1
ottawa_ons2022_lanark_highlands_3404_00000_7_3_percent,260,15,0.057692308,0.134615385,0,0,1,0.529411765,0.450980392,0,0,0,NA,0,0.212121212,0.134615385,13.6,38000,50400,34000,49000,16.8,19.6,0.575757576,0,40,0.156862745,0,0,25,0.138888889,0,0,45.8,54.8,13.5,0,0,255,135,115,0,0,0,0,10,Inf,0,NA,55,1,0,0,0,0,0,0,0,0,40,0.421052632,15,0.157894737,0.757575758,0,0,0,0,0,0,0,0,0,0,0,0,0,0,255,0,0,0,0,0,0,0,0,0,0,0,0,1
ottawa_ons2022_laurentian_3063_00000_1_7_percent,205,30,0.146341463,0.146341463,0,0,1,0.523809524,0.261904762,0.095238095,0,0,NA,0,0,0.170731707,0,43200,44000,39600,46000,10.8,18.8,0.72,0,15,0.073170732,0,0,0,0,0,0,40.2,40,14.6,15,0.272727273,210,110,55,20,0,0,0,0,NA,0,NA,45,0.642857143,0,0,15,0.214285714,0,0,0,0,45,0.391304348,10,0.086956522,0.96,0,0,0,0,0,0,0,0,0,0,0,0,0,0,210,0,0,0,0,0,0,0,0,0,0,0,0,1
ottawa_ons2022_laurentian_hills_3710_00000_3_6_percent,340,45,0.132352941,0.102941176,0,0,1,0.676470588,0.279411765,0,0,0,NA,0,0.128205128,0.117647059,6.1,47600,52000,46000,52800,9.8,15.4,0.564102564,0,0,0,0,0,0,0,0,0,37.7,38,10.3,30,0.222222222,340,230,95,0,0,0,0,10,Inf,0,NA,130,1,0,0,0,0,0,0,0,0,20,0.133333333,10,0.066666667,0.846153846,0,0,0,0,0,0,0,0,0,0,0,0,0,0,340,0,0,0,0,0,0,0,0,0,0,0,0,1
ottawa_ons2022_laurentian_valley_3711_00000_1_9_percent,950,155,0.163157895,0.131578947,0,0,1,0.586387435,0.335078534,0,0,0,NA,0,0.130841121,0.073684211,12.2,43200,46400,42200,46100,14.3,17.7,0.682242991,0,65,0.068421053,0,0,55,0.083333333,0,0,40.1,41.2,13.2,55,0.171875,955,560,320,0,0,0,0,45,Inf,0,NA,435,0.97752809,0,0,0,0,0,0,10,0.02247191,60,0.118811881,70,0.138613861,0.869158879,0.06741573,0,0,0,0,0,0,0,0,0,0,0,0,0,955,0,0,0,0,0,0,0,0,0,0,0,0,1
ottawa_ons2022_lebreton_development_3064_00999_20_0_percent,NA,NA,NA,NA,NA,NA,NA,NA,NA,NA,NA,NA,NA,NA,NA,NA,NA,NA,NA,NA,NA,NA,NA,NA,NA,NA,NA,NA,NA,NA,NA,NA,NA,NA,NA,NA,NA,NA,NA,NA,NA,NA,NA,NA,NA,NA,NA,NA,NA,NA,NA,NA,NA,NA,NA,NA,NA,NA,NA,NA,NA,NA,NA,NA,NA,NA,NA,NA,NA,NA,NA,NA,NA,NA,NA,NA,NA,NA,NA,NA,NA,NA,NA,NA,NA,NA,NA,NA,NA,NA,NA,NA
ottawa_ons2022_ledbury_heron_gate_ridgemont_3065_00000_6_2_percent,315,50,0.158730159,0.079365079,0,0,1,0.380952381,0.492063492,0.095238095,0,0,NA,0,0.194444444,0.253968254,25,38800,41000,31000,36000,26.4,33.5,0.666666667,0,75,0.238095238,0,0,30,0.157894737,0,0,33.6,32.4,7.9,110,0.916666667,315,120,155,30,0,0,0,15,Inf,10,Inf,50,0.666666667,15,0.2,0,0,0,0,0,0,30,0.285714286,15,0.142857143,0.777777778,0,0,0,0,0,0,0,0,0,0,0,0,0,0,315,0,0,0,0,0,0,0,0,0,0,0,0,1
ottawa_ons2022_leslie_park_bruce_farm_3066_00000_3_8_percent,120,15,0.125,0.125,0,0,1,0.36,0.52,0.08,0,0,NA,0,0,0.083333333,18.2,62000,72000,62000,74000,8.5,11,0.818181818,0,0,0,0,0,0,0,0,NA,34.8,35.2,12.5,25,0.5,125,45,65,10,0,0,0,0,NA,0,NA,15,0.75,0,0,0,0,0,0,0,0,20,0.444444444,10,0.222222222,1,0,0,0,0,0,0,0,0,0,0,0,0,0,0,125,0,0,0,0,0,0,0,0,0,0,0,0,1
ottawa_ons2022_lowertown_east_3067_00000_6_5_percent,205,25,0.12195122,0.12195122,0,0,1,0.634146341,0.292682927,0,0,0,NA,0,0.346153846,0.43902439,19,30600,32500,25600,30000,30.4,40,0.461538462,0,60,0.3,0,0,50,0.3125,0,0,39.6,36,12.2,15,0.5,205,130,60,0,0,0,0,30,Inf,0,NA,35,0.5,15,0.214285714,20,0.285714286,0,0,0,0,20,0.235294118,20,0.235294118,0.692307692,0,0,0,0,0,0,0,0,0,0,0,0,0,0,205,0,0,0,0,0,0,0,0,0,0,0,0,1
ottawa_ons2022_lowertown_west_3068_00000_6_2_percent,205,45,0.219512195,0.073170732,0,0,1,0.571428571,0.30952381,0,0,0,NA,0,0.115384615,0.341463415,6.7,52400,73000,50000,66000,6.7,9,0.692307692,0,55,0.268292683,0,NA,40,0.228571429,0,0,38,32,7.3,10,0.5,210,120,65,0,0,0,0,55,Inf,0,NA,15,0.1875,15,0.1875,40,0.5,0,0,0,0,55,0.423076923,10,0.076923077,0.884615385,0,0,0,0,0,0,0,0,0,0,0,0,0,0,210,0,0,0,0,0,0,0,0,0,0,0,0,1
ottawa_ons2022_madawaska_valley_3712_00000_7_7_percent,245,30,0.12244898,0.12244898,0,0,1,0.469387755,0.530612245,0,0,0,NA,0,0.125,0.102040816,19,31600,32500,32000,36500,23,29.2,0.416666667,0,25,0.102040816,0,0,20,0.142857143,0,0,35.4,31.8,12.2,0,0,245,115,130,0,0,0,0,0,NA,0,NA,80,1,0,0,0,0,0,0,0,0,10,0.117647059,10,0.117647059,0.833333333,0,0,0,0,0,0,0,0,0,0,0,0,0,0,245,0,0,0,0,0,0,0,0,0,0,0,0,1
ottawa_ons2022_manor_park_3069_00000_2_5_percent,315,30,0.095238095,0.174603175,0,0,1,0.333333333,0.507936508,0.095238095,0,0,NA,0,0.268292683,0.349206349,21.9,39200,44800,34000,42400,19.2,26.4,0.463414634,0,75,0.241935484,0,0,55,0.244444444,20,0.363636364,45.4,46.4,17.5,25,0.5,315,105,160,30,0,0,0,85,Inf,0,NA,45,0.5625,30,0.375,0,0,0,0,0,0,40,0.333333333,20,0.166666667,0.756097561,0,0,0,0,0,0,0,0,0,0,0,0,0,0,315,0,0,0,0,0,0,0,0,0,0,0,0,1
ottawa_ons2022_manotick_3070_00000_1_7_percent,265,45,0.169811321,0.037735849,0,0,1,0.538461538,0.384615385,0,0,0,NA,0,0,0,10.7,74500,102000,73000,92000,3.2,3.3,0.916666667,0,0,0,0,0,0,0,0,NA,29.4,30.6,3.8,0,0,260,140,100,0,0,0,0,15,Inf,0,NA,55,0.846153846,0,0,0,0,0,0,0,0,55,0.44,20,0.16,1,0,0,0,0,0,0,0,0,0,0,0,0,0,0,260,0,0,0,0,0,0,0,0,0,0,0,0,1
ottawa_ons2022_marlborough_3071_00000_2_8_percent,80,20,0.25,0,0,0,1,0,0.75,0,0,0,NA,0,0,0,18.2,42000,50000,35000,44000,6,12,0.777777778,0,0,0,0,0,0,0,0,NA,32.4,27.6,0,15,0.375,80,0,60,0,0,0,0,10,Inf,0,NA,30,0.857142857,10,0.285714286,0,0,0,0,0,0,10,0.222222222,0,0,0.888888889,0,0,0,0,0,0,0,0,0,0,0,0,0,0,80,0,0,0,0,0,0,0,0,0,0,0,0,1
ottawa_ons2022_mc_nab_braeside_3713_00000_3_0_percent,555,95,0.171171171,0.081081081,0,0,1,0.609090909,0.354545455,0,0,0,NA,0,0.096153846,0.036036036,5.3,44800,53800,42400,50000,9.8,13.1,0.653846154,0,0,0,0,0,0,0,0,0,32.4,29.2,8.1,40,0.153846154,550,335,195,0,0,0,0,0,NA,0,NA,200,0.930232558,0,0,0,0,0,0,10,0.046511628,55,0.203703704,65,0.240740741,0.884615385,0.093023256,0,0,0,0,0,0,0,0,0,0,0,0,0,550,0,0,0,0,0,0,0,0,0,0,0,0,1
ottawa_ons2022_merivale_gardens_grenfell_glen_pineglen_country_place_3072_00000_1_1_percent,50,20,0.4,0,0,0,1,0.5,0.4,0,0,0,NA,0,0,0,0,60000,76000,68000,95000,4,10,1,0,0,0,0,NA,0,0,0,NA,32.5,23.4,0,10,0.333333333,50,25,20,0,0,0,0,0,NA,0,NA,15,1,0,0,0,0,0,0,0,0,10,0.4,10,0.4,1,0,0,0,0,0,0,0,0,0,0,0,0,0,0,50,0,0,0,0,0,0,0,0,0,0,0,0,1
ottawa_ons2022_metcalfe_3073_00000_1_7_percent,260,50,0.192307692,0.038461538,0,0,1,0.471698113,0.471698113,0.037735849,0,0,NA,0,0.172413793,0,0,56400,68500,55600,68000,3.7,8.4,0.724137931,0,20,0.075471698,0,0,15,0.085714286,0,NA,34,32.4,3.8,15,0.136363636,265,125,125,10,0,0,0,35,Inf,0,NA,90,1,0,0,0,0,0,0,0,0,40,0.307692308,25,0.192307692,0.862068966,0.111111111,0,0,0,0,0,0,0,0,0,0,0,0,0,265,0,0,0,0,0,0,0,0,0,0,0,0,1
ottawa_ons2022_mississippi_mills_3405_00000_3_5_percent,575,60,0.104347826,0.147826087,0,0,1,0.513043478,0.460869565,0,0,0,NA,0,0.131147541,0.060869565,0,45400,48800,46400,55800,10.9,18.8,0.721311475,0,55,0.095652174,0,0,30,0.083333333,0,0,38,37.6,14.8,60,0.292682927,575,295,265,0,0,0,0,10,Inf,0,NA,200,0.85106383,0,0,20,0.085106383,0,0,15,0.063829787,60,0.203389831,35,0.118644068,0.868852459,0.085106383,0,0,0,0,0,0,0,0,0,0,0,0,0,575,0,0,0,0,0,0,0,0,0,0,0,0,1
ottawa_ons2022_montague_3406_00000_0_5_percent,140,10,0.071428571,0.142857143,0,0,1,0.678571429,0.25,0,0,0,NA,0,0.210526316,0,0,40000,44000,41000,47000,20,16,0.526315789,0,0,0,0,0,0,0,0,0,42.4,45.2,14.3,10,0.4,140,95,35,0,0,0,0,10,Inf,0,NA,85,1,0,0,0,0,0,0,0,0,10,0.111111111,20,0.222222222,0.789473684,0,0,0,0,0,0,0,0,0,0,0,0,0,0,140,0,0,0,0,0,0,0,0,0,0,0,0,1
ottawa_ons2022_munster_ashton_3075_00000_0_8_percent,145,20,0.137931034,0.172413793,0,0,1,0.655172414,0.310344828,0,0,0,NA,0,0,0,0,50000,51000,50000,54000,10,13,0.666666667,0,0,0,0,0,0,0,0,0,37.6,36,17.2,10,0.181818182,145,95,45,0,0,0,0,0,NA,0,NA,60,1,0,0,0,0,0,0,0,0,15,0.2,20,0.266666667,1,0,0,0,0,0,0,0,0,0,0,0,0,0,0,145,0,0,0,0,0,0,0,0,0,0,0,0,1
ottawa_ons2022_richmond_3074_00000_1_6_percent,255,50,0.196078431,0.117647059,0,0,1,0.54,0.42,0,0,0,NA,0,0.16,0.078431373,15.4,47600,56000,46400,58000,10,15.6,0.6,0,0,0,0,0,0,0,0,0,37.6,36,11.8,25,0.227272727,250,135,105,0,0,0,0,0,NA,0,NA,70,1,0,0,0,0,0,0,0,0,35,0.318181818,25,0.227272727,0.8,0,0,0,0,0,0,0,0,0,0,0,0,0,0,250,0,0,0,0,0,0,0,0,0,0,0,0,1
ottawa_ons2022_navan_sarsfield_3076_00000_3_3_percent,165,35,0.212121212,0,0,0,1,0.625,0.40625,0,0,0,NA,0,0.176470588,0,10,53000,58000,48000,56000,5.6,12.4,0.411764706,0,0,0,0,0,0,0,0,NA,29,28.2,0,0,0,160,100,65,0,0,0,0,95,Inf,10,Inf,70,1,0,0,0,0,0,0,0,0,25,0.277777778,15,0.166666667,0.764705882,0,0,0,0,0,0,0,0,0,0,0,0,0,0,160,0,0,0,0,0,0,0,0,0,0,0,0,1
ottawa_ons2022_new_edinburgh_3077_00000_3_6_percent,115,10,0.086956522,0,0,0,1,0.434782609,0.608695652,0,0,0,NA,0,0,0.086956522,28.6,46000,46000,39000,38000,15,18,0.6,0,0,0,0,0,0,0,0,NA,27.2,25.4,0,55,0.846153846,115,50,70,0,0,0,0,0,NA,0,NA,0,0,10,0.333333333,10,0.333333333,0,0,0,0,25,0.5,0,0,0.9,0,0,0,0,0,0,0,0,0,0,0,0,0,0,115,0,0,0,0,0,0,0,0,0,0,0,0,1
ottawa_ons2022_north_algona_wilberforce_3714_00000_3_7_percent,275,25,0.090909091,0.2,0,0,1,0.654545455,0.309090909,0,0,0,NA,0,0.1875,0.109090909,25.7,42000,43200,40400,44400,16.8,23.6,0.5625,0,55,0.2,0,0,25,0.138888889,0,0,43.4,44.4,20,35,0.411764706,275,180,85,0,0,0,0,0,NA,0,NA,110,1,0,0,0,0,0,0,0,0,15,0.115384615,25,0.192307692,0.8125,0.090909091,0,0,0,0,0,0,0,0,0,0,0,0,0,275,0,0,0,0,0,0,0,0,0,0,0,0,1
ottawa_ons2022_north_dundas_3803_00000_1_5_percent,340,10,0.029411765,0.073529412,0,0,1,0.5,0.397058824,0,0,0,NA,0,0.11627907,0.117647059,11.4,47600,50000,43200,46400,17.6,18,0.627906977,0,25,0.073529412,0,0,20,0.090909091,0,0,37.8,36,7.4,0,0,340,170,135,0,0,0,0,15,Inf,0,NA,115,1,0,0,0,0,0,0,0,0,40,0.25,30,0.1875,0.906976744,0.086956522,0,0,0,0,0,0,0,0,0,0,0,0,0,340,0,0,0,0,0,0,0,0,0,0,0,0,1
ottawa_ons2022_north_glengarry_3804_00000_2_2_percent,360,35,0.097222222,0.152777778,0,0,1,0.555555556,0.416666667,0,0,0,NA,0,0.136363636,0.111111111,12.5,40000,44000,39600,47600,15,20,0.477272727,0,50,0.138888889,0,0,25,0.098039216,0,0,43.6,46.4,15.3,20,0.2,360,200,150,0,0,0,0,95,Inf,0,NA,150,1,0,0,0,0,0,0,0,0,25,0.142857143,35,0.2,0.863636364,0.066666667,0,0,0,0,0,0,0,0,0,0,0,0,0,360,0,0,0,0,0,0,0,0,0,0,0,0,1
ottawa_ons2022_north_gower_kars_3078_00000_0_9_percent,145,20,0.137931034,0.137931034,0,0,1,0.448275862,0.379310345,0.068965517,0,0,NA,0,0,0,0,57000,70000,55000,66000,7.6,9.6,0.75,0,0,0,0,0,0,0,0,0,38.8,37.2,13.8,25,0.454545455,145,65,55,10,0,0,0,0,NA,0,NA,50,1,0,0,0,0,0,0,0,0,25,0.333333333,0,0,0.875,0,0,0,0,0,0,0,0,0,0,0,0,0,0,145,0,0,0,0,0,0,0,0,0,0,0,0,1
ottawa_ons2022_north_grenville_3501_00000_2_2_percent,505,85,0.168316832,0.108910891,0,0,1,0.53,0.43,0,0,0,NA,0,0.087719298,0.089108911,11.9,45600,56000,44000,55600,8.8,14.1,0.631578947,0,40,0.079207921,0,0,35,0.1,0,0,37.8,37.6,10.9,30,0.1875,500,265,215,0,0,0,0,25,Inf,0,NA,170,0.944444444,0,0,10,0.055555556,0,0,0,0,80,0.307692308,40,0.153846154,0.912280702,0.083333333,0,0,0,0,0,0,0,0,0,0,0,0,0,500,0,0,0,0,0,0,0,0,0,0,0,0,1
ottawa_ons2022_north_stormont_3805_00000_1_7_percent,335,75,0.223880597,0.089552239,0,0,1,0.485294118,0.441176471,0,0,0,NA,0,0.09375,0.029850746,12.1,40800,42000,38400,43200,11.8,19.6,0.625,0,0,0,0,0,0,0,0,0,33.3,30.6,9,15,0.111111111,340,165,150,0,0,0,0,65,Inf,10,Inf,80,1,0,0,0,0,0,0,0,0,65,0.448275862,20,0.137931034,0.875,0.1875,0,0,0,0,0,0,0,0,0,0,0,0,0,340,0,0,0,0,0,0,0,0,0,0,0,0,1
ottawa_ons2022_old_barrhaven_east_3079_00000_2_0_percent,535,110,0.205607477,0.056074766,0,0,1,0.523364486,0.429906542,0.028037383,0,0,NA,0,0.072727273,0.121495327,12.5,42800,44400,43000,49200,8,14.9,0.745454545,0,25,0.046728972,0,0,15,0.040540541,0,0,32.8,32,5.6,70,0.325581395,535,280,230,15,0,0,0,10,Inf,0,NA,155,0.775,20,0.1,0,0,10,0.05,10,0.05,85,0.303571429,25,0.089285714,0.909090909,0.075,0,0,0,0,0,0,0,0,0,0,0,0,0,535,0,0,0,0,0,0,0,0,0,0,0,0,1
ottawa_ons2022_old_barrhaven_west_3080_00000_1_1_percent,565,60,0.10619469,0.097345133,0,0,1,0.5,0.383928571,0.053571429,0,0,NA,0,0.049180328,0.044247788,8.6,52600,58800,48400,56200,9.1,13.3,0.62295082,0,20,0.035714286,0,0,0,0,0,0,34,33.6,9.7,40,0.166666667,560,280,215,30,0,0,0,65,Inf,0,NA,130,0.742857143,35,0.2,0,0,0,0,10,0.057142857,90,0.333333333,40,0.148148148,0.950819672,0.171428571,0,0,0,0,0,0,0,0,0,0,0,0,0,560,0,0,0,0,0,0,0,0,0,0,0,0,1
ottawa_ons2022_old_hunt_club_3081_00000_2_4_percent,465,60,0.129032258,0.075268817,0.021505376,0.021505376,1,0.537634409,0.397849462,0.032258065,0,0,0,0,0.098039216,0.139784946,13,47800,57600,43200,50800,12.4,15.8,0.62745098,0,30,0.064516129,0,0,20,0.06779661,0,0,34,33.6,7.5,90,0.486486486,465,250,185,15,10,10,0,35,Inf,0,NA,110,0.75862069,25,0.172413793,0,0,0,0,10,0.068965517,60,0.292682927,20,0.097560976,0.921568627,0.137931034,0,0,0,0,0,0,0,0,0,0,0,0,0,465,0,0,0,0,0,0,0,0,0,0,0,0,1
ottawa_ons2022_old_ottawa_east_3082_00000_4_2_percent,185,45,0.243243243,0,0,0,1,0.378378378,0.459459459,0.108108108,0,0,NA,0,0.208333333,0.216216216,24,59000,76000,57000,77000,3.6,8.4,0.75,0,30,0.162162162,0,0,20,0.133333333,0,NA,34.4,32.4,0,20,0.571428571,185,70,85,20,0,0,0,25,Inf,0,NA,25,0.416666667,15,0.25,0,0,10,0.166666667,0,0,40,0.421052632,10,0.105263158,0.791666667,0,0,0,0,0,0,0,0,0,0,0,0,0,0,185,0,0,0,0,0,0,0,0,0,0,0,0,1
ottawa_ons2022_old_ottawa_south_3083_00000_3_5_percent,90,25,0.277777778,0.111111111,0,0,1,0.526315789,0.263157895,0,0,0,NA,0,0.166666667,0,33.3,88000,112000,71000,100000,3.4,5.6,0.833333333,0,0,0,0,NA,0,0,0,NA,38.8,32.4,11.1,10,0.4,95,50,25,0,0,0,0,0,NA,0,NA,10,0.333333333,10,0.333333333,0,0,0,0,0,0,15,0.3,0,0,0.916666667,0.333333333,0,0,0,0,0,0,0,0,0,0,0,0,0,95,0,0,0,0,0,0,0,0,0,0,0,0,1
ottawa_ons2022_orleans_industrial_3084_09999_0_0_percent,NA,NA,NA,NA,NA,NA,NA,NA,NA,NA,NA,NA,NA,NA,NA,NA,NA,NA,NA,NA,NA,NA,NA,NA,NA,NA,NA,NA,NA,NA,NA,NA,NA,NA,NA,NA,NA,NA,NA,NA,NA,NA,NA,NA,NA,NA,NA,NA,NA,NA,NA,NA,NA,NA,NA,NA,NA,NA,NA,NA,NA,NA,NA,NA,NA,NA,NA,NA,NA,NA,NA,NA,NA,NA,NA,NA,NA,NA,NA,NA,NA,NA,NA,NA,NA,NA,NA,NA,NA,NA,NA,NA
ottawa_ons2022_orleans_village_chateauneuf_3085_00000_1_6_percent,325,60,0.184615385,0.138461538,0,0,1,0.430769231,0.538461538,0,0,0,NA,0,0.0625,0.046153846,7.5,52000,58800,52000,59200,6.9,9.6,0.6875,0,0,0,0,0,0,0,0,0,39,39.2,13.8,25,0.227272727,325,140,175,0,0,0,0,120,Inf,10,Inf,100,0.8,10,0.08,0,0,0,0,10,0.08,60,0.324324324,25,0.135135135,1,0.08,0,0,0,0,0,0,0,0,0,0,0,0,0,325,0,0,0,0,0,0,0,0,0,0,0,0,1
ottawa_ons2022_osgoode_vernon_3086_00000_1_6_percent,160,25,0.15625,0.0625,0,0,1,0.75,0.15625,0,0,0,NA,0,0.266666667,0.0625,0,38500,43000,37500,43000,9,12.4,0.466666667,0,0,0,0,0,0,0,0,NA,32,28.2,6.3,20,0.235294118,160,120,25,0,0,0,0,0,NA,0,NA,45,1,0,0,0,0,0,0,0,0,25,0.357142857,20,0.285714286,0.733333333,0.222222222,0,0,0,0,0,0,0,0,0,0,0,0,0,160,0,0,0,0,0,0,0,0,0,0,0,0,1
ottawa_ons2022_overbrook_3087_00000_5_0_percent,815,70,0.085889571,0.079754601,0,0,1,0.552147239,0.226993865,0.159509202,0,0,NA,0,0.265306122,0.18404908,27.8,37400,38800,33000,38800,23.2,31.4,0.530612245,0,220,0.271604938,80,0.390243902,120,0.220183486,15,0.230769231,34.5,32.4,8,170,0.62962963,815,450,185,130,0,0,0,95,Inf,10,Inf,125,0.641025641,25,0.128205128,25,0.128205128,0,0,0,0,75,0.283018868,40,0.150943396,0.734693878,0.076923077,0,0,0,0,0,0,0,0,0,0,0,0,0,815,0,0,0,0,0,0,0,0,0,0,0,0,1
ottawa_ons2022_parkwood_hills_3088_00000_5_9_percent,125,25,0.2,0,0,0,1,0.708333333,0.25,0,0,0,NA,0,0.2,0.2,15.4,30000,33000,25200,31000,24,31,0.6,0,50,0.416666667,0,0,35,0.35,0,NA,31.2,28.4,0,20,0.666666667,120,85,30,0,0,0,0,0,NA,0,NA,25,0.555555556,10,0.222222222,15,0.333333333,0,0,0,0,10,0.181818182,10,0.181818182,0.8,0.222222222,0,0,0,0,0,0,0,0,0,0,0,0,0,120,0,0,0,0,0,0,0,0,0,0,0,0,1
ottawa_ons2022_pembroke_3715_00000_3_1_percent,1755,220,0.125356125,0.133903134,0,0,1,0.542857143,0.417142857,0.011428571,0,0,NA,0,0.163157895,0.136752137,16.6,37000,39600,33200,35700,25.3,29.4,0.457894737,0,345,0.197142857,110,0.275,190,0.170403587,50,0.212765957,38.7,38.4,13.4,285,0.483050847,1750,950,730,20,0,0,0,100,Inf,0,NA,495,0.876106195,0,0,50,0.088495575,10,0.017699115,15,0.026548673,60,0.095238095,100,0.158730159,0.836842105,0.053097345,0,0,0,0,0,0,0,0,0,0,0,0,0,1750,0,0,0,0,0,0,0,0,0,0,0,0,1
ottawa_ons2022_perth_3407_00000_2_5_percent,260,15,0.057692308,0.173076923,0,0,1,0.596153846,0.307692308,0,0,0,NA,0,0.103448276,0.192307692,21.7,33600,37500,33600,37500,23.2,27.6,0.517241379,0,40,0.153846154,0,0,35,0.21875,0,0,41.4,39.2,17.3,45,0.529411765,260,155,80,0,0,0,0,0,NA,0,NA,50,0.833333333,0,0,10,0.166666667,0,0,0,0,25,0.263157895,15,0.157894737,0.862068966,0,0,0,0,0,0,0,0,0,0,0,0,0,0,260,0,0,0,0,0,0,0,0,0,0,0,0,1
ottawa_ons2022_petawawa_3716_00000_2_3_percent,1245,185,0.148594378,0.080321285,0,0,1,0.59437751,0.34939759,0,0,0,NA,0,0.149659864,0.088353414,12.5,45800,52100,45700,55900,10.5,15.3,0.523809524,0,85,0.068273092,0,0,60,0.068965517,0,0,35,32,8,85,0.22972973,1245,740,435,0,0,0,0,35,Inf,10,Inf,485,0.932692308,0,0,0,0,0,0,20,0.038461538,75,0.125,80,0.133333333,0.843537415,0.038461538,0,0,0,0,0,0,0,0,0,0,0,0,0,1245,0,0,0,0,0,0,0,0,0,0,0,0,1
ottawa_ons2022_pikwakanagan_golden_lake_39_3717_03030_38_6_percent,420,60,0.142857143,0.142857143,0,0,1,0.952380952,0.023809524,0,0,0,NA,0,0.210526316,0.119047619,12.1,31200,30600,27600,31400,29.2,39,0.421052632,0,130,0.313253012,45,0.36,60,0.255319149,25,0.454545455,36.4,34,14.3,80,0.470588235,420,400,10,0,0,0,0,0,NA,0,NA,100,0.833333333,0,0,10,0.083333333,0,0,10,0.083333333,30,0.2,20,0.133333333,0.789473684,0.083333333,0,0,0,0,0,0,0,0,0,0,0,0,0,420,0,0,0,0,0,0,0,0,0,0,0,0,1
ottawa_ons2022_pineview_3089_00000_3_1_percent,230,20,0.086956522,0.086956522,0,0.042553191,1,0.574468085,0.276595745,0.106382979,0,0,NA,0,0.1,0.065217391,11.1,39600,50000,63600,134000,5.4,18,0.566666667,0,25,0.108695652,0,0,0,0,0,0,38,36.4,8.7,25,0.357142857,235,135,65,25,10,0,0,20,Inf,0,NA,80,0.842105263,0,0,0,0,0,0,0,0,25,0.217391304,25,0.217391304,0.933333333,0,0,0,0,0,0,0,0,0,0,0,0,0,0,235,0,0,0,0,0,0,0,0,0,0,0,0,1
ottawa_ons2022_playfair_park_guildwood_estates_3090_00000_2_3_percent,100,15,0.15,0.2,0,0,1,0.4,0.45,0,0,0,NA,0,0.166666667,0.1,33.3,41000,50000,49000,56000,9.2,19.5,0.583333333,0,0,0,0,NA,0,0,0,0,42.8,36,20,0,0,100,40,45,0,0,0,0,15,Inf,0,NA,0,0,0,0,0,0,0,0,0,0,25,0.625,10,0.25,0.916666667,0,0,0,0,0,0,0,0,0,0,0,0,0,0,100,0,0,0,0,0,0,0,0,0,0,0,0,1
ottawa_ons2022_portobello_south_3091_00000_1_9_percent,785,115,0.146496815,0.050955414,0,0,1,0.411392405,0.487341772,0,0,0,NA,0,0.06741573,0.082802548,10.9,56000,62200,52600,60000,7.7,11.8,0.786516854,0,0,0,0,0,0,0,0,0,32.6,33.2,5.1,110,0.366666667,790,325,385,0,0,0,0,245,Inf,0,NA,225,0.9,0,0,15,0.06,0,0,0,0,160,0.385542169,35,0.084337349,0.93258427,0.04,0,0,0,0,0,0,0,0,0,0,0,0,0,790,0,0,0,0,0,0,0,0,0,0,0,0,1
ottawa_ons2022_qualicum_redwood_3092_00000_1_9_percent,120,0,0,0,0,0,1,0.36,0.56,0,0,0,NA,0,0.375,0.125,25,45000,52000,40000,46000,14,23,0.5625,0,0,0,0,NA,0,0,0,NA,33.2,29.4,0,25,0.714285714,125,45,70,0,0,0,0,0,NA,0,NA,35,1,0,0,0,0,0,0,0,0,10,0.25,0,0,0.625,0,0,0,0,0,0,0,0,0,0,0,0,0,0,125,0,0,0,0,0,0,0,0,0,0,0,0,1
ottawa_ons2022_queensway_terrace_north_3093_00000_3_0_percent,75,10,0.133333333,0.133333333,0,0,1,0.4,0.333333333,0,0,0,NA,0,0,0,33.3,42000,37000,38000,44000,12,22,0.666666667,0,0,0,0,NA,0,0,0,NA,35,33.6,13.3,0,0,75,30,25,0,0,0,0,0,NA,0,NA,15,1,0,0,0,0,0,0,0,0,0,0,0,0,1,0,0,0,0,0,0,0,0,0,0,0,0,0,0,75,0,0,0,0,0,0,0,0,0,0,0,0,1
ottawa_ons2022_queenswood_chatelaine_3094_00000_3_9_percent,115,0,0,0.130434783,0,0,1,0.434782609,0.47826087,0,0,0,NA,0,0,0.130434783,18.2,48000,50000,50000,54000,8.5,11,1,0,0,0,0,0,0,0,0,NA,34,32.8,13,25,0.555555556,115,50,55,0,0,0,0,30,Inf,0,NA,15,0.75,0,0,0,0,0,0,0,0,30,0.6,10,0.2,1,0,0,0,0,0,0,0,0,0,0,0,0,0,0,115,0,0,0,0,0,0,0,0,0,0,0,0,1
ottawa_ons2022_queenswood_heights_3095_00000_1_5_percent,295,50,0.169491525,0.13559322,0,0,1,0.483333333,0.483333333,0,0,0,NA,0,0,0.118644068,9.4,51200,55600,50000,52000,12,15.2,0.647058824,0,0,0,0,0,0,0,0,0,38.6,37.2,13.6,10,0.1,300,145,145,0,0,0,0,60,Inf,10,Inf,65,0.866666667,10,0.133333333,0,0,0,0,0,0,65,0.464285714,25,0.178571429,0.941176471,0,0,0,0,0,0,0,0,0,0,0,0,0,0,300,0,0,0,0,0,0,0,0,0,0,0,0,1
ottawa_ons2022_renfrew_3718_00000_1_7_percent,550,70,0.127272727,0.190909091,0,0,1,0.336363636,0.618181818,0,0,0,NA,0,0.175438596,0.154545455,17.3,40000,41600,36400,40200,24,27.4,0.543859649,0,80,0.144144144,0,0,40,0.125,15,0.15,41.3,44,19.1,80,0.457142857,550,185,340,0,0,0,0,35,Inf,0,NA,155,0.861111111,0,0,15,0.083333333,0,0,0,0,30,0.142857143,40,0.19047619,0.807017544,0.222222222,0,0,0,0,0,0,0,0,0,0,0,0,0,550,0,0,0,0,0,0,0,0,0,0,0,0,1
ottawa_ons2022_rideaucrest_davidson_heights_3097_00000_1_4_percent,265,45,0.169811321,0.056603774,0,0,1,0.698113208,0.320754717,0,0,0,NA,0,0,0.075471698,0,47600,53200,48000,59200,5.3,8.6,0.757575758,0,0,0,0,0,0,0,0,NA,37.6,36.4,5.7,15,0.176470588,265,185,85,0,0,0,0,20,Inf,0,NA,65,0.866666667,0,0,0,0,0,0,0,0,95,0.558823529,15,0.088235294,0.939393939,0,0,0,0,0,0,0,0,0,0,0,0,0,0,265,0,0,0,0,0,0,0,0,0,0,0,0,1
ottawa_ons2022_riverside_park_mooneys_bay_3098_00000_2_5_percent,150,25,0.166666667,0.133333333,0,0,1,0.466666667,0.533333333,0,0,0,NA,0,0.117647059,0.1,29.4,40000,48000,38000,41000,10.4,15.2,0.529411765,0,0,0,0,0,0,0,0,0,35.6,29.4,13.3,10,0.181818182,150,70,80,0,0,0,0,0,NA,0,NA,10,0.285714286,20,0.571428571,0,0,0,0,0,0,30,0.461538462,10,0.153846154,0.882352941,0,0,0,0,0,0,0,0,0,0,0,0,0,0,150,0,0,0,0,0,0,0,0,0,0,0,0,1
ottawa_ons2022_riverside_park_south_revelstoke_3099_00000_2_1_percent,55,10,0.181818182,0.272727273,0,0.181818182,1,0.363636364,0.363636364,0.272727273,0,0,NA,0,0,0,0,44000,48000,50000,56000,9,14,1,0,0,0,0,NA,0,0,0,0,41,40.4,27.3,0,NA,55,20,20,15,10,0,0,0,NA,0,NA,15,1,0,0,0,0,0,0,0,0,0,0,10,0.5,1,0,0,0,0,0,0,0,0,0,0,0,0,0,0,55,0,0,0,0,0,0,0,0,0,0,0,0,1
ottawa_ons2022_riverside_south_leitrim_3100_00000_0_9_percent,420,90,0.214285714,0.05952381,0,0,1,0.469879518,0.493975904,0,0,0,NA,0,0,0.095238095,13.5,52800,58400,49600,56400,6.2,9.6,0.818181818,0,0,0,0,0,0,0,0,0,34.3,33.6,6,50,0.303030303,415,195,205,0,0,0,0,40,Inf,0,NA,90,0.857142857,0,0,0,0,0,0,0,0,110,0.5,15,0.068181818,0.977272727,0.095238095,0,0,0,0,0,0,0,0,0,0,0,0,0,415,0,0,0,0,0,0,0,0,0,0,0,0,1
ottawa_ons2022_riverview_3101_00000_3_8_percent,295,40,0.13559322,0.152542373,0,0,1,0.440677966,0.457627119,0.033898305,0,0,NA,0,0.1,0.13559322,5.9,54000,57600,48400,54000,11.4,15.6,0.7,0,35,0.118644068,0,0,0,0,0,0,35.2,31.8,15.3,20,0.266666667,295,130,135,10,0,0,0,10,Inf,0,NA,80,0.8,10,0.1,0,0,0,0,0,0,65,0.40625,15,0.09375,0.9,0.1,0,0,0,0,0,0,0,0,0,0,0,0,0,295,0,0,0,0,0,0,0,0,0,0,0,0,1
ottawa_ons2022_rockcliffe_park_3102_00000_5_0_percent,25,0,0,0,0,0,1,0,0.6,0,0,0,NA,0,0,0,0,NA,NA,NA,NA,NA,NA,1,0,0,NA,0,NA,0,NA,0,NA,35,NA,0,0,0,25,0,15,0,0,0,0,0,NA,0,NA,10,1,0,0,0,0,0,0,0,0,10,0.666666667,0,0,1,0,0,0,0,0,0,0,0,0,0,0,0,0,0,25,0,0,0,0,0,0,0,0,0,0,0,0,1
ottawa_ons2022_rothwell_heights_beacon_hill_north_3103_00000_1_8_percent,290,50,0.172413793,0.103448276,0,0,1,0.586206897,0.362068966,0,0,0,NA,0,0,0.051724138,6.3,52000,59200,49600,58800,9,12.8,0.785714286,0,0,0,0,0,0,0,0,0,36,34.4,10.3,30,0.24,290,170,105,0,0,0,0,80,Inf,0,NA,70,0.875,0,0,10,0.125,0,0,0,0,75,0.483870968,25,0.161290323,0.964285714,0,0,0,0,0,0,0,0,0,0,0,0,0,0,290,0,0,0,0,0,0,0,0,0,0,0,0,1
ottawa_ons2022_russell_3607_00000_1_3_percent,855,90,0.105263158,0.099415205,0,0,1,0.426900585,0.526315789,0.040935673,0,0,NA,0,0.032608696,0.076023392,11,54000,59400,50000,56000,8.6,12.1,0.673913043,0,0,0,0,0,0,0,0,0,35.3,36,9.9,75,0.227272727,855,365,450,35,0,0,0,335,Inf,20,Inf,300,0.967741935,0,0,0,0,0,0,10,0.032258065,95,0.234567901,65,0.160493827,0.956521739,0,0,0,0,0,0,0,0,0,0,0,0,0,0,855,0,0,0,0,0,0,0,0,0,0,0,0,1
ottawa_ons2022_sandy_hill_3104_00010_10_1_percent,380,135,0.355263158,0.039473684,0,0,1,0.394736842,0.539473684,0,0,0,NA,0,0.194444444,0.276315789,15.6,34000,35200,31200,38000,13.2,27.6,0.611111111,0,130,0.342105263,45,0.642857143,85,0.288135593,0,NA,30.5,25.8,3.9,35,0.411764706,380,150,205,0,0,0,0,40,Inf,0,NA,40,0.333333333,50,0.416666667,20,0.166666667,0,0,10,0.083333333,70,0.368421053,0,0,0.833333333,0.125,0,0,0,0,0,0,0,0,0,0,0,0,0,380,0,0,0,0,0,0,0,0,0,0,0,0,1
ottawa_ons2022_smiths_falls_3408_00000_2_2_percent,610,100,0.163934426,0.114754098,0,0,1,0.617886179,0.308943089,0.016260163,0,0,NA,0,0.246376812,0.139344262,9.4,33600,34400,31000,35200,30.2,37.6,0.565217391,0,125,0.204918033,45,0.321428571,65,0.1625,20,0.285714286,38.8,38.4,11.5,105,0.488372093,615,380,190,10,0,0,0,0,NA,0,NA,210,0.933333333,0,0,20,0.088888889,0,0,0,0,20,0.083333333,50,0.208333333,0.768115942,0.133333333,0,0,0,0,0,0,0,0,0,0,0,0,0,615,0,0,0,0,0,0,0,0,0,0,0,0,1
ottawa_ons2022_south_dundas_3806_00000_2_2_percent,295,20,0.06779661,0.203389831,0,0,1,0.508474576,0.457627119,0,0,0,NA,0,0.142857143,0.06779661,14.3,37200,33200,38400,38400,24,34,0.321428571,0,20,0.06779661,0,0,0,0,0,0,41,41.2,20.3,35,0.304347826,295,150,135,0,0,0,0,20,Inf,0,NA,70,0.933333333,0,0,0,0,0,0,0,0,10,0.111111111,15,0.166666667,0.892857143,0.133333333,0,0,0,0,0,0,0,0,0,0,0,0,0,295,0,0,0,0,0,0,0,0,0,0,0,0,1
ottawa_ons2022_south_glengarry_3807_00000_1_7_percent,530,95,0.179245283,0.103773585,0,0.018691589,1,0.551401869,0.411214953,0,0,0,NA,0,0.153846154,0.08490566,11.9,44000,45200,39200,41400,13.8,21.4,0.653846154,0,20,0.037735849,0,0,0,0,0,0,35,32.4,10.4,65,0.282608696,535,295,220,0,10,0,0,70,Inf,0,NA,205,0.953488372,10,0.046511628,0,0,0,0,0,0,50,0.188679245,45,0.169811321,0.846153846,0.046511628,0,0,0,0,0,0,0,0,0,0,0,0,0,535,0,0,0,0,0,0,0,0,0,0,0,0,1
ottawa_ons2022_south_keys_3105_00000_2_1_percent,55,10,0.181818182,0.181818182,0,0,1,0.4,0.2,0.4,0,0,NA,0,0,0,40,48000,64000,52000,72000,8,12,0,0,0,0,0,NA,0,0,0,NA,39.5,29.2,18.2,20,1,50,20,10,20,0,0,0,0,NA,0,NA,15,1,0,0,0,0,0,0,0,0,0,0,0,0,1,0,0,0,0,0,0,0,0,0,0,0,0,0,0,50,0,0,0,0,0,0,0,0,0,0,0,0,1
ottawa_ons2022_south_stormont_3808_00000_1_8_percent,460,100,0.217391304,0.097826087,0,0,1,0.673913043,0.217391304,0.032608696,0,0,NA,0,0.173913043,0.054347826,14.5,38200,39600,36600,43200,15.4,21.2,0.586956522,0,40,0.086956522,0,0,0,0,0,0,37.2,39.2,9.8,40,0.210526316,460,310,100,15,0,0,0,25,Inf,0,NA,180,0.947368421,0,0,0,0,0,0,0,0,40,0.173913043,25,0.108695652,0.847826087,0.105263158,0,0,0,0,0,0,0,0,0,0,0,0,0,460,0,0,0,0,0,0,0,0,0,0,0,0,1
ottawa_ons2022_stittsville_3106_00000_1_1_percent,550,85,0.154545455,0.054545455,0,0,1,0.518181818,0.481818182,0,0,0,NA,0,0.103448276,0.018181818,7.8,50400,55400,48200,54200,8.8,11.9,0.844827586,0,0,0,0,0,0,0,0,0,32.4,28.8,5.5,70,0.259259259,550,285,265,0,0,0,0,0,NA,0,NA,155,0.738095238,15,0.071428571,0,0,40,0.19047619,0,0,90,0.305084746,60,0.203389831,0.896551724,0.142857143,0,0,0,0,0,0,0,0,0,0,0,0,0,550,0,0,0,0,0,0,0,0,0,0,0,0,1
ottawa_ons2022_stittsville_east_3107_00000_1_9_percent,200,25,0.125,0,0,0,1,0.512195122,0.43902439,0,0,0,NA,0,0,0.075,0,58000,61000,54000,60000,9.5,15.2,0.6,0,0,0,0,0,0,0,0,NA,22.8,15.9,0,75,0.652173913,205,105,90,0,0,0,0,15,Inf,0,NA,40,0.571428571,15,0.214285714,0,0,0,0,0,0,15,0.176470588,0,0,1,0,0,0,0,0,0,0,0,0,0,0,0,0,0,205,0,0,0,0,0,0,0,0,0,0,0,0,1
ottawa_ons2022_stittsville_north_3108_00000_1_2_percent,280,40,0.142857143,0.053571429,0,0,1,0.517857143,0.375,0,0,0,NA,0,0,0.035714286,12.5,48800,53200,51600,58800,5.6,12.4,0.846153846,0,20,0.071428571,0,0,15,0.090909091,0,0,30.5,25.4,5.4,25,0.185185185,280,145,105,0,0,0,0,0,NA,0,NA,75,0.882352941,0,0,0,0,0,0,0,0,60,0.428571429,25,0.178571429,1,0,0,0,0,0,0,0,0,0,0,0,0,0,0,280,0,0,0,0,0,0,0,0,0,0,0,0,1
ottawa_ons2022_stonebridge_half_moon_bay_3109_00000_3_0_percent,420,80,0.19047619,0.05952381,0,0,1,0.337349398,0.56626506,0,0,0,NA,0,0.073170732,0.035714286,15.6,53200,57600,48800,58400,6.3,13.8,0.731707317,0,0,0,0,0,0,0,0,0,31.2,26.2,6,55,0.268292683,415,140,235,0,0,0,0,60,Inf,0,NA,110,0.956521739,0,0,0,0,0,0,0,0,70,0.368421053,15,0.078947368,0.926829268,0,0,0,0,0,0,0,0,0,0,0,0,0,0,415,0,0,0,0,0,0,0,0,0,0,0,0,1
ottawa_ons2022_tay_valley_3409_00000_8_9_percent,155,0,0,0.161290323,0,0,1,0.516129032,0.419354839,0,0,0,NA,0,0.142857143,0.064516129,0,34500,32500,29200,30400,31,42,0.523809524,0,40,0.258064516,0,NA,25,0.227272727,0,0,46.4,48,16.1,0,0,155,80,65,0,0,0,0,0,NA,0,NA,50,1,0,0,0,0,0,0,0,0,10,0.166666667,10,0.166666667,0.904761905,0.2,0,0,0,0,0,0,0,0,0,0,0,0,0,155,0,0,0,0,0,0,0,0,0,0,0,0,1
ottawa_ons2022_the_nation_la_nation_3608_00000_1_4_percent,550,65,0.118181818,0.090909091,0,0,1,0.387387387,0.459459459,0.045045045,0,0,NA,0,0.098591549,0.1,10.9,46200,54200,44000,54200,11.5,15.4,0.61971831,0,60,0.109090909,0,0,35,0.090909091,0,0,38.2,36.8,9.1,40,0.242424242,555,215,255,25,0,0,0,320,Inf,35,Inf,205,0.931818182,0,0,0,0,0,0,15,0.068181818,60,0.214285714,55,0.196428571,0.915492958,0,0,0,0,0,0,0,0,0,0,0,0,0,0,555,0,0,0,0,0,0,0,0,0,0,0,0,1
ottawa_ons2022_trend_arlington_3110_00000_2_8_percent,115,0,0,0.130434783,0,0,1,0.772727273,0.227272727,0,0,0,NA,0,0.142857143,0.130434783,0,57000,50000,55000,54000,16,26,0.642857143,0,0,0,0,0,0,0,0,NA,39.2,38.8,13,10,0.4,110,85,25,0,0,0,0,0,NA,0,NA,25,0.714285714,0,0,0,0,0,0,0,0,15,0.272727273,0,0,0.857142857,0,0,0,0,0,0,0,0,0,0,0,0,0,0,110,0,0,0,0,0,0,0,0,0,0,0,0,1
ottawa_ons2022_vanier_north_3111_00000_7_0_percent,695,80,0.115107914,0.064748201,0,0,1,0.5,0.311594203,0.130434783,0,0,NA,0,0.314606742,0.172661871,23.6,33600,38400,29300,36600,27.2,37.2,0.550561798,0,190,0.273381295,45,0.310344828,135,0.267326733,0,0,36.8,36,6.5,125,0.595238095,690,345,215,90,0,0,0,95,Inf,10,Inf,55,0.407407407,20,0.148148148,35,0.259259259,10,0.074074074,0,0,65,0.317073171,35,0.170731707,0.696629213,0,0,0,0,0,0,0,0,0,0,0,0,0,0,690,0,0,0,0,0,0,0,0,0,0,0,0,1
ottawa_ons2022_vanier_south_3112_00000_6_9_percent,390,55,0.141025641,0.166666667,0,0.025641026,1,0.615384615,0.269230769,0.102564103,0,0,NA,0,0.266666667,0.230769231,35.5,34800,34000,31000,34400,27.6,36,0.511111111,0,95,0.243589744,0,0,55,0.20754717,25,0.384615385,42.2,41.2,16.7,60,0.705882353,390,240,105,40,10,0,0,80,Inf,15,Inf,45,0.5625,20,0.25,10,0.125,0,0,0,0,20,0.19047619,10,0.095238095,0.733333333,0.125,0,0,0,0,0,0,0,0,0,0,0,0,0,390,0,0,0,0,0,0,0,0,0,0,0,0,1
ottawa_ons2022_vars_3113_00000_1_2_percent,175,30,0.171428571,0.142857143,0,0,1,0.5,0.444444444,0,0,0,NA,0,0,0,10,39500,38000,37500,37000,19,21,0.705882353,0,0,0,0,0,0,0,0,0,38.2,40.8,14.3,0,0,180,90,80,0,0,0,0,75,Inf,0,NA,30,0.6,0,0,10,0.2,0,0,0,0,40,0.444444444,10,0.111111111,0.941176471,0,0,0,0,0,0,0,0,0,0,0,0,0,0,180,0,0,0,0,0,0,0,0,0,0,0,0,1
ottawa_ons2022_waterridge_village_3114_00000_5_0_percent,55,0,0,0.181818182,0,0,1,0.636363636,0.363636364,0,0,0,NA,0,0,0.363636364,0,33000,38000,35000,40000,22,28,0.777777778,0,15,0.272727273,0,NA,15,0.333333333,0,NA,52,55.2,18.2,0,0,55,35,20,0,0,0,0,25,Inf,0,NA,15,0.5,0,0,0,0,0,0,0,0,0,0,0,0,0.777777778,0,0,0,0,0,0,0,0,0,0,0,0,0,0,55,0,0,0,0,0,0,0,0,0,0,0,0,1
ottawa_ons2022_west_centretown_3115_00000_6_6_percent,300,70,0.233333333,0,0,0,1,0.508196721,0.245901639,0.147540984,0,0,NA,0,0.157894737,0.283333333,16.7,34800,40000,30000,38400,15.8,28.4,0.684210526,0,105,0.344262295,0,0,75,0.306122449,0,NA,34.4,33.6,0,35,0.636363636,305,155,75,45,0,0,0,40,Inf,0,NA,35,0.5,10,0.142857143,20,0.285714286,0,0,0,0,55,0.44,10,0.08,0.868421053,0.142857143,0,0,0,0,0,0,0,0,0,0,0,0,0,305,0,0,0,0,0,0,0,0,0,0,0,0,1
ottawa_ons2022_westboro_3116_00000_4_2_percent,265,15,0.056603774,0.188679245,0,0,1,0.442307692,0.480769231,0,0,0,NA,0,0,0.301886792,16.7,42800,68000,50800,64500,10.8,15.8,0.818181818,0,40,0.150943396,0,0,25,0.142857143,0,0,44.6,46,18.9,20,0.363636364,260,115,125,0,0,0,0,10,Inf,0,NA,40,0.533333333,15,0.2,10,0.133333333,0,0,10,0.133333333,55,0.423076923,10,0.076923077,0.96969697,0,0,0,0,0,0,0,0,0,0,0,0,0,0,260,0,0,0,0,0,0,0,0,0,0,0,0,1
ottawa_ons2022_whitehaven_woodpark_glabar_park_3117_00000_2_7_percent,255,30,0.117647059,0.176470588,0,0,1,0.48,0.46,0,0,0,NA,0,0.166666667,0.294117647,11.5,46800,53600,44800,54000,10.2,14.6,0.566666667,0,40,0.156862745,0,0,25,0.151515152,0,0,44.4,46.4,17.6,0,0,250,120,115,0,0,0,0,10,Inf,0,NA,80,0.842105263,10,0.105263158,0,0,0,0,0,0,25,0.208333333,20,0.166666667,0.833333333,0.157894737,0,0,0,0,0,0,0,0,0,0,0,0,0,250,0,0,0,0,0,0,0,0,0,0,0,0,1
ottawa_ons2022_whitewater_region_3719_00000_3_1_percent,595,90,0.151260504,0.117647059,0,0,1,0.63559322,0.355932203,0,0,0,NA,0,0.083333333,0.058823529,14.3,43200,46800,37400,42800,16,23,0.583333333,0,120,0.201680672,40,0.228571429,70,0.2,0,0,36.9,39.2,11.8,55,0.25,590,375,210,0,0,0,0,30,Inf,0,NA,190,0.904761905,0,0,15,0.071428571,0,0,0,0,20,0.083333333,20,0.083333333,0.933333333,0.142857143,0,0,0,0,0,0,0,0,0,0,0,0,0,590,0,0,0,0,0,0,0,0,0,0,0,0,1
ottawa_oeycfc_1_alta_vista_00000_4_4_percent,620,95,0.153225806,0.112903226,0,0,1,0.475806452,0.427419355,0.056451613,0,0,NA,0,0.263157895,0.137096774,15.1,45600,55000,41200,48400,14.5,19.4,0.565789474,0,75,0.120967742,0,0,60,0.130434783,0,0,37.1,32.8,11.3,95,0.633333333,620,295,265,35,0,0,0,30,Inf,0,NA,110,0.578947368,35,0.184210526,25,0.131578947,10,0.052631579,10,0.052631579,110,0.360655738,40,0.131147541,0.736842105,0.078947368,0,0,0,0,0,0,0,0,0,0,0,0,0,620,0,0,0,0,0,0,0,0,0,0,0,0,1
ottawa_oeycfc_3_beaconhill_00000_2_5_percent,555,70,0.126126126,0.126126126,0,0,1,0.54954955,0.423423423,0,0,0,NA,0,0.080645161,0.099099099,5.3,46400,52600,44400,53800,11.8,17.4,0.64516129,0,35,0.063063063,0,0,20,0.054054054,0,0,37.5,36,12.6,65,0.342105263,555,305,235,0,0,0,0,125,Inf,10,Inf,100,0.769230769,20,0.153846154,10,0.076923077,0,0,0,0,140,0.528301887,35,0.132075472,0.903225806,0,0,0,0,0,0,0,0,0,0,0,0,0,0,555,0,0,0,0,0,0,0,0,0,0,0,0,1
ottawa_oeycfc_4_beaverbrook_marchwood_00000_1_6_percent,255,35,0.137254902,0.176470588,0,0.06,1,0.44,0.44,0,0,0,NA,0,0,0.078431373,10,51600,60000,47200,56400,13.4,16.4,0.75,0,40,0.16,0,0,25,0.185185185,0,0,39.6,42.4,17.6,35,0.35,250,110,110,0,15,0,0,0,NA,0,NA,45,0.75,10,0.166666667,0,0,0,0,0,0,30,0.315789474,15,0.157894737,0.958333333,0.333333333,0,0,0,0,0,0,0,0,0,0,0,0,0,250,0,0,0,0,0,0,0,0,0,0,0,0,1
ottawa_oeycfc_5_bells_corners_00000_1_9_percent,315,40,0.126984127,0.095238095,0,0,1,0.46875,0.46875,0.03125,0,0,NA,0,0.194444444,0.079365079,0,47200,56400,43200,53600,11.6,16.8,0.527777778,0,45,0.140625,0,0,30,0.15,0,0,36.6,36.4,9.5,60,0.52173913,320,150,150,10,0,0,0,0,NA,0,NA,110,0.814814815,15,0.111111111,0,0,0,0,0,0,45,0.257142857,15,0.085714286,0.833333333,0,0,0,0,0,0,0,0,0,0,0,0,0,0,320,0,0,0,0,0,0,0,0,0,0,0,0,1
ottawa_oeycfc_7_blossom_park_00000_2_8_percent,465,45,0.096774194,0.064516129,0,0,1,0.580645161,0.322580645,0.032258065,0,0,NA,0,0.163636364,0.11827957,17.8,41400,48000,39600,47200,11.6,17.6,0.636363636,0,35,0.075268817,0,0,30,0.098360656,0,0,34.7,35.6,6.5,65,0.342105263,465,270,150,15,0,0,0,45,Inf,0,NA,85,0.80952381,0,0,0,0,0,0,10,0.095238095,80,0.432432432,20,0.108108108,0.818181818,0,0,0,0,0,0,0,0,0,0,0,0,0,0,465,0,0,0,0,0,0,0,0,0,0,0,0,1
ottawa_oeycfc_8_bridlewood_00000_1_2_percent,525,50,0.095238095,0.076190476,0,0,1,0.59047619,0.380952381,0,0,0,NA,0,0.074074074,0.057142857,9.8,53600,60000,50400,55200,11.8,13.8,0.814814815,0,30,0.056603774,0,0,20,0.063492063,0,0,32.3,33.2,7.6,65,0.282608696,525,310,200,0,0,0,0,20,Inf,0,NA,110,0.956521739,0,0,0,0,0,0,0,0,110,0.488888889,20,0.088888889,0.944444444,0,0,0,0,0,0,0,0,0,0,0,0,0,0,525,0,0,0,0,0,0,0,0,0,0,0,0,1
ottawa_oeycfc_10_carleton_heights_00000_3_7_percent,210,55,0.261904762,0,0,0,1,0.452380952,0.357142857,0,0,0,NA,0,0.111111111,0.119047619,8,45000,54000,38000,45000,6.6,12,0.722222222,0,0,0,0,0,0,0,0,NA,29.2,24.8,0,30,0.428571429,210,95,75,0,0,0,0,15,Inf,0,NA,55,0.785714286,15,0.214285714,0,0,0,0,0,0,45,0.391304348,0,0,0.888888889,0,0,0,0,0,0,0,0,0,0,0,0,0,0,210,0,0,0,0,0,0,0,0,0,0,0,0,1
ottawa_oeycfc_11_carlington_00000_4_7_percent,455,100,0.21978022,0.043956044,0,0.021978022,1,0.527472527,0.263736264,0.120879121,0,0,NA,0,0.206896552,0.274725275,20,36800,43200,33200,43200,16.4,27,0.586206897,0,130,0.285714286,0,0,95,0.25,0,0,36.6,35.2,4.4,80,0.727272727,455,240,120,55,10,0,0,0,NA,0,NA,85,0.566666667,40,0.266666667,10,0.066666667,0,0,0,0,75,0.340909091,30,0.136363636,0.810344828,0.066666667,0,0,0,0,0,0,0,0,0,0,0,0,0,455,0,0,0,0,0,0,0,0,0,0,0,0,1
ottawa_oeycfc_14_centre_town_00000_5_8_percent,870,120,0.137931034,0.045977011,0,0,1,0.505747126,0.385057471,0.068965517,0,0,NA,0,0.0703125,0.431034483,13.9,47400,58800,44700,54900,7.6,11.8,0.6640625,0,180,0.208092486,0,0,155,0.205298013,0,0,37.2,34,4.6,45,0.473684211,870,440,335,60,0,0,0,70,Inf,0,NA,65,0.276595745,50,0.212765957,100,0.425531915,15,0.063829787,10,0.042553191,280,0.533333333,15,0.028571429,0.9296875,0.042553191,0,0,0,0,0,0,0,0,0,0,0,0,0,870,0,0,0,0,0,0,0,0,0,0,0,0,1
ottawa_oeycfc_19_copeland_00000_3_4_percent,665,90,0.135338346,0.112781955,0,0,1,0.481203008,0.37593985,0.067669173,0,0,NA,0,0.097560976,0.180451128,8,46400,51600,42600,51800,10.4,16.8,0.658536585,0,55,0.082706767,0,0,50,0.103092784,0,0,39.8,38.8,11.3,55,0.35483871,665,320,250,45,0,0,0,30,Inf,0,NA,165,0.75,25,0.113636364,20,0.090909091,0,0,0,0,120,0.347826087,45,0.130434783,0.890243902,0,0,0,0,0,0,0,0,0,0,0,0,0,0,665,0,0,0,0,0,0,0,0,0,0,0,0,1
ottawa_oeycfc_21_cyrville_00000_2_6_percent,655,85,0.129770992,0.091603053,0,0.015267176,1,0.648854962,0.213740458,0.091603053,0,0,NA,0,0.088607595,0.13740458,14.9,40400,46600,44800,72000,11.8,21.8,0.620253165,0,95,0.145038168,35,0.24137931,45,0.1,15,0.25,36.3,34.8,9.2,100,0.444444444,655,425,140,60,10,0,0,55,Inf,0,NA,145,0.743589744,20,0.102564103,30,0.153846154,0,0,0,0,85,0.298245614,35,0.122807018,0.924050633,0,0,0,0,0,0,0,0,0,0,0,0,0,0,655,0,0,0,0,0,0,0,0,0,0,0,0,1
ottawa_oeycfc_22_dalhousie_00000_5_8_percent,385,75,0.194805195,0.025974026,0,0,1,0.519480519,0.25974026,0.155844156,0,0,NA,0,0.14,0.285714286,12.5,36800,42000,32000,40800,13.8,26,0.7,0,120,0.311688312,0,0,95,0.306451613,0,NA,35.5,34,2.6,35,0.5,385,200,100,60,0,0,0,45,Inf,0,NA,50,0.454545455,20,0.181818182,40,0.363636364,0,0,0,0,75,0.416666667,25,0.138888889,0.88,0.090909091,0,0,0,0,0,0,0,0,0,0,0,0,0,385,0,0,0,0,0,0,0,0,0,0,0,0,1
ottawa_oeycfc_23_glebe_00000_4_1_percent,200,40,0.2,0.1,0,0,1,0.6,0.25,0.05,0,0,NA,0,0,0.225,8,46800,50000,43000,49000,7,14.8,0.782608696,0,30,0.153846154,0,0,25,0.178571429,0,0,34.6,32.4,10,35,0.538461538,200,120,50,10,0,0,0,20,Inf,0,NA,35,0.7,0,0,15,0.3,0,0,0,0,60,0.545454545,10,0.090909091,1,0,0,0,0,0,0,0,0,0,0,0,0,0,0,200,0,0,0,0,0,0,0,0,0,0,0,0,1
ottawa_oeycfc_28_hunt_club_east_00000_2_9_percent,555,90,0.162162162,0.054054054,0,0,1,0.540540541,0.324324324,0.063063063,0,0,NA,0,0.160714286,0.153153153,17.4,45200,54800,40200,52800,16,22.8,0.714285714,0,125,0.225225225,60,0.307692308,60,0.184615385,0,0,31.7,30.8,5.4,165,0.673469388,555,300,180,35,0,0,0,45,Inf,20,Inf,100,0.869565217,10,0.086956522,0,0,0,0,0,0,75,0.405405405,10,0.054054054,0.839285714,0.086956522,0,0,0,0,0,0,0,0,0,0,0,0,0,555,0,0,0,0,0,0,0,0,0,0,0,0,1
ottawa_oeycfc_29_hunt_club_west_00000_2_0_percent,335,60,0.179104478,0.149253731,0.029850746,0.044776119,1,0.47761194,0.447761194,0.044776119,0,0,0,0,0.117647059,0.134328358,9.1,50400,60000,46400,54800,13.4,15.8,0.617647059,0,30,0.089552239,0,0,20,0.097560976,0,0,37.5,37.6,14.9,55,0.523809524,335,160,150,15,15,10,0,25,Inf,0,NA,80,0.727272727,20,0.181818182,0,0,0,0,0,0,35,0.24137931,20,0.137931034,0.911764706,0.181818182,0,0,0,0,0,0,0,0,0,0,0,0,0,335,0,0,0,0,0,0,0,0,0,0,0,0,1
ottawa_oeycfc_30_katimavik_hazeldean_00000_2_4_percent,320,45,0.140625,0.203125,0,0,1,0.603174603,0.333333333,0,0,0,NA,0,0.1,0.140625,13.3,49200,52400,45600,50000,14,16.8,0.8,0,15,0.046875,0,0,0,0,0,0,39.8,39.6,20.3,40,0.421052632,315,190,105,0,0,0,0,10,Inf,0,NA,50,0.714285714,0,0,10,0.142857143,0,0,20,0.285714286,60,0.461538462,15,0.115384615,0.9,0,0,0,0,0,0,0,0,0,0,0,0,0,0,315,0,0,0,0,0,0,0,0,0,0,0,0,1
ottawa_oeycfc_31_lower_town_00000_7_6_percent,395,65,0.164556962,0.063291139,0,0,1,0.594936709,0.329113924,0.025316456,0,0,NA,0,0.181818182,0.367088608,10,46200,61200,42200,55600,11.2,15.9,0.545454545,0,100,0.25,0,0,85,0.253731343,0,0,37.8,33.2,6.3,25,0.555555556,395,235,130,10,0,0,0,80,Inf,0,NA,40,0.296296296,25,0.185185185,55,0.407407407,10,0.074074074,10,0.074074074,80,0.355555556,15,0.066666667,0.8,0,0,0,0,0,0,0,0,0,0,0,0,0,0,395,0,0,0,0,0,0,0,0,0,0,0,0,1
ottawa_oeycfc_33_nepean_central_00000_2_2_percent,640,105,0.1640625,0.09375,0,0,1,0.5234375,0.3828125,0.046875,0,0,NA,0,0.057142857,0.0859375,17.3,53400,60800,50800,58200,11,15.9,0.728571429,0,70,0.109375,0,0,60,0.141176471,0,0,35.3,32.4,9.4,90,0.473684211,640,335,245,30,0,0,0,10,Inf,0,NA,130,0.702702703,30,0.162162162,10,0.054054054,0,0,10,0.054054054,125,0.409836066,40,0.131147541,0.957142857,0.054054054,0,0,0,0,0,0,0,0,0,0,0,0,0,640,0,0,0,0,0,0,0,0,0,0,0,0,1
ottawa_oeycfc_34_nepean_east_00000_3_2_percent,910,170,0.186813187,0.093406593,0,0,1,0.576923077,0.296703297,0.087912088,0,0,NA,0,0.168421053,0.076923077,13.8,42600,49800,42200,52000,12.9,17.3,0.589473684,0,130,0.142857143,20,0.1,100,0.158730159,0,0,33.8,31.4,9.3,95,0.301587302,910,525,270,80,0,0,0,15,Inf,0,NA,165,0.634615385,30,0.115384615,15,0.057692308,10,0.038461538,40,0.153846154,145,0.358024691,60,0.148148148,0.842105263,0.076923077,0,0,0,0,0,0,0,0,0,0,0,0,0,910,0,0,0,0,0,0,0,0,0,0,0,0,1
ottawa_oeycfc_2_bayshore_crystal_bay_00000_3_6_percent,290,35,0.120689655,0.086206897,0,0,1,0.568965517,0.396551724,0,0,0,NA,0,0.088235294,0.120689655,16.1,41600,43600,38800,45600,12.8,17.2,0.558823529,0,0,0,0,0,0,0,0,0,34.2,31.8,8.6,55,0.523809524,290,165,115,0,0,0,0,10,Inf,0,NA,80,0.842105263,10,0.105263158,0,0,0,0,0,0,40,0.307692308,30,0.230769231,0.911764706,0,0,0,0,0,0,0,0,0,0,0,0,0,0,290,0,0,0,0,0,0,0,0,0,0,0,0,1
ottawa_oeycfc_26_half_moon_bay_stonebridge_00000_1_5_percent,470,85,0.180851064,0.053191489,0,0,1,0.35106383,0.553191489,0.042553191,0,0,NA,0,0.086956522,0.021276596,21.3,51200,53200,47600,55600,6.2,15.4,0.717391304,0,0,0,0,0,0,0,0,0,30.8,26.2,5.3,55,0.244444444,470,165,260,20,0,0,0,60,Inf,0,NA,100,0.869565217,0,0,0,0,0,0,0,0,75,0.405405405,20,0.108108108,0.913043478,0,0,0,0,0,0,0,0,0,0,0,0,0,0,470,0,0,0,0,0,0,0,0,0,0,0,0,1
ottawa_oeycfc_37_orleans_south_00000_1_4_percent,935,155,0.165775401,0.090909091,0,0,1,0.404255319,0.542553191,0.015957447,0,0,NA,0,0.054545455,0.064171123,12.3,55700,65800,54100,65800,7.2,10.8,0.727272727,0,55,0.058823529,0,0,40,0.061538462,0,0,38.3,39.2,9.1,120,0.406779661,940,380,510,15,0,0,0,315,Inf,20,Inf,245,0.844827586,20,0.068965517,10,0.034482759,0,0,10,0.034482759,175,0.372340426,45,0.095744681,0.945454545,0.086206897,0,0,0,0,0,0,0,0,0,0,0,0,0,940,0,0,0,0,0,0,0,0,0,0,0,0,1
ottawa_oeycfc_32_metcalfe_osgoode_greely_00000_1_4_percent,800,145,0.18125,0.05,0,0,1,0.5875,0.34375,0.0375,0,0,NA,0,0.115384615,0.0125,11.3,54200,63600,53600,65200,5.1,8.2,0.679487179,0,40,0.05,15,0.053571429,25,0.053191489,0,0,32.5,28.6,5,60,0.15,800,470,275,30,0,0,0,50,Inf,0,NA,205,0.931818182,0,0,0,0,0,0,0,0,135,0.38028169,65,0.183098592,0.897435897,0.113636364,0,0,0,0,0,0,0,0,0,0,0,0,0,800,0,0,0,0,0,0,0,0,0,0,0,0,1
ottawa_oeycfc_39_ottawa_north_east_00000_3_7_percent,815,70,0.085889571,0.171779141,0,0,1,0.478527607,0.386503067,0.110429448,0,0,NA,0,0.235294118,0.233128834,22.2,38300,40000,34800,41200,20.2,28.2,0.509803922,0,155,0.190184049,15,0.142857143,120,0.210526316,25,0.178571429,43,41.6,17.2,105,0.538461538,815,390,315,90,0,0,0,265,Inf,20,Inf,140,0.595744681,45,0.191489362,30,0.127659574,0,0,15,0.063829787,80,0.25,50,0.15625,0.754901961,0.063829787,0,0,0,0,0,0,0,0,0,0,0,0,0,815,0,0,0,0,0,0,0,0,0,0,0,0,1
ottawa_oeycfc_40_ottawa_south_00000_3_2_percent,125,25,0.2,0.08,0,0,1,0.56,0.36,0,0,0,NA,0,0.117647059,0.08,23.5,86000,114000,76000,104000,2.5,5.4,0.941176471,0,0,0,0,NA,0,0,0,NA,38.4,29.8,8,10,0.25,125,70,45,0,0,0,0,10,Inf,0,NA,15,0.3,10,0.2,10,0.2,15,0.3,0,0,20,0.285714286,0,0,0.941176471,0.2,0,0,0,0,0,0,0,0,0,0,0,0,0,125,0,0,0,0,0,0,0,0,0,0,0,0,1
ottawa_oeycfc_41_ottawa_west_00000_3_4_percent,565,45,0.079646018,0.14159292,0,0,1,0.504424779,0.336283186,0.061946903,0,0,NA,0,0.086956522,0.256637168,17.5,48800,66000,50200,62400,10,14.6,0.739130435,0,70,0.123893805,0,0,45,0.118421053,15,0.1875,37.7,34,14.2,65,0.481481481,565,285,190,35,0,0,0,20,Inf,0,NA,55,0.611111111,25,0.277777778,0,0,0,0,0,0,170,0.653846154,25,0.096153846,0.927536232,0,0,0,0,0,0,0,0,0,0,0,0,0,0,565,0,0,0,0,0,0,0,0,0,0,0,0,1
ottawa_oeycfc_42_overbrook_00000_5_8_percent,335,45,0.134328358,0.029850746,0,0,1,0.567164179,0.208955224,0.164179104,0,0,NA,0,0.341463415,0.208955224,30,32800,32800,29800,38000,21.2,36.5,0.487804878,0,130,0.393939394,45,0.529411765,85,0.354166667,0,NA,31.6,30.4,3,100,0.8,335,190,70,55,0,0,0,40,Inf,0,NA,45,0.642857143,10,0.142857143,10,0.142857143,0,0,0,0,35,0.333333333,25,0.238095238,0.658536585,0.142857143,0,0,0,0,0,0,0,0,0,0,0,0,0,335,0,0,0,0,0,0,0,0,0,0,0,0,1
ottawa_oeycfc_43_pinecrest_queensway_00000_3_8_percent,1060,130,0.122641509,0.099056604,0,0,1,0.481132075,0.386792453,0.047169811,0,0,NA,0,0.225806452,0.20754717,18.3,39000,39900,36500,40100,17.4,27.2,0.564516129,0,245,0.230046948,95,0.38,140,0.19858156,0,0,36.7,33.2,9.9,175,0.564516129,1060,510,410,50,0,0,0,100,Inf,10,Inf,225,0.818181818,35,0.127272727,10,0.036363636,0,0,10,0.036363636,150,0.348837209,40,0.093023256,0.774193548,0,0,0,0,0,0,0,0,0,0,0,0,0,0,1060,0,0,0,0,0,0,0,0,0,0,0,0,1
ottawa_oeycfc_46_rideau_00000_1_7_percent,405,55,0.135802469,0.074074074,0,0,1,0.414634146,0.451219512,0.097560976,0,0,NA,0,0.066666667,0,8,63200,82000,59600,74000,4.8,5.7,0.822222222,0,20,0.049382716,0,0,0,0,0,0,35.1,35.6,7.4,40,0.235294118,410,170,185,40,0,0,0,30,Inf,0,NA,125,0.862068966,10,0.068965517,0,0,0,0,0,0,85,0.361702128,30,0.127659574,0.933333333,0,0,0,0,0,0,0,0,0,0,0,0,0,0,410,0,0,0,0,0,0,0,0,0,0,0,0,1
ottawa_oeycfc_50_vanier_00000_6_8_percent,1065,120,0.112676056,0.103286385,0,0.009345794,1,0.537383178,0.299065421,0.126168224,0,0,NA,0,0.305970149,0.192488263,28.9,34100,36800,30150,36200,27.5,37.2,0.537313433,0,285,0.267605634,60,0.292682927,190,0.253333333,35,0.318181818,39,38,10.3,170,0.596491228,1070,575,320,135,10,0,0,175,Inf,25,Inf,100,0.487804878,40,0.195121951,45,0.219512195,10,0.048780488,0,0,85,0.293103448,35,0.120689655,0.701492537,0.048780488,0,0,0,0,0,0,0,0,0,0,0,0,0,1070,0,0,0,0,0,0,0,0,0,0,0,0,1
ottawa_oeycfc_51_westboro_00000_2_6_percent,170,10,0.058823529,0.117647059,0,0,1,0.470588235,0.470588235,0,0,0,NA,0,0,0.205882353,14.3,49000,57000,46000,55000,8.8,15.6,0.782608696,0,20,0.114285714,0,0,0,0,0,0,40.4,46.4,11.8,20,0.4,170,80,80,0,0,0,0,0,NA,0,NA,35,0.636363636,10,0.181818182,0,0,0,0,10,0.181818182,40,0.444444444,0,0,1,0,0,0,0,0,0,0,0,0,0,0,0,0,0,170,0,0,0,0,0,0,0,0,0,0,0,0,1
ottawa_oeycfc_9_cardinal_creek_fallingbrook_00000_1_7_percent,900,170,0.188888889,0.111111111,0,0,1,0.436464088,0.480662983,0.044198895,0,0,NA,0,0.066666667,0.072222222,9.7,48800,53600,47200,53800,9.2,13.7,0.711111111,0,0,0,0,0,0,0,0,0,35.5,30.8,11.1,135,0.350649351,905,395,435,40,0,0,0,280,Inf,15,Inf,195,0.829787234,25,0.106382979,0,0,10,0.042553191,0,0,185,0.44047619,30,0.071428571,0.922222222,0.063829787,0,0,0,0,0,0,0,0,0,0,0,0,0,905,0,0,0,0,0,0,0,0,0,0,0,0,1
ottawa_oeycfc_12_carlsbad_springs_findlay_creek_00000_1_8_percent,340,45,0.132352941,0.073529412,0,0,1,0.449275362,0.420289855,0.072463768,0,0,NA,0,0.052631579,0.073529412,8.3,55200,66000,50000,60400,7.3,11.2,0.763157895,0,25,0.073529412,0,0,20,0.090909091,0,0,35.1,34.4,7.4,40,0.32,345,155,145,25,0,0,0,40,Inf,10,Inf,80,0.888888889,0,0,0,0,0,0,10,0.111111111,75,0.454545455,30,0.181818182,0.921052632,0,0,0,0,0,0,0,0,0,0,0,0,0,0,345,0,0,0,0,0,0,0,0,0,0,0,0,1
ottawa_oeycfc_13_carp_fitzroy_kinburn_00000_2_9_percent,540,70,0.12962963,0.092592593,0,0,1,0.422018349,0.504587156,0,0,0,NA,0,0.070175439,0.027777778,13.8,48400,60000,49800,62400,9.1,12.9,0.666666667,0,30,0.055555556,0,0,20,0.057142857,0,0,34.6,32.8,9.3,50,0.212765957,545,230,275,0,0,0,0,25,Inf,0,NA,165,0.970588235,0,0,0,0,0,0,0,0,80,0.32,50,0.2,0.947368421,0.147058824,0,0,0,0,0,0,0,0,0,0,0,0,0,545,0,0,0,0,0,0,0,0,0,0,0,0,1
ottawa_oeycfc_15_chapman_mills_rideau_crest_00000_2_8_percent,450,80,0.177777778,0.044444444,0,0,1,0.577777778,0.366666667,0.022222222,0,0,NA,0,0.036363636,0.055555556,6.8,50400,59000,51800,64400,4.9,8.2,0.781818182,0,0,0,0,0,0,0,0,NA,34.6,35.2,4.4,35,0.233333333,450,260,165,10,0,0,0,35,Inf,0,NA,125,0.925925926,0,0,0,0,0,0,0,0,140,0.5,30,0.107142857,0.963636364,0.074074074,0,0,0,0,0,0,0,0,0,0,0,0,0,450,0,0,0,0,0,0,0,0,0,0,0,0,1
ottawa_oeycfc_16_chatelaine_convent_glen_00000_2_2_percent,540,80,0.148148148,0.138888889,0,0,1,0.425925926,0.490740741,0.055555556,0,0,NA,0,0.071428571,0.092592593,17.2,47400,50600,47400,53800,8.8,13.6,0.696428571,0,45,0.082568807,0,0,30,0.090909091,0,0,37.2,35.2,13.9,80,0.4,540,230,265,30,0,0,0,165,Inf,15,Inf,95,0.730769231,25,0.192307692,0,0,0,0,0,0,110,0.458333333,45,0.1875,0.928571429,0.192307692,0,0,0,0,0,0,0,0,0,0,0,0,0,540,0,0,0,0,0,0,0,0,0,0,0,0,1
ottawa_oeycfc_17_clementine_riverside_park_00000_3_5_percent,280,65,0.232142857,0.089285714,0,0,1,0.357142857,0.5,0.125,0,0,NA,0,0.137931034,0.160714286,16.1,40000,45600,35200,40400,9.6,17.2,0.586206897,0,30,0.107142857,0,0,30,0.15,0,0,34,29.4,8.9,25,0.294117647,280,100,140,35,0,0,0,0,NA,0,NA,45,0.5,25,0.277777778,10,0.111111111,0,0,0,0,45,0.346153846,10,0.076923077,0.896551724,0,0,0,0,0,0,0,0,0,0,0,0,0,0,280,0,0,0,0,0,0,0,0,0,0,0,0,1
ottawa_oeycfc_18_constance_bay_dunrobin_00000_3_0_percent,355,50,0.14084507,0.070422535,0,0,1,0.375,0.555555556,0.069444444,0,0,NA,0,0.051282051,0.056338028,21.1,51200,66000,50800,62400,6.3,9.6,0.743589744,0,0,0,0,0,0,0,0,0,34.1,33.6,7,35,0.225806452,360,135,200,25,0,0,0,10,Inf,0,NA,65,1,0,0,0,0,0,0,0,0,85,0.548387097,20,0.129032258,0.948717949,0,0,0,0,0,0,0,0,0,0,0,0,0,0,360,0,0,0,0,0,0,0,0,0,0,0,0,1
ottawa_oeycfc_20_cumberland_navan_vars_00000_1_9_percent,600,100,0.166666667,0.108333333,0,0,1,0.47107438,0.495867769,0,0,0,NA,0,0.131147541,0.058333333,5.8,47200,52000,44000,48400,11.6,15.2,0.639344262,0,35,0.058333333,0,0,15,0.04109589,0,0,35.7,34.4,10.8,35,0.120689655,605,285,300,0,0,0,0,265,Inf,20,Inf,205,0.911111111,10,0.044444444,10,0.044444444,0,0,0,0,100,0.3125,45,0.140625,0.868852459,0.066666667,0,0,0,0,0,0,0,0,0,0,0,0,0,605,0,0,0,0,0,0,0,0,0,0,0,0,1
ottawa_oeycfc_24_glencairn_00000_2_4_percent,510,95,0.18627451,0.098039216,0,0,1,0.660194175,0.310679612,0,0,0,NA,0,0.066666667,0.078431373,14.3,45000,43200,41800,42800,16.4,21.6,0.555555556,0,0,0,0,0,0,0,0,0,31.5,26,9.8,135,0.519230769,515,340,160,0,0,0,0,15,Inf,0,NA,110,0.814814815,15,0.111111111,0,0,0,0,0,0,40,0.228571429,15,0.085714286,0.933333333,0,0,0,0,0,0,0,0,0,0,0,0,0,0,515,0,0,0,0,0,0,0,0,0,0,0,0,1
ottawa_oeycfc_25_goulbourn_munster_richmond_00000_1_3_percent,375,80,0.213333333,0.133333333,0,0,1,0.586666667,0.373333333,0,0,0,NA,0,0.090909091,0.053333333,7.9,48000,54400,46800,55200,11.2,14,0.666666667,0,0,0,0,0,0,0,0,0,36.6,35.6,13.3,40,0.242424242,375,220,140,0,0,0,0,0,NA,0,NA,125,1,0,0,0,0,0,0,0,0,50,0.294117647,45,0.264705882,0.909090909,0,0,0,0,0,0,0,0,0,0,0,0,0,0,375,0,0,0,0,0,0,0,0,0,0,0,0,1
ottawa_oeycfc_6_blackburn_hamlet_mer_bleue_00000_2_4_percent,250,40,0.16,0.08,0,0,1,0.56,0.34,0,0,0,NA,0,0.3,0.12,20.7,46000,46400,41200,44400,12.4,20.4,0.533333333,0,0,0,0,0,0,0,0,0,37.2,37.2,8,30,0.315789474,250,140,85,0,0,0,0,20,Inf,0,NA,55,0.733333333,15,0.2,0,0,0,0,0,0,40,0.347826087,0,0,0.733333333,0,0,0,0,0,0,0,0,0,0,0,0,0,0,250,0,0,0,0,0,0,0,0,0,0,0,0,1
ottawa_oeycfc_35_new_edinburgh_rockcliffe_park_00000_3_9_percent,145,15,0.103448276,0,0,0,1,0.344827586,0.586206897,0,0,0,NA,0,0,0.068965517,23.5,75000,98000,66000,82000,6.4,8,0.692307692,0,0,0,0,0,0,0,0,NA,28.6,25.4,0,55,0.6875,145,50,85,0,0,0,0,0,NA,0,NA,10,0.285714286,10,0.285714286,10,0.285714286,0,0,0,0,30,0.461538462,0,0,0.923076923,0,0,0,0,0,0,0,0,0,0,0,0,0,0,145,0,0,0,0,0,0,0,0,0,0,0,0,1
ottawa_oeycfc_36_old_barrhaven_00000_1_7_percent,1000,160,0.16,0.08,0,0,1,0.515,0.41,0.035,0,0,NA,0.01,0.067307692,0.09,10.6,46800,50500,44800,51800,8.8,14.4,0.673076923,0,40,0.039800995,0,0,20,0.031007752,0,0,33.4,32.4,8,110,0.255813953,1000,515,410,35,0,0,10,65,Inf,0,NA,265,0.768115942,55,0.15942029,0,0,10,0.028985507,10,0.028985507,155,0.306930693,50,0.099009901,0.923076923,0.130434783,0,0,0,0,0,0,0,0,0,0,0,0,0,1000,0,0,0,0,0,0,0,0,0,0,0,0,1
ottawa_oeycfc_44_portobello_south_00000_1_9_percent,785,115,0.146496815,0.050955414,0,0,1,0.411392405,0.487341772,0,0,0,NA,0,0.06741573,0.082802548,10.9,56000,62200,52600,60000,7.7,11.8,0.786516854,0,0,0,0,0,0,0,0,0,32.6,33.2,5.1,110,0.366666667,790,325,385,0,0,0,0,245,Inf,0,NA,225,0.9,0,0,15,0.06,0,0,0,0,160,0.385542169,35,0.084337349,0.93258427,0.04,0,0,0,0,0,0,0,0,0,0,0,0,0,790,0,0,0,0,0,0,0,0,0,0,0,0,1
ottawa_oeycfc_45_queenswood_heights_00000_1_0_percent,275,55,0.2,0.127272727,0,0,1,0.436363636,0.509090909,0,0,0,NA,0,0,0.036363636,9.7,51600,56400,52000,56800,8.6,11.6,0.666666667,0,0,0,0,0,0,0,0,0,39.4,37.6,12.7,15,0.142857143,275,120,140,0,0,0,0,55,Inf,0,NA,65,0.928571429,10,0.142857143,0,0,0,0,0,0,65,0.464285714,15,0.107142857,0.933333333,0,0,0,0,0,0,0,0,0,0,0,0,0,0,275,0,0,0,0,0,0,0,0,0,0,0,0,1
ottawa_oeycfc_47_riverside_south_00000_0_7_percent,380,85,0.223684211,0.065789474,0,0,1,0.480519481,0.480519481,0,0,0,NA,0,0,0.065789474,15.6,54000,60000,50800,57600,6.2,9,0.837837838,0,0,0,0,0,0,0,0,0,32.9,30.6,6.6,50,0.294117647,385,185,185,0,0,0,0,40,Inf,0,NA,80,0.888888889,0,0,0,0,0,0,0,0,95,0.5,10,0.052631579,1,0.111111111,0,0,0,0,0,0,0,0,0,0,0,0,0,385,0,0,0,0,0,0,0,0,0,0,0,0,1
ottawa_oeycfc_27_hawthorne_meadows_riverview_00000_4_9_percent,585,85,0.145299145,0.170940171,0,0,1,0.49137931,0.405172414,0.034482759,0,0,NA,0,0.237288136,0.205128205,6.9,45000,51400,42000,49400,15.8,19.6,0.525423729,0,125,0.213675214,25,0.217391304,70,0.191780822,25,0.25,37.3,33.6,17.1,55,0.34375,580,285,235,20,0,0,0,70,Inf,0,NA,115,0.696969697,25,0.151515152,15,0.090909091,10,0.060606061,0,0,105,0.388888889,40,0.148148148,0.762711864,0.060606061,0,0,0,0,0,0,0,0,0,0,0,0,0,580,0,0,0,0,0,0,0,0,0,0,0,0,1
ottawa_oeycfc_48_south_march_00000_1_0_percent,315,50,0.158730159,0.031746032,0,0,1,0.580645161,0.370967742,0,0,0,NA,0,0.1,0.031746032,15.6,50800,61200,53200,66500,6.8,10,0.766666667,0,50,0.158730159,0,0,25,0.135135135,0,NA,29.9,27.4,3.2,45,0.310344828,310,180,115,0,0,0,0,35,Inf,0,NA,65,0.928571429,0,0,0,0,0,0,0,0,65,0.5,15,0.115384615,0.933333333,0,0,0,0,0,0,0,0,0,0,0,0,0,0,310,0,0,0,0,0,0,0,0,0,0,0,0,1
ottawa_oeycfc_49_stittsville_00000_1_2_percent,830,140,0.168674699,0.060240964,0,0,1,0.518072289,0.439759036,0,0,0,NA,0,0.070588235,0.036144578,10,50400,55400,48800,55200,7.4,11.4,0.835294118,0,0,0,0,0,0,0,0,0,32.4,29,6,100,0.256410256,830,430,365,0,0,0,0,10,Inf,0,NA,215,0.754385965,25,0.087719298,0,0,40,0.140350877,15,0.052631579,165,0.366666667,75,0.166666667,0.941176471,0.122807018,0,0,0,0,0,0,0,0,0,0,0,0,0,830,0,0,0,0,0,0,0,0,0,0,0,0,1
ottawa_oeycfc_38_ottawa_east_sandy_hill_00000_7_6_percent,545,180,0.330275229,0.055045872,0,0,1,0.422018349,0.504587156,0.036697248,0,0,NA,0,0.240740741,0.275229358,21.2,36200,41000,33000,43200,12.2,23.6,0.611111111,0,170,0.311926606,50,0.5,110,0.265060241,0,0,32.4,26.6,5.5,50,0.476190476,545,230,275,20,0,0,0,75,Inf,0,NA,70,0.4,70,0.4,15,0.085714286,0,0,10,0.057142857,90,0.346153846,25,0.096153846,0.759259259,0.085714286,0,0,0,0,0,0,0,0,0,0,0,0,0,545,0,0,0,0,0,0,0,0,0,0,0,0,1
ottawa_chrc_13_western_ottawa_community_resource_centre_00000_1_8_percent,4025,595,0.147826087,0.093167702,0,0.006203474,1,0.53101737,0.41439206,0.007444169,0,0,0,0,0.067839196,0.057142857,12.5,49760,56400,48200,55700,10.3,13.7,0.736180905,0,260,0.064516129,105,0.082352941,135,0.056842105,20,0.053333333,33.9,32.8,9.3,540,0.304225352,4030,2140,1670,30,25,0,0,140,Inf,0,NA,940,0.858447489,50,0.0456621,25,0.02283105,45,0.04109589,35,0.03196347,695,0.389355742,265,0.148459384,0.932160804,0.086757991,0,0,0,0,0,0,0,0,0,0,0,0,0,4030,0,0,0,0,0,0,0,0,0,0,0,0,1
ottawa_chrc_7_pinecrest_queensway_community_health_centre_00000_3_4_percent,1460,180,0.123287671,0.102739726,0,0,1,0.503424658,0.376712329,0.051369863,0,0,NA,0,0.186046512,0.20890411,15.9,40600,42800,38400,43400,15,22.8,0.581395349,0,275,0.188356164,95,0.301587302,165,0.166666667,15,0.096774194,37.1,35.6,10.3,215,0.518072289,1460,735,550,75,0,0,0,125,Inf,10,Inf,340,0.781609195,50,0.114942529,30,0.068965517,0,0,10,0.022988506,205,0.322834646,85,0.133858268,0.813953488,0.034482759,0,0,0,0,0,0,0,0,0,0,0,0,0,1460,0,0,0,0,0,0,0,0,0,0,0,0,1
ottawa_chrc_1_carlington_community_and_health_services_00000_4_1_percent,1370,240,0.175182482,0.083941606,0,0.014652015,1,0.472527473,0.377289377,0.062271062,0,0,0,0,0.124260355,0.215328467,13.5,42900,53300,40700,51100,11.2,18.4,0.686390533,0,230,0.167883212,45,0.214285714,165,0.157894737,20,0.173913043,38,37.2,8.4,175,0.546875,1365,645,515,85,20,0,0,55,Inf,0,NA,300,0.705882353,80,0.188235294,20,0.047058824,10,0.023529412,10,0.023529412,280,0.394366197,70,0.098591549,0.881656805,0.023529412,0,0,0,0,0,0,0,0,0,0,0,0,0,1365,0,0,0,0,0,0,0,0,0,0,0,0,1
ottawa_chrc_12_vanier_community_services_centre_00000_6_8_percent,1090,130,0.119266055,0.100917431,0,0.009174312,1,0.54587156,0.298165138,0.123853211,0,0,NA,0,0.311111111,0.188073394,28.6,34200,36600,30350,36000,27.9,37.8,0.525925926,0,285,0.26146789,60,0.285714286,190,0.25,35,0.318181818,38.6,37.2,10.1,185,0.616666667,1090,595,325,135,10,0,0,175,Inf,25,Inf,105,0.5,40,0.19047619,45,0.214285714,10,0.047619048,0,0,85,0.283333333,35,0.116666667,0.688888889,0.047619048,0,0,0,0,0,0,0,0,0,0,0,0,0,1090,0,0,0,0,0,0,0,0,0,0,0,0,1
ottawa_chrc_6_orleans_cumberland_community_resource_centre_00000_1_8_percent,2685,435,0.162011173,0.094972067,0,0.003724395,1,0.437616387,0.491620112,0.020484171,0,0,0,0,0.074204947,0.070763501,9.1,50840,55850,48680,54650,9.1,13.1,0.724381625,0,70,0.026070764,0,0,45,0.026548673,20,0.078431373,35.2,33.6,9.5,330,0.295964126,2685,1175,1320,55,10,0,0,895,Inf,40,Inf,700,0.869565217,55,0.068322981,25,0.031055901,10,0.01242236,20,0.02484472,545,0.403703704,140,0.103703704,0.922261484,0.049689441,0,0,0,0,0,0,0,0,0,0,0,0,0,2685,0,0,0,0,0,0,0,0,0,0,0,0,1
ottawa_chrc_4_lowertown_community_resource_centre_00000_6_1_percent,430,65,0.151162791,0.11627907,0,0,1,0.593023256,0.348837209,0.023255814,0,0,NA,0,0.203703704,0.360465116,11.5,42600,56400,38600,51200,14.1,18.8,0.574074074,0,115,0.26744186,0,0,95,0.279411765,0,0,38.5,34.8,11.6,35,0.636363636,430,255,150,10,0,0,0,85,Inf,0,NA,50,0.322580645,30,0.193548387,60,0.387096774,10,0.064516129,0,0,75,0.333333333,30,0.133333333,0.796296296,0,0,0,0,0,0,0,0,0,0,0,0,0,0,430,0,0,0,0,0,0,0,0,0,0,0,0,1
ottawa_chrc_9_sandy_hill_community_health_centre_00000_8_5_percent,530,175,0.330188679,0.037735849,0,0,1,0.386792453,0.518867925,0.037735849,0,0,NA,0,0.2,0.273584906,20,39400,44800,36200,47000,9.8,20.2,0.636363636,0,155,0.29245283,50,0.5,105,0.25,0,0,31.5,27.8,3.8,55,0.523809524,530,205,275,20,0,0,0,60,Inf,0,NA,55,0.333333333,65,0.393939394,20,0.121212121,0,0,15,0.090909091,100,0.384615385,15,0.057692308,0.8,0.090909091,0,0,0,0,0,0,0,0,0,0,0,0,0,530,0,0,0,0,0,0,0,0,0,0,0,0,1
ottawa_chrc_10_somerset_west_community_health_centre_00000_4_1_percent,845,110,0.130177515,0.076923077,0,0,1,0.520710059,0.284023669,0.106508876,0,0,NA,0,0.112149533,0.24852071,14.4,44600,52600,39900,50200,11.7,19.4,0.682242991,0,170,0.201183432,25,0.161290323,125,0.2,25,0.384615385,35.2,33.2,7.7,95,0.487179487,845,440,240,90,0,0,0,50,Inf,0,NA,95,0.558823529,30,0.176470588,40,0.235294118,0,0,0,0,215,0.558441558,40,0.103896104,0.887850467,0.117647059,0,0,0,0,0,0,0,0,0,0,0,0,0,845,0,0,0,0,0,0,0,0,0,0,0,0,1
ottawa_chrc_21_carleton_university_campus_09999_0_0_percent,NA,NA,NA,NA,NA,NA,NA,NA,NA,NA,NA,NA,NA,NA,NA,NA,NA,NA,NA,NA,NA,NA,NA,NA,NA,NA,NA,NA,NA,NA,NA,NA,NA,NA,NA,NA,NA,NA,NA,NA,NA,NA,NA,NA,NA,NA,NA,NA,NA,NA,NA,NA,NA,NA,NA,NA,NA,NA,NA,NA,NA,NA,NA,NA,NA,NA,NA,NA,NA,NA,NA,NA,NA,NA,NA,NA,NA,NA,NA,NA,NA,NA,NA,NA,NA,NA,NA,NA,NA,NA,NA,NA
ottawa_chrc_5_nepean_rideau_and_osgoode_community_resource_centre_00000_2_1_percent,5130,860,0.167641326,0.074074074,0,0.00194742,1,0.520934761,0.389483934,0.049659202,0,0,0,0.001949318,0.094269871,0.057504873,11.7,49880,57550,48120,57950,8.4,12.9,0.678373383,0,390,0.076023392,95,0.067375887,270,0.080717489,25,0.065789474,33.7,32,7.4,575,0.279126214,5135,2675,2000,255,10,0,10,290,Inf,0,NA,1255,0.804487179,160,0.102564103,50,0.032051282,20,0.012820513,85,0.054487179,915,0.368951613,315,0.127016129,0.905730129,0.076923077,0,0,0,0,0,0,0,0,0,0,0,0,0,5135,0,0,0,0,0,0,0,0,0,0,0,0,1
ottawa_chrc_11_south_east_ottawa_community_health_centre_00000_3_6_percent,2360,400,0.169491525,0.11440678,0.00422833,0.010570825,1,0.479915433,0.405919662,0.059196617,0,0,0,0,0.194444444,0.154661017,13.4,45200,53500,41040,49120,14.5,19.5,0.595238095,0,385,0.163135593,110,0.2,240,0.155339806,40,0.148148148,35.6,32.4,11.4,405,0.543624161,2365,1135,960,140,25,10,0,180,Inf,20,Inf,445,0.674242424,120,0.181818182,60,0.090909091,15,0.022727273,25,0.037878788,365,0.356097561,120,0.117073171,0.805555556,0.075757576,0,0,0,0,0,0,0,0,0,0,0,0,0,2365,0,0,0,0,0,0,0,0,0,0,0,0,1
ottawa_chrc_8_rideau_rockcliffe_community_resource_centre_00000_4_3_percent,1250,120,0.096,0.124,0,0,1,0.490039841,0.35059761,0.115537849,0,0,NA,0,0.248366013,0.216,24.8,39900,44300,36000,45200,17.5,25.7,0.522875817,0,325,0.26,80,0.355555556,215,0.245714286,25,0.161290323,38.8,36.8,12.4,240,0.648648649,1255,615,440,145,0,0,0,305,Inf,20,Inf,190,0.567164179,70,0.208955224,40,0.119402985,0,0,20,0.059701493,140,0.29787234,70,0.14893617,0.751633987,0.089552239,0,0,0,0,0,0,0,0,0,0,0,0,0,1255,0,0,0,0,0,0,0,0,0,0,0,0,1
ottawa_chrc_3_eastern_ottawa_resource_centre_00000_2_0_percent,4055,600,0.147965475,0.093711467,0,0.004932182,1,0.503082614,0.419235512,0.03945746,0,0,NA,0,0.089519651,0.094944513,13.2,48560,55900,47360,59000,9.4,14.6,0.672489083,0,320,0.079012346,90,0.092307692,190,0.07037037,40,0.105263158,36.4,36,9.4,520,0.354948805,4055,2040,1700,160,20,0,0,775,Inf,50,Inf,880,0.8,105,0.095454545,65,0.059090909,0,0,45,0.040909091,770,0.409574468,220,0.117021277,0.908296943,0.054545455,0,0,0,0,0,0,0,0,0,0,0,0,0,4055,0,0,0,0,0,0,0,0,0,0,0,0,1
ottawa_chrc_2_centretown_community_health_centre_00000_5_2_percent,1190,185,0.155462185,0.054621849,0,0,1,0.535864979,0.35443038,0.05907173,0,0,NA,0,0.06547619,0.352941176,14.1,51300,63200,47700,59100,6.6,11.1,0.702380952,0,210,0.176470588,30,0.25,175,0.175,0,0,36.9,33.2,5.5,95,0.487179487,1185,635,420,70,0,0,0,100,Inf,0,NA,120,0.352941176,55,0.161764706,120,0.352941176,30,0.088235294,10,0.029411765,360,0.514285714,30,0.042857143,0.928571429,0.044117647,0,0,0,0,0,0,0,0,0,0,0,0,0,1185,0,0,0,0,0,0,0,0,0,0,0,0,1
