name,total_population,number_of_children_age_0_14,percent_of_pop_that_are_children_age_0_14,number_of_youth_age_15_24,percent_of_pop_that_are_youth_age_15_24,number_of_adults_age_25_64,percent_of_pop_that_are_adults_age_25_64,percent_of_pop_that_are_seniors_65,percent_of_pop_that_are_recent_immigrants_arr_2016_2021,percent_of_pop_that_are_immigrants,percent_of_pop_that_are_indigenous,percent_of_pop_that_are_fn,percent_of_pop_that_are_metis,percent_of_pop_that_are_inuit,percent_of_pop_that_are_racialized,percent_of_pop_that_are_refugees,percent_of_immigrants_that_are_refugees,percent_of_pop_with_knowledge_of_neither_english_nor_french,percent_of_pop_age_25_64_with_no_high_school_diploma_or_equivalent,percent_of_pop_living_alone,unemployment_rate,average_after_tax_income_in_2020_among_recipients,average_market_income_in_2020_among_recipients,average_after_tax_income_in_2019_among_recipients,average_market_income_in_2019_among_recipients,percent_of_income_from_government_transfers_2019,percent_of_income_from_government_transfers_2020,percent_of_pop_age_25_64_with_postsecondary_degree_diploma_certificate,number_of_refugees,number_of_people_in_low_income_based_on_lim_at,percent_of_people_in_low_income_based_on_lim_at,number_of_people_0_17_in_low_income_based_on_lim_at,percent_of_people_0_17_in_low_income_based_on_lim_at,number_of_people_18_64_in_low_income_based_on_lim_at,percent_of_people_18_64_in_low_income_based_on_lim_at,number_of_people_65_in_low_income_based_on_lim_at,percent_of_people_65_in_low_income_based_on_lim_at,average_age_of_the_population,median_age_of_the_population,number_of_seniors_65,number_of_children_living_in_one_parent_families,percent_of_children_living_in_one_parent_families,number_of_people_who_are_indigenous,number_of_people_who_are_fn,number_of_people_who_are_metis,number_of_people_who_are_inuit,number_of_immigrants,number_of_recent_immigrants_arr_2016_2021,number_of_people_with_knowledge_of_neither_english_nor_french,number_of_people_with_french_as_a_language_most_spoken_at_home,percent_of_people_with_french_as_a_language_most_spoken_at_home,number_of_people_with_knowledge_of_only_french_as_an_official_language,percent_of_people_with_knowledge_of_only_french_as_an_official_language,number_of_workers_age_15_who_commute_by_car_truck_or_van,percent_of_workers_age_15_who_commute_by_car_truck_or_van,number_of_workers_age_15_who_commute_by_public_transit,percent_of_workers_age_15_who_commute_by_public_transit,number_of_workers_age_15_who_commute_by_walking,percent_of_workers_age_15_who_commute_by_walking,number_of_workers_age_15_who_commute_by_bicycle,percent_of_workers_age_15_who_commute_by_bicycle,number_of_workers_age_15_who_commute_by_other_means,percent_of_workers_age_15_who_commute_by_other_means,number_of_workers_age_15_who_work_at_home,percent_of_workers_age_15_who_work_at_home,number_of_workers_age_15_who_have_no_fixed_workplace_address,percent_of_workers_age_15_who_have_no_fixed_workplace_address,percent_of_people_age_25_64_with_a_high_school_diploma,percent_of_workers_who_commute_for_60_minutes_and_over,number_of_people_who_are_racialized,number_self_identified_as_south_asian,number_self_identified_as_chinese,number_self_identified_as_black,number_self_identified_as_filipino,number_self_identified_as_arab,number_self_identified_as_latin_american,number_self_identified_as_southeast_asian,number_self_identified_as_west_asian,number_self_identified_as_korean,number_self_identified_as_japanese,number_self_identified_with_other_visible_minority,number_self_identified_with_multiple_visible_minorities,number_of_people_who_are_non_racialized,percent_self_identified_as_south_asian,percent_self_identified_as_chinese,percent_self_identified_as_black,percent_self_identified_as_filipino,percent_self_identified_as_arab,percent_self_identified_as_latin_american,percent_self_identified_as_southeast_asian,percent_self_identified_as_west_asian,percent_self_identified_as_korean,percent_self_identified_as_japanese,percent_self_identified_with_other_visible_minority,percent_self_identified_with_multiple_visible_minorities,percent_of_people_who_are_non_racialized,number_of_children_eligible_for_instruction_in_the_minority_official_language,percent_of_children_eligible_for_instruction_in_the_minority_official_language,number_of_children_not_eligible_for_instruction_in_the_minority_official_language,percent_of_children_not_eligible_for_instruction_in_the_minority_official_language
province_of_ontario_00000_3_8_percent,982370,982370,1,0,0,0,0,0,0.03244178648683039,0.03424863214149383,0.0397811426390126,0.027112864232090597,0.010612037154854308,4.631632523221784e-4,0.41333502990202314,0.007965430540427742,0.2325754198246396,0.039989820587861054,NA,0,0,NA,NA,NA,NA,NA,NA,NA,7825,120345,0.12250475889939635,120345,0.12250475889939635,0,NA,0,NA,3.6,3.7,0,151645,0.1553087330117471,39080,26635,10425,455,33645,31870,39285,26465,0.026939814225728463,9215,0.00938032828604148,0,NA,0,NA,0,NA,0,NA,0,NA,0,NA,0,NA,NA,NA,406050,130570,52890,79270,25640,28735,13800,11055,17255,5695,2070,9495,29580,576315,0.13291258429825678,0.05383891080290113,0.08069220002544852,0.026100012724265174,0.02925054078126988,0.014047588751749586,0.011253340119608093,0.017564575645756458,0.005797175213131442,0.002107138312762438,0.009665351825932053,0.03011070110701107,0.5866547906858379,112070,0.11408125248124434,870305,0.8859238372507304
ottawa_census_division_3506_00000_3_1_percent,70860,70860,1,0,0,0,0,0,0.04212829017006563,0.04382188977489239,0.02977912638487051,0.01538352974384306,0.00980876437795498,0.0026815327076423682,0.4315150659798179,0.014817950889077053,0.33816425120772947,0.04212829017006563,NA,0,0,NA,NA,NA,NA,NA,NA,NA,1050,8275,0.11678780608284525,8275,0.11678780608284525,0,NA,0,NA,3.7,3.8,0,9675,0.13705907352316193,2110,1090,695,190,3105,2985,2985,9155,0.1292075365182415,3590,0.05066685484440053,0,NA,0,NA,0,NA,0,NA,0,NA,0,NA,0,NA,NA,NA,30575,5120,3015,9600,1180,6060,640,1010,1150,300,180,355,1965,40285,0.07226024980594171,0.04255169007127232,0.13548796838614072,0.016653729447463128,0.08552678004375132,0.009032531225742714,0.014254463340625221,0.016230329546256438,0.004233999012066897,0.0025403994072401384,0.005010232164279161,0.027732693529038177,0.5685555006703832,24055,0.33947219870166523,46805,0.6605278012983348
ottawa_ons2022_admaston_bromley_3701_00000_3_2_percent,235,235,1,0,0,0,0,0,0,0,0.0425531914893617,0.0425531914893617,0,0,0,0,NA,0.0851063829787234,NA,0,0,NA,NA,NA,NA,NA,NA,NA,0,45,0.1956521739130435,45,0.1956521739130435,0,NA,0,NA,3.1,2.8,0,30,0.1276595744680851,10,10,0,0,0,0,20,0,0,0,0,0,NA,0,NA,0,NA,0,NA,0,NA,0,NA,0,NA,NA,NA,0,0,0,0,0,0,0,0,0,0,0,0,0,230,0,0,0,0,0,0,0,0,0,0,0,0,0.9787234042553191,0,0,230,1
ottawa_ons2022_airport_3001_00000_6_7_percent,0,0,NA,0,NA,0,NA,NA,NA,NA,NA,NA,NA,NA,NA,NA,NA,NA,NA,NA,0,NA,NA,NA,NA,NA,NA,NA,0,0,NA,0,NA,0,NA,0,NA,NA,NA,0,0,NA,0,0,0,0,0,0,0,0,NA,0,NA,0,NA,0,NA,0,NA,0,NA,0,NA,0,NA,0,NA,NA,NA,0,0,0,0,0,0,0,0,0,0,0,0,0,0,NA,NA,NA,NA,NA,NA,NA,NA,NA,NA,NA,NA,NA,0,NA,0,NA
ottawa_ons2022_akwesasne_part_59_3801_09999_0_0_percent,NA,NA,NA,NA,NA,NA,NA,NA,NA,NA,NA,NA,NA,NA,NA,NA,NA,NA,NA,NA,NA,NA,NA,NA,NA,NA,NA,NA,NA,NA,NA,NA,NA,NA,NA,NA,NA,NA,NA,NA,NA,NA,NA,NA,NA,NA,NA,NA,NA,NA,NA,NA,NA,NA,NA,NA,NA,NA,NA,NA,NA,NA,NA,NA,NA,NA,NA,NA,NA,NA,NA,NA,NA,NA,NA,NA,NA,NA,NA,NA,NA,NA,NA,NA,NA,NA,NA,NA,NA,NA,NA,NA,NA,NA,NA,NA,NA,NA,NA,NA
ottawa_ons2022_alfred_and_plantagenet_3601_00000_3_2_percent,820,820,1,0,0,0,0,0,0,0,0.06707317073170732,0.036585365853658534,0.012195121951219513,0,0.018292682926829267,0,NA,0,NA,0,0,NA,NA,NA,NA,NA,NA,NA,0,60,0.07317073170731707,60,0.07317073170731707,0,NA,0,NA,3.4,3.4,0,115,0.1402439024390244,55,30,10,0,0,0,0,560,0.6829268292682927,380,0.4634146341463415,0,NA,0,NA,0,NA,0,NA,0,NA,0,NA,0,NA,NA,NA,15,0,0,10,0,0,0,0,0,0,0,0,0,805,0,0,0.012195121951219513,0,0,0,0,0,0,0,0,0,0.9817073170731707,700,0.8536585365853658,115,0.1402439024390244
ottawa_ons2022_alta_vista_3002_00000_2_8_percent,525,525,1,0,0,0,0,0,0.018867924528301886,0.018867924528301886,0.018867924528301886,0,0.018867924528301886,0,0.3490566037735849,0,0,0,NA,0,0,NA,NA,NA,NA,NA,NA,NA,0,0,0,0,0,0,NA,0,NA,3.9,3.9,0,40,0.0761904761904762,10,0,10,0,10,10,0,100,0.18867924528301888,50,0.09433962264150944,0,NA,0,NA,0,NA,0,NA,0,NA,0,NA,0,NA,NA,NA,185,45,40,25,0,55,0,0,0,0,0,0,0,345,0.08490566037735849,0.07547169811320754,0.04716981132075472,0,0.10377358490566038,0,0,0,0,0,0,0,0.6509433962264151,225,0.42857142857142855,305,0.580952380952381
ottawa_ons2022_arnprior_3702_00000_2_5_percent,690,690,1,0,0,0,0,0,0,0,0.10869565217391304,0.036231884057971016,0.06521739130434782,0,0.07971014492753623,0,NA,0,NA,0,0,NA,NA,NA,NA,NA,NA,NA,0,80,0.11594202898550725,80,0.11594202898550725,0,NA,0,NA,3.4,3.5,0,145,0.21014492753623187,75,25,45,0,0,0,0,25,0.036231884057971016,0,0,0,NA,0,NA,0,NA,0,NA,0,NA,0,NA,0,NA,NA,NA,55,20,0,0,0,0,0,10,10,0,10,0,0,635,0.028985507246376812,0,0,0,0,0,0.014492753623188406,0.014492753623188406,0,0.014492753623188406,0,0,0.9202898550724637,100,0.14492753623188406,590,0.855072463768116
ottawa_ons2022_bayshore_3003_00000_5_4_percent,1160,1160,1,0,0,0,0,0,0.09482758620689655,0.09913793103448276,0.04310344827586207,0.03017241379310345,0,0,0.7456896551724138,0.02586206896551724,0.2608695652173913,0.08189655172413793,NA,0,0,NA,NA,NA,NA,NA,NA,NA,30,410,0.35344827586206895,410,0.35344827586206895,0,NA,0,NA,3.5,3.2,0,290,0.25,50,35,0,0,115,110,95,115,0.09913793103448276,40,0.034482758620689655,0,NA,0,NA,0,NA,0,NA,0,NA,0,NA,0,NA,NA,NA,865,205,10,300,75,185,0,20,40,0,0,0,25,295,0.17672413793103448,0.008620689655172414,0.25862068965517243,0.06465517241379311,0.15948275862068967,0,0.017241379310344827,0.034482758620689655,0,0,0,0.021551724137931036,0.2543103448275862,280,0.2413793103448276,875,0.7543103448275862
ottawa_ons2022_beacon_hill_south_cardinal_heights_3004_00000_3_4_percent,610,610,1,0,0,0,0,0,0.08130081300813008,0.08130081300813008,0.024390243902439025,0,0.024390243902439025,0,0.5609756097560976,0.01639344262295082,0.2,0.06504065040650407,NA,0,0,NA,NA,NA,NA,NA,NA,NA,10,120,0.19672131147540983,120,0.19672131147540983,0,NA,0,NA,3.5,3.2,0,110,0.18032786885245902,15,0,15,0,50,50,40,135,0.21951219512195122,65,0.10569105691056911,0,NA,0,NA,0,NA,0,NA,0,NA,0,NA,0,NA,NA,NA,345,45,20,140,0,60,10,0,20,0,0,30,15,265,0.07317073170731707,0.032520325203252036,0.22764227642276422,0,0.0975609756097561,0.016260162601626018,0,0.032520325203252036,0,0,0.04878048780487805,0.024390243902439025,0.43089430894308944,275,0.45081967213114754,340,0.5573770491803278
ottawa_ons2022_beaverbrook_3005_00000_2_3_percent,365,365,1,0,0,0,0,0,0.06944444444444445,0.06944444444444445,0,0,0,0,0.4027777777777778,0,0,0.05555555555555555,NA,0,0,NA,NA,NA,NA,NA,NA,NA,0,55,0.1506849315068493,55,0.1506849315068493,0,NA,0,NA,3.9,4.1,0,85,0.2328767123287671,0,0,0,0,25,25,20,25,0.06944444444444445,15,0.041666666666666664,0,NA,0,NA,0,NA,0,NA,0,NA,0,NA,0,NA,NA,NA,145,45,35,15,0,25,0,0,0,0,0,0,0,215,0.125,0.09722222222222222,0.041666666666666664,0,0.06944444444444445,0,0,0,0,0,0,0,0.5972222222222222,105,0.2876712328767123,255,0.6986301369863014
ottawa_ons2022_beckwith_3401_00000_1_8_percent,810,810,1,0,0,0,0,0,0,0,0.07407407407407407,0.030864197530864196,0.024691358024691357,0,0.07407407407407407,0,NA,0,NA,0,0,NA,NA,NA,NA,NA,NA,NA,0,0,0,0,0,0,NA,0,NA,3.4,3.2,0,20,0.024844720496894408,60,25,20,0,0,0,0,25,0.030864197530864196,0,0,0,NA,0,NA,0,NA,0,NA,0,NA,0,NA,0,NA,NA,NA,60,20,0,0,10,0,0,0,0,10,0,10,10,750,0.024691358024691357,0,0,0.012345679012345678,0,0,0,0,0.012345679012345678,0,0.012345679012345678,0.012345679012345678,0.9259259259259259,155,0.19254658385093168,655,0.8136645962732919
ottawa_ons2022_beechwood_cemetery_3006_09999_0_0_percent,NA,NA,NA,NA,NA,NA,NA,NA,NA,NA,NA,NA,NA,NA,NA,NA,NA,NA,NA,NA,NA,NA,NA,NA,NA,NA,NA,NA,NA,NA,NA,NA,NA,NA,NA,NA,NA,NA,NA,NA,NA,NA,NA,NA,NA,NA,NA,NA,NA,NA,NA,NA,NA,NA,NA,NA,NA,NA,NA,NA,NA,NA,NA,NA,NA,NA,NA,NA,NA,NA,NA,NA,NA,NA,NA,NA,NA,NA,NA,NA,NA,NA,NA,NA,NA,NA,NA,NA,NA,NA,NA,NA,NA,NA,NA,NA,NA,NA,NA,NA
ottawa_ons2022_bells_corners_east_3007_00000_1_1_percent,330,330,1,0,0,0,0,0,0.029850746268656716,0.029850746268656716,0,0,0,0,0.31343283582089554,0,0,0,NA,0,0,NA,NA,NA,NA,NA,NA,NA,0,25,0.07575757575757576,25,0.07575757575757576,0,NA,0,NA,3.4,3.5,0,50,0.15151515151515152,0,0,0,0,10,10,0,0,0,0,0,0,NA,0,NA,0,NA,0,NA,0,NA,0,NA,0,NA,NA,NA,105,35,0,30,10,0,0,0,0,0,0,0,20,230,0.1044776119402985,0,0.08955223880597014,0.029850746268656716,0,0,0,0,0,0,0,0.05970149253731343,0.6865671641791045,105,0.3181818181818182,225,0.6818181818181818
ottawa_ons2022_bells_corners_west_3008_00000_2_6_percent,365,365,1,0,0,0,0,0,0.0410958904109589,0.0410958904109589,0.0684931506849315,0.0273972602739726,0.0410958904109589,0,0.3150684931506849,0.0273972602739726,0.6666666666666666,0.0410958904109589,NA,0,0,NA,NA,NA,NA,NA,NA,NA,10,55,0.1506849315068493,55,0.1506849315068493,0,NA,0,NA,3.6,3.7,0,80,0.2191780821917808,25,10,15,0,15,15,15,25,0.0684931506849315,0,0,0,NA,0,NA,0,NA,0,NA,0,NA,0,NA,0,NA,NA,NA,115,0,0,30,0,45,10,0,15,0,0,10,0,250,0,0,0.0821917808219178,0,0.1232876712328767,0.0273972602739726,0,0.0410958904109589,0,0,0.0273972602739726,0,0.684931506849315,100,0.273972602739726,260,0.7123287671232876
ottawa_ons2022_billings_bridge_heron_park_3009_00000_6_4_percent,320,320,1,0,0,0,0,0,0,0,0.078125,0.046875,0,0.046875,0.453125,0,NA,0.046875,NA,0,0,NA,NA,NA,NA,NA,NA,NA,0,65,0.2,65,0.2,0,NA,0,NA,3.4,3.2,0,105,0.328125,25,15,0,15,0,0,15,50,0.15625,0,0,0,NA,0,NA,0,NA,0,NA,0,NA,0,NA,0,NA,NA,NA,145,10,15,80,10,20,10,0,0,0,0,0,0,175,0.03125,0.046875,0.25,0.03125,0.0625,0.03125,0,0,0,0,0,0,0.546875,125,0.38461538461538464,200,0.6153846153846154
ottawa_ons2022_blackburn_hamlet_3010_00000_2_3_percent,595,595,1,0,0,0,0,0,0.01680672268907563,0.01680672268907563,0.03361344537815126,0.01680672268907563,0,0,0.24369747899159663,0,0,0,NA,0,0,NA,NA,NA,NA,NA,NA,NA,0,75,0.12605042016806722,75,0.12605042016806722,0,NA,0,NA,3.5,3.6,0,110,0.18487394957983194,20,10,0,0,10,10,0,100,0.16806722689075632,70,0.11764705882352941,0,NA,0,NA,0,NA,0,NA,0,NA,0,NA,0,NA,NA,NA,145,10,0,60,10,20,0,10,0,0,15,0,15,450,0.01680672268907563,0,0.10084033613445378,0.01680672268907563,0.03361344537815126,0,0.01680672268907563,0,0,0.025210084033613446,0,0.025210084033613446,0.7563025210084033,260,0.4369747899159664,335,0.5630252100840336
ottawa_ons2022_blossom_park_timbermill_3011_00000_2_0_percent,665,665,1,0,0,0,0,0,0.03007518796992481,0.03007518796992481,0.022556390977443608,0,0.015037593984962405,0,0.5413533834586466,0.03007518796992481,1,0.06818181818181818,NA,0,0,NA,NA,NA,NA,NA,NA,NA,20,110,0.16541353383458646,110,0.16541353383458646,0,NA,0,NA,3.7,3.6,0,105,0.16030534351145037,15,0,10,0,20,20,45,45,0.06818181818181818,10,0.015151515151515152,0,NA,0,NA,0,NA,0,NA,0,NA,0,NA,0,NA,NA,NA,360,10,25,115,0,165,0,0,10,0,0,0,30,305,0.015037593984962405,0.03759398496240601,0.17293233082706766,0,0.24812030075187969,0,0,0.015037593984962405,0,0,0,0.045112781954887216,0.45864661654135336,200,0.3007518796992481,465,0.6992481203007519
ottawa_ons2022_bonnechere_valley_3703_00000_4_5_percent,250,250,1,0,0,0,0,0,0,0,0.10204081632653061,0.04081632653061224,0.061224489795918366,0,0,0,NA,0,NA,0,0,NA,NA,NA,NA,NA,NA,NA,0,40,0.16,40,0.16,0,NA,0,NA,3.4,3.5,0,25,0.10204081632653061,25,10,15,0,0,0,0,0,0,0,0,0,NA,0,NA,0,NA,0,NA,0,NA,0,NA,0,NA,NA,NA,0,0,0,0,0,0,0,0,0,0,0,0,0,245,0,0,0,0,0,0,0,0,0,0,0,0,1,20,0.08,230,0.92
ottawa_ons2022_borden_farm_fisher_glen_3012_00000_3_2_percent,460,460,1,0,0,0,0,0,0.043478260869565216,0.043478260869565216,0.021739130434782608,0.021739130434782608,0,0,0.358695652173913,0,0,0.03260869565217391,NA,0,0,NA,NA,NA,NA,NA,NA,NA,0,30,0.06521739130434782,30,0.06521739130434782,0,NA,0,NA,3.6,3.5,0,45,0.09782608695652174,10,10,0,0,20,20,15,20,0.043478260869565216,10,0.021739130434782608,0,NA,0,NA,0,NA,0,NA,0,NA,0,NA,0,NA,NA,NA,165,15,30,40,25,15,0,10,10,10,0,0,15,300,0.03260869565217391,0.06521739130434782,0.08695652173913043,0.05434782608695652,0.03260869565217391,0,0.021739130434782608,0.021739130434782608,0.021739130434782608,0,0,0.03260869565217391,0.6521739130434783,90,0.1956521739130435,370,0.8043478260869565
ottawa_ons2022_braemar_park_belair_heights_copeland_park_3013_00000_4_5_percent,530,530,1,0,0,0,0,0,0.05660377358490566,0.05660377358490566,0,0,0,0,0.2830188679245283,0.018867924528301886,0.3333333333333333,0.018867924528301886,NA,0,0,NA,NA,NA,NA,NA,NA,NA,10,0,0,0,0,0,NA,0,NA,3.2,3,0,70,0.1320754716981132,0,0,0,0,30,30,10,25,0.04716981132075472,0,0,0,NA,0,NA,0,NA,0,NA,0,NA,0,NA,0,NA,NA,NA,150,30,10,35,10,25,0,10,10,10,0,0,10,380,0.05660377358490566,0.018867924528301886,0.0660377358490566,0.018867924528301886,0.04716981132075472,0,0.018867924528301886,0.018867924528301886,0.018867924528301886,0,0,0.018867924528301886,0.71698113207547165,155,0.29245283018867924,375,0.7075471698113207
ottawa_ons2022_bridlewood_emerald_meadows_3014_00000_1_2_percent,2170,2170,1,0,0,0,0,0,0.029885057471264367,0.029885057471264367,0.03908045977011494,0.016091954022988506,0.022988505747126436,0,0.31724137931034485,0,0,0.04597701149425287,NA,0,0,NA,NA,NA,NA,NA,NA,NA,0,105,0.04827586206896552,105,0.04827586206896552,0,NA,0,NA,3.7,3.8,0,200,0.09216589861751152,85,35,50,0,65,65,100,125,0.05747126436781609,35,0.016091954022988506,0,NA,0,NA,0,NA,0,NA,0,NA,0,NA,0,NA,NA,NA,690,200,100,140,15,80,10,20,25,15,0,0,80,1485,0.09195402298850575,0.04597701149425287,0.06436781609195402,0.006896551724137931,0.0367816091954023,0.004597701149425287,0.009195402298850575,0.011494252873563218,0.006896551724137931,0,0,0.0367816091954023,0.6827586206896552,615,0.2827586206896552,1560,0.7172413793103448
ottawa_ons2022_britannia_3015_00000_4_2_percent,465,465,1,0,0,0,0,0,0.06451612903225806,0.07526881720430108,0,0,0,0,0.5376344086021505,0.021505376344086023,0.2857142857142857,0.08602150537634409,NA,0,0,NA,NA,NA,NA,NA,NA,NA,10,145,0.30851063829787234,145,0.30851063829787234,0,NA,0,NA,3.6,3.7,0,165,0.358695652173913,0,0,0,0,35,30,40,40,0.08602150537634409,10,0.021505376344086023,0,NA,0,NA,0,NA,0,NA,0,NA,0,NA,0,NA,NA,NA,250,35,0,120,15,30,10,20,0,0,0,0,15,215,0.07526881720430108,0,0.25806451612903225,0.03225806451612903,0.06451612903225806,0.021505376344086023,0.043010752688172046,0,0,0,0,0.03225806451612903,0.46236559139784944,90,0.19148936170212766,375,0.7978723404255319
ottawa_ons2022_brookside_briarbrook_morgans_grant_3016_00000_1_0_percent,1125,1125,1,0,0,0,0,0,0.05752212389380531,0.06637168141592921,0.035398230088495575,0.017699115044247787,0.008849557522123894,0,0.5929203539823009,0.008888888888888889,0.13333333333333333,0.05309734513274336,NA,0,0,NA,NA,NA,NA,NA,NA,NA,10,55,0.04888888888888889,55,0.04888888888888889,0,NA,0,NA,3.9,4,0,115,0.10222222222222223,40,20,10,0,75,65,60,60,0.05309734513274336,20,0.017699115044247787,0,NA,0,NA,0,NA,0,NA,0,NA,0,NA,0,NA,NA,NA,670,180,120,115,35,140,15,20,35,0,0,0,10,460,0.1592920353982301,0.10619469026548672,0.10176991150442478,0.030973451327433628,0.12389380530973451,0.01327433628318584,0.017699115044247787,0.030973451327433628,0,0,0,0.008849557522123894,0.40707964601769914,235,0.2088888888888889,895,0.7955555555555556
ottawa_ons2022_brudenell_lyndoch_and_raglan_3704_00000_5_1_percent,50,50,1,0,0,0,0,0,0,0,0,0,0,0,0,0,NA,0,NA,0,0,NA,NA,NA,NA,NA,NA,NA,0,0,0,0,0,0,NA,0,NA,4.6,4.1,0,0,0,0,0,0,0,0,0,0,0,0,0,0,0,NA,0,NA,0,NA,0,NA,0,NA,0,NA,0,NA,NA,NA,0,0,0,0,0,0,0,0,0,0,0,0,0,45,0,0,0,0,0,0,0,0,0,0,0,0,1,0,0,50,1
ottawa_ons2022_cardinal_creek_3017_00000_1_7_percent,995,995,1,0,0,0,0,0,0.01507537688442211,0.01507537688442211,0.02512562814070352,0,0.020100502512562814,0,0.32160804020100503,0,0,0,NA,0,0,NA,NA,NA,NA,NA,NA,NA,0,35,0.035175879396984924,35,0.035175879396984924,0,NA,0,NA,3.7,3.9,0,65,0.06565656565656566,25,0,20,0,15,15,0,360,0.36180904522613067,155,0.15577889447236182,0,NA,0,NA,0,NA,0,NA,0,NA,0,NA,0,NA,NA,NA,320,30,10,150,10,85,0,10,0,0,0,0,25,675,0.03015075376884422,0.010050251256281407,0.1507537688442211,0.010050251256281407,0.08542713567839195,0,0.010050251256281407,0,0,0,0,0.02512562814070352,0.678391959798995,555,0.5577889447236181,440,0.44221105527638194
ottawa_ons2022_carleton_heights_courtland_park_3018_00000_3_6_percent,440,440,1,0,0,0,0,0,0.0449438202247191,0.0449438202247191,0.07865168539325842,0.033707865168539325,0.033707865168539325,0,0.5056179775280899,0.022727272727272728,0.5,0.0898876404494382,NA,0,0,NA,NA,NA,NA,NA,NA,NA,10,105,0.23863636363636365,105,0.23863636363636365,0,NA,0,NA,3.9,3.9,0,120,0.2727272727272727,35,15,15,0,20,20,40,65,0.14606741573033707,10,0.02247191011235955,0,NA,0,NA,0,NA,0,NA,0,NA,0,NA,0,NA,NA,NA,225,35,10,80,0,55,20,0,0,0,0,0,0,220,0.07865168539325842,0.02247191011235955,0.1797752808988764,0,0.12359550561797752,0.0449438202247191,0,0,0,0,0,0,0.4943820224719101,165,0.375,280,0.6363636363636364
ottawa_ons2022_carleton_place_3402_00000_2_3_percent,970,970,1,0,0,0,0,0,0.010309278350515464,0.010309278350515464,0.05154639175257732,0.02577319587628866,0.010309278350515464,0.010309278350515464,0.0979381443298969,0,0,0,NA,0,0,NA,NA,NA,NA,NA,NA,NA,0,70,0.07253886010362694,70,0.07253886010362694,0,NA,0,NA,3.4,3.5,0,120,0.1256544502617801,50,25,10,10,10,10,0,25,0.02577319587628866,0,0,0,NA,0,NA,0,NA,0,NA,0,NA,0,NA,0,NA,NA,NA,95,15,0,35,0,20,10,0,0,0,0,0,0,875,0.015463917525773196,0,0.03608247422680412,0,0.020618556701030927,0.010309278350515464,0,0,0,0,0,0,0.9020618556701031,160,0.16580310880829016,810,0.8393782383419689
ottawa_ons2022_carleton_university_3019_09999_0_0_percent,NA,NA,NA,NA,NA,NA,NA,NA,NA,NA,NA,NA,NA,NA,NA,NA,NA,NA,NA,NA,NA,NA,NA,NA,NA,NA,NA,NA,NA,NA,NA,NA,NA,NA,NA,NA,NA,NA,NA,NA,NA,NA,NA,NA,NA,NA,NA,NA,NA,NA,NA,NA,NA,NA,NA,NA,NA,NA,NA,NA,NA,NA,NA,NA,NA,NA,NA,NA,NA,NA,NA,NA,NA,NA,NA,NA,NA,NA,NA,NA,NA,NA,NA,NA,NA,NA,NA,NA,NA,NA,NA,NA,NA,NA,NA,NA,NA,NA,NA,NA
ottawa_ons2022_carlington_3020_00000_4_4_percent,1265,1265,1,0,0,0,0,0,0.05533596837944664,0.05533596837944664,0.02766798418972332,0.011857707509881422,0,0.007905138339920948,0.6007905138339921,0.03162055335968379,0.5714285714285714,0.07114624505928854,NA,0,0,NA,NA,NA,NA,NA,NA,NA,40,375,0.2976190476190476,375,0.2976190476190476,0,NA,0,NA,3.6,3.6,0,300,0.23715415019762845,35,15,0,10,70,70,90,120,0.09486166007905138,30,0.023715415019762844,0,NA,0,NA,0,NA,0,NA,0,NA,0,NA,0,NA,NA,NA,760,55,40,405,15,105,15,65,25,10,0,0,15,505,0.043478260869565216,0.03162055335968379,0.3201581027667984,0.011857707509881422,0.08300395256916997,0.011857707509881422,0.05138339920948617,0.019762845849802372,0.007905138339920948,0,0,0.011857707509881422,0.39920948616600793,345,0.27380952380952384,920,0.7301587301587301
ottawa_ons2022_carp_3021_00000_1_8_percent,400,400,1,0,0,0,0,0,0,0,0.08860759493670886,0.02531645569620253,0.05063291139240506,0,0.1518987341772152,0,NA,0.02531645569620253,NA,0,0,NA,NA,NA,NA,NA,NA,NA,0,0,0,0,0,0,NA,0,NA,4,4.2,0,20,0.05,35,10,20,0,0,0,10,0,0,0,0,0,NA,0,NA,0,NA,0,NA,0,NA,0,NA,0,NA,NA,NA,60,10,10,10,0,0,0,15,0,0,0,0,10,335,0.02531645569620253,0.02531645569620253,0.02531645569620253,0,0,0,0.0379746835443038,0,0,0,0,0.02531645569620253,0.8481012658227848,120,0.3,280,0.7
ottawa_ons2022_carson_grove_carson_meadows_3022_00000_2_5_percent,645,645,1,0,0,0,0,0,0.078125,0.078125,0.03125,0.03125,0,0,0.59375,0.03875968992248062,0.5,0.0234375,NA,0,0,NA,NA,NA,NA,NA,NA,NA,25,125,0.1937984496124031,125,0.1937984496124031,0,NA,0,NA,3.6,3.5,0,160,0.24806201550387597,20,20,0,0,50,50,15,240,0.375,120,0.1875,0,NA,0,NA,0,NA,0,NA,0,NA,0,NA,0,NA,NA,NA,380,55,15,185,0,50,0,0,45,0,0,0,10,265,0.0859375,0.0234375,0.2890625,0,0.078125,0,0,0.0703125,0,0,0,0.015625,0.4140625,340,0.5271317829457365,305,0.4728682170542636
ottawa_ons2022_casselman_3602_00000_2_7_percent,295,295,1,0,0,0,0,0,0.03389830508474576,0.03389830508474576,0,0,0,0,0.2542372881355932,0,0,0.03389830508474576,NA,0,0,NA,NA,NA,NA,NA,NA,NA,0,30,0.1016949152542373,30,0.1016949152542373,0,NA,0,NA,4,4,0,45,0.15254237288135594,0,0,0,0,10,10,10,155,0.5254237288135594,80,0.2711864406779661,0,NA,0,NA,0,NA,0,NA,0,NA,0,NA,0,NA,NA,NA,75,10,20,20,0,0,0,10,0,0,0,0,0,220,0.03389830508474576,0.06779661016949153,0.06779661016949153,0,0,0,0.03389830508474576,0,0,0,0,0,0.7457627118644068,230,0.7796610169491526,65,0.22033898305084745
ottawa_ons2022_centrepointe_briargreen_3023_00000_1_9_percent,450,450,1,0,0,0,0,0,0.03296703296703297,0.03296703296703297,0.02197802197802198,0.02197802197802198,0,0,0.4065934065934066,0,0,0.03296703296703297,NA,0,0,NA,NA,NA,NA,NA,NA,NA,0,25,0.054945054945054944,25,0.054945054945054944,0,NA,0,NA,3.5,3.5,0,60,0.13333333333333333,10,10,0,0,15,15,15,20,0.04395604395604396,10,0.02197802197802198,0,NA,0,NA,0,NA,0,NA,0,NA,0,NA,0,NA,NA,NA,185,35,45,50,0,35,0,0,0,0,0,0,10,275,0.07692307692307693,0.0989010989010989,0.10989010989010989,0,0.07692307692307693,0,0,0,0,0,0,0.02197802197802198,0.6043956043956044,115,0.25274725274725274,340,0.7472527472527473
ottawa_ons2022_centretown_3024_00000_5_7_percent,1020,1020,1,0,0,0,0,0,0.0392156862745098,0.0392156862745098,0.03431372549019608,0.024509803921568627,0,0,0.49019607843137253,0,0,0.04411764705882353,NA,0,0,NA,NA,NA,NA,NA,NA,NA,0,215,0.2107843137254902,215,0.2107843137254902,0,NA,0,NA,3.4,3.6,0,210,0.20689655172413793,35,25,0,0,40,40,45,115,0.11274509803921569,25,0.024509803921568627,0,NA,0,NA,0,NA,0,NA,0,NA,0,NA,0,NA,NA,NA,500,90,50,210,10,25,0,50,20,15,0,0,25,525,0.08823529411764706,0.049019607843137254,0.20588235294117646,0.00980392156862745,0.024509803921568627,0,0.049019607843137254,0.0196078431372549,0.014705882352941176,0,0,0.024509803921568627,0.5147058823529411,375,0.36764705882352944,650,0.6372549019607843
ottawa_ons2022_champlain_3603_00000_2_8_percent,450,450,1,0,0,0,0,0,0,0,0.03333333333333333,0.022222222222222223,0,0,0.044444444444444446,0,NA,0,NA,0,0,NA,NA,NA,NA,NA,NA,NA,0,45,0.1,45,0.1,0,NA,0,NA,3.4,3.4,0,85,0.18888888888888888,15,10,0,0,0,0,0,230,0.5111111111111111,130,0.28888888888888886,0,NA,0,NA,0,NA,0,NA,0,NA,0,NA,0,NA,NA,NA,20,10,0,10,0,0,0,0,0,0,0,0,0,430,0.022222222222222223,0,0.022222222222222223,0,0,0,0,0,0,0,0,0,0.9555555555555556,345,0.7666666666666667,110,0.24444444444444444
ottawa_ons2022_chapel_hill_north_3025_00000_1_4_percent,760,760,1,0,0,0,0,0,0.046052631578947366,0.05263157894736842,0.03289473684210526,0.019736842105263157,0.019736842105263157,0,0.3881578947368421,0,0,0.03289473684210526,NA,0,0,NA,NA,NA,NA,NA,NA,NA,0,60,0.0784313725490196,60,0.0784313725490196,0,NA,0,NA,3.8,3.8,0,95,0.125,25,15,15,0,40,35,25,200,0.2631578947368421,90,0.11842105263157894,0,NA,0,NA,0,NA,0,NA,0,NA,0,NA,0,NA,NA,NA,295,50,25,85,0,50,15,0,10,0,0,0,50,470,0.06578947368421052,0.03289473684210526,0.1118421052631579,0,0.06578947368421052,0.019736842105263157,0,0.013157894736842105,0,0,0,0.06578947368421052,0.618421052631579,415,0.5424836601307189,345,0.45098039215686275
ottawa_ons2022_chapel_hill_south_3026_00000_1_3_percent,1240,1240,1,0,0,0,0,0,0.028225806451612902,0.028225806451612902,0.008064516129032258,0,0.008064516129032258,0,0.46774193548387094,0.008064516129032258,0.2857142857142857,0.028225806451612902,NA,0,0,NA,NA,NA,NA,NA,NA,NA,10,25,0.020161290322580645,25,0.020161290322580645,0,NA,0,NA,3.6,3.7,0,135,0.10887096774193548,10,0,10,0,35,35,35,365,0.29435483870967744,150,0.12096774193548387,0,NA,0,NA,0,NA,0,NA,0,NA,0,NA,0,NA,NA,NA,580,95,20,165,10,115,20,30,40,25,0,0,65,660,0.07661290322580645,0.016129032258064516,0.13306451612903225,0.008064516129032258,0.09274193548387097,0.016129032258064516,0.024193548387096774,0.03225806451612903,0.020161290322580645,0,0,0.05241935483870968,0.532258064516129,680,0.5483870967741935,560,0.45161290322580644
ottawa_ons2022_chapman_mills_3027_00000_1_4_percent,1075,1075,1,0,0,0,0,0,0.06074766355140187,0.06542056074766354,0.009345794392523364,0,0.009345794392523364,0,0.6495327102803738,0.009302325581395349,0.14285714285714285,0.0794392523364486,NA,0,0,NA,NA,NA,NA,NA,NA,NA,10,90,0.08372093023255814,90,0.08372093023255814,0,NA,0,NA,3.8,3.9,0,75,0.07042253521126761,10,0,10,0,70,65,85,65,0.06074766355140187,15,0.014018691588785047,0,NA,0,NA,0,NA,0,NA,0,NA,0,NA,0,NA,NA,NA,695,150,90,115,45,200,0,25,25,0,0,0,35,375,0.14018691588785046,0.08411214953271028,0.10747663551401869,0.04205607476635514,0.18691588785046728,0,0.02336448598130841,0.02336448598130841,0,0,0,0.03271028037383177,0.35046728971962615,200,0.18604651162790697,875,0.813953488372093
ottawa_ons2022_city_view_3028_00000_4_8_percent,295,295,1,0,0,0,0,0,0.06779661016949153,0.06779661016949153,0.05084745762711865,0,0,0.03389830508474576,0.3559322033898305,0,0,0,NA,0,0,NA,NA,NA,NA,NA,NA,NA,0,60,0.20689655172413793,60,0.20689655172413793,0,NA,0,NA,3.7,3.9,0,35,0.1206896551724138,15,0,0,10,20,20,0,40,0.13559322033898305,0,0,0,NA,0,NA,0,NA,0,NA,0,NA,0,NA,0,NA,NA,NA,105,10,25,30,0,10,0,20,0,0,0,0,0,185,0.03389830508474576,0.0847457627118644,0.1016949152542373,0,0.03389830508474576,0,0.06779661016949153,0,0,0,0,0,0.6271186440677966,95,0.3220338983050847,200,0.6779661016949152
ottawa_ons2022_civic_hospital_3029_00000_2_7_percent,375,375,1,0,0,0,0,0,0,0,0,0,0,0,0.26666666666666666,0,NA,0,NA,0,0,NA,NA,NA,NA,NA,NA,NA,0,35,0.0945945945945946,35,0.0945945945945946,0,NA,0,NA,3.7,3.3,0,45,0.12,0,0,0,0,0,0,0,45,0.12,0,0,0,NA,0,NA,0,NA,0,NA,0,NA,0,NA,0,NA,NA,NA,100,35,35,20,0,0,0,0,0,0,0,0,10,270,0.09333333333333334,0.09333333333333334,0.05333333333333334,0,0,0,0,0,0,0,0,0.02666666666666667,0.72,150,0.4,220,0.5866666666666667
ottawa_ons2022_clarence_rockland_3604_00000_1_7_percent,2065,2065,1,0,0,0,0,0,0.004842615012106538,0.004842615012106538,0.0387409200968523,0.026634382566585957,0.009685230024213076,0,0.14527845036319612,0,0,0.009685230024213076,NA,0,0,NA,NA,NA,NA,NA,NA,NA,0,120,0.05811138014527845,120,0.05811138014527845,0,NA,0,NA,3.8,4,0,215,0.10462287104622871,80,55,20,0,10,10,20,1045,0.5060532687651331,515,0.24939467312348668,0,NA,0,NA,0,NA,0,NA,0,NA,0,NA,0,NA,NA,NA,300,45,0,150,30,20,0,0,10,0,0,0,45,1760,0.021791767554479417,0,0.07263922518159806,0.014527845036319613,0.009685230024213076,0,0,0.004842615012106538,0,0,0,0.021791767554479417,0.8523002421307506,1550,0.7506053268765133,510,0.2469733656174334
ottawa_ons2022_colonnade_business_park_3030_09999_0_0_percent,NA,NA,NA,NA,NA,NA,NA,NA,NA,NA,NA,NA,NA,NA,NA,NA,NA,NA,NA,NA,NA,NA,NA,NA,NA,NA,NA,NA,NA,NA,NA,NA,NA,NA,NA,NA,NA,NA,NA,NA,NA,NA,NA,NA,NA,NA,NA,NA,NA,NA,NA,NA,NA,NA,NA,NA,NA,NA,NA,NA,NA,NA,NA,NA,NA,NA,NA,NA,NA,NA,NA,NA,NA,NA,NA,NA,NA,NA,NA,NA,NA,NA,NA,NA,NA,NA,NA,NA,NA,NA,NA,NA,NA,NA,NA,NA,NA,NA,NA,NA
ottawa_ons2022_constance_bay_3031_00000_5_1_percent,115,115,1,0,0,0,0,0,0,0,0.16666666666666666,0,0.16666666666666666,0,0,0,NA,0,NA,0,0,NA,NA,NA,NA,NA,NA,NA,0,0,0,0,0,0,NA,0,NA,4.1,4.3,0,15,0.13043478260869565,20,0,20,0,0,0,0,0,0,0,0,0,NA,0,NA,0,NA,0,NA,0,NA,0,NA,0,NA,NA,NA,0,0,0,0,0,0,0,0,0,0,0,0,0,120,0,0,0,0,0,0,0,0,0,0,0,0,1,25,0.20833333333333334,95,0.7916666666666666
ottawa_ons2022_convent_glen_orleans_woods_3032_00000_1_5_percent,985,985,1,0,0,0,0,0,0.02030456852791878,0.02030456852791878,0.03553299492385787,0.015228426395939087,0.015228426395939087,0.01015228426395939,0.24873096446700507,0,0,0.02030456852791878,NA,0,0,NA,NA,NA,NA,NA,NA,NA,0,50,0.05102040816326531,50,0.05102040816326531,0,NA,0,NA,3.6,3.7,0,125,0.12755102040816327,35,15,15,10,20,20,20,265,0.26903553299492383,115,0.116751269035533,0,NA,0,NA,0,NA,0,NA,0,NA,0,NA,0,NA,NA,NA,245,20,30,95,0,55,0,0,0,0,0,0,20,740,0.02030456852791878,0.030456852791878174,0.09644670050761421,0,0.05583756345177665,0,0,0,0,0,0,0.02030456852791878,0.751269035532995,555,0.5663265306122449,425,0.4336734693877551
ottawa_ons2022_corkery_3033_00000_2_5_percent,300,300,1,0,0,0,0,0,0,0,0.03333333333333333,0.03333333333333333,0,0,0.11666666666666667,0,NA,0,NA,0,0,NA,NA,NA,NA,NA,NA,NA,0,0,0,0,0,0,NA,0,NA,3.9,4.5,0,20,0.06666666666666667,10,10,0,0,0,0,0,35,0.11666666666666667,10,0.03333333333333333,0,NA,0,NA,0,NA,0,NA,0,NA,0,NA,0,NA,NA,NA,35,10,15,0,0,0,0,0,0,0,0,0,0,260,0.03333333333333333,0.05,0,0,0,0,0,0,0,0,0,0,0.8666666666666667,100,0.3333333333333333,205,0.6833333333333333
ottawa_ons2022_cornwall_3802_00000_2_5_percent,3375,3375,1,0,0,0,0,0,0.01037037037037037,0.01037037037037037,0.09777777777777778,0.06666666666666667,0.022222222222222223,0.005925925925925926,0.1511111111111111,0.0044444444444444444,0.42857142857142855,0.008888888888888889,NA,0,0,NA,NA,NA,NA,NA,NA,NA,15,890,0.26331360946745563,890,0.26331360946745563,0,NA,0,NA,3.7,3.9,0,1050,0.3148425787106447,330,225,75,20,35,35,30,280,0.08296296296296296,85,0.025185185185185185,0,NA,0,NA,0,NA,0,NA,0,NA,0,NA,0,NA,NA,NA,510,240,15,140,30,35,0,25,15,0,0,0,0,2865,0.07111111111111111,0.0044444444444444444,0.04148148148148148,0.008888888888888889,0.01037037037037037,0,0.007407407407407408,0.0044444444444444444,0,0,0,0,0.8488888888888889,1330,0.39349112426035504,2045,0.6050295857988166
ottawa_ons2022_craig_henry_manordale_3034_00000_2_2_percent,625,625,1,0,0,0,0,0,0.088,0.088,0.016,0.016,0,0,0.416,0.072,0.8181818181818182,0.072,NA,0,0,NA,NA,NA,NA,NA,NA,NA,45,135,0.216,135,0.216,0,NA,0,NA,3.6,3.7,0,125,0.2,10,10,0,0,55,55,45,25,0.04,15,0.024,0,NA,0,NA,0,NA,0,NA,0,NA,0,NA,0,NA,NA,NA,260,0,10,60,0,110,0,20,10,20,0,0,15,365,0,0.016,0.096,0,0.176,0,0.032,0.016,0.032,0,0,0.024,0.584,195,0.312,430,0.688
ottawa_ons2022_crestview_tanglewood_3035_00000_1_4_percent,520,520,1,0,0,0,0,0,0.019417475728155338,0.019417475728155338,0.038834951456310676,0,0,0.019417475728155338,0.42718446601941745,0.019230769230769232,1,0.05825242718446602,NA,0,0,NA,NA,NA,NA,NA,NA,NA,10,55,0.10576923076923077,55,0.10576923076923077,0,NA,0,NA,3.6,3.7,0,45,0.08653846153846154,20,0,0,10,10,10,30,10,0.019417475728155338,0,0,0,NA,0,NA,0,NA,0,NA,0,NA,0,NA,0,NA,NA,NA,220,30,10,45,0,85,0,10,0,0,0,0,15,300,0.05825242718446602,0.019417475728155338,0.08737864077669903,0,0.1650485436893204,0,0.019417475728155338,0,0,0,0,0.02912621359223301,0.5825242718446602,95,0.18269230769230768,430,0.8269230769230769
ottawa_ons2022_crystal_bay_lakeview_park_3036_00000_2_0_percent,235,235,1,0,0,0,0,0,0,0,0.0425531914893617,0,0,0,0.1276595744680851,0,NA,0,NA,0,0,NA,NA,NA,NA,NA,NA,NA,0,0,0,0,0,0,NA,0,NA,3.5,3.5,0,10,0.0425531914893617,10,0,0,0,0,0,0,0,0,0,0,0,NA,0,NA,0,NA,0,NA,0,NA,0,NA,0,NA,NA,NA,30,0,0,0,0,10,0,0,10,0,0,0,0,205,0,0,0,0,0.0425531914893617,0,0,0.0425531914893617,0,0,0,0,0.8723404255319149,45,0.1875,190,0.7916666666666666
ottawa_ons2022_cumberland_3037_00000_1_2_percent,210,210,1,0,0,0,0,0,0,0,0,0,0,0,0.046511627906976744,0,NA,0,NA,0,0,NA,NA,NA,NA,NA,NA,NA,0,0,0,0,0,0,NA,0,NA,4.2,4.4,0,10,0.047619047619047616,0,0,0,0,0,0,0,80,0.37209302325581395,20,0.09302325581395349,0,NA,0,NA,0,NA,0,NA,0,NA,0,NA,0,NA,NA,NA,10,0,0,0,0,0,0,0,0,0,0,0,0,200,0,0,0,0,0,0,0,0,0,0,0,0,0.9302325581395349,130,0.6190476190476191,80,0.38095238095238093
ottawa_ons2022_deep_river_3705_00000_2_4_percent,290,290,1,0,0,0,0,0,0,0,0.06896551724137931,0,0.06896551724137931,0,0.10344827586206896,0,NA,0,NA,0,0,NA,NA,NA,NA,NA,NA,NA,0,35,0.1206896551724138,35,0.1206896551724138,0,NA,0,NA,4,4.6,0,60,0.20689655172413793,20,0,20,0,0,0,0,0,0,0,0,0,NA,0,NA,0,NA,0,NA,0,NA,0,NA,0,NA,NA,NA,30,0,0,15,0,0,10,0,0,0,0,0,0,255,0,0,0.05172413793103448,0,0,0.034482758620689655,0,0,0,0,0,0,0.8793103448275862,25,0.08620689655172414,270,0.9310344827586207
ottawa_ons2022_drummond_north_elmsley_3403_00000_2_7_percent,555,555,1,0,0,0,0,0,0,0,0,0,0,0,0.02702702702702703,0,NA,0,NA,0,0,NA,NA,NA,NA,NA,NA,NA,0,30,0.05454545454545454,30,0.05454545454545454,0,NA,0,NA,3.5,3.8,0,55,0.0990990990990991,0,0,0,0,0,0,0,25,0.04504504504504504,0,0,0,NA,0,NA,0,NA,0,NA,0,NA,0,NA,0,NA,NA,NA,15,0,0,0,0,0,0,0,0,0,0,0,10,535,0,0,0,0,0,0,0,0,0,0,0,0.018018018018018018,0.963963963963964,80,0.14545454545454545,470,0.8545454545454545
ottawa_ons2022_dunrobin_3038_00000_2_2_percent,385,385,1,0,0,0,0,0,0.025974025974025976,0.025974025974025976,0.05194805194805195,0,0,0,0.16883116883116883,0,0,0,NA,0,0,NA,NA,NA,NA,NA,NA,NA,0,0,0,0,0,0,NA,0,NA,4,4.3,0,15,0.03896103896103896,20,0,0,0,10,10,0,50,0.12987012987012986,15,0.03896103896103896,0,NA,0,NA,0,NA,0,NA,0,NA,0,NA,0,NA,NA,NA,65,0,0,0,10,20,15,0,10,0,0,0,0,320,0,0,0,0.025974025974025976,0.05194805194805195,0.03896103896103896,0,0.025974025974025976,0,0,0,0,0.8311688311688312,120,0.3076923076923077,265,0.6794871794871795
ottawa_ons2022_east_hawkesbury_3605_00000_2_2_percent,245,245,1,0,0,0,0,0,0,0,0,0,0,0,0.04,0,NA,0,NA,0,0,NA,NA,NA,NA,NA,NA,NA,0,25,0.1,25,0.1,0,NA,0,NA,3.6,3.8,0,20,0.08163265306122448,0,0,0,0,0,0,0,110,0.44,90,0.36,0,NA,0,NA,0,NA,0,NA,0,NA,0,NA,0,NA,NA,NA,10,0,0,10,0,0,0,0,0,0,0,0,0,235,0,0,0.04,0,0,0,0,0,0,0,0,0,0.94,200,0.8,50,0.2
ottawa_ons2022_edwards_carlsbad_springs_3039_00000_5_6_percent,170,170,1,0,0,0,0,0,0,0,0.08571428571428572,0.05714285714285714,0,0,0.05714285714285714,0,NA,0,NA,0,0,NA,NA,NA,NA,NA,NA,NA,0,0,0,0,0,0,NA,0,NA,3.2,3,0,0,0,15,10,0,0,0,0,0,40,0.23529411764705882,20,0.11764705882352941,0,NA,0,NA,0,NA,0,NA,0,NA,0,NA,0,NA,NA,NA,10,0,0,0,0,10,0,0,0,0,0,0,0,165,0,0,0,0,0.05714285714285714,0,0,0,0,0,0,0,0.9428571428571428,95,0.5588235294117647,80,0.47058823529411764
ottawa_ons2022_elmvale_canterbury_3040_00000_2_0_percent,565,565,1,0,0,0,0,0,0.035398230088495575,0.04424778761061947,0,0,0,0,0.4690265486725664,0.02654867256637168,0.6,0.017699115044247787,NA,0,0,NA,NA,NA,NA,NA,NA,NA,15,60,0.10526315789473684,60,0.10526315789473684,0,NA,0,NA,3.5,3.3,0,60,0.10619469026548672,0,0,0,0,25,20,10,50,0.08849557522123894,20,0.035398230088495575,0,NA,0,NA,0,NA,0,NA,0,NA,0,NA,0,NA,NA,NA,265,30,15,80,15,90,0,0,0,0,0,10,25,300,0.05309734513274336,0.02654867256637168,0.1415929203539823,0.02654867256637168,0.1592920353982301,0,0,0,0,0,0.017699115044247787,0.04424778761061947,0.5309734513274337,230,0.40350877192982454,335,0.5877192982456141
ottawa_ons2022_emerald_woods_sawmill_creek_3041_00000_3_6_percent,475,475,1,0,0,0,0,0,0.1595744680851064,0.1595744680851064,0,0,0,0,0.8085106382978723,0.12631578947368421,0.8,0.0851063829787234,NA,0,0,NA,NA,NA,NA,NA,NA,NA,60,220,0.4631578947368421,220,0.4631578947368421,0,NA,0,NA,3.7,4,0,120,0.26373626373626374,0,0,0,0,75,75,40,20,0.0425531914893617,15,0.031914893617021274,0,NA,0,NA,0,NA,0,NA,0,NA,0,NA,0,NA,NA,NA,380,15,0,90,15,220,0,0,10,0,0,0,20,95,0.031914893617021274,0,0.19148936170212766,0.031914893617021274,0.46808510638297873,0,0,0.02127659574468085,0,0,0,0.0425531914893617,0.20212765957446807,105,0.22105263157894736,365,0.7684210526315789
ottawa_ons2022_experimental_farm_3042_09999_0_0_percent,NA,NA,NA,NA,NA,NA,NA,NA,NA,NA,NA,NA,NA,NA,NA,NA,NA,NA,NA,NA,NA,NA,NA,NA,NA,NA,NA,NA,NA,NA,NA,NA,NA,NA,NA,NA,NA,NA,NA,NA,NA,NA,NA,NA,NA,NA,NA,NA,NA,NA,NA,NA,NA,NA,NA,NA,NA,NA,NA,NA,NA,NA,NA,NA,NA,NA,NA,NA,NA,NA,NA,NA,NA,NA,NA,NA,NA,NA,NA,NA,NA,NA,NA,NA,NA,NA,NA,NA,NA,NA,NA,NA,NA,NA,NA,NA,NA,NA,NA,NA
ottawa_ons2022_fallingbrook_3043_00000_1_4_percent,1245,1245,1,0,0,0,0,0,0.04,0.04,0.036,0.016,0.02,0,0.296,0.008032128514056224,0.2,0.020080321285140562,NA,0,0,NA,NA,NA,NA,NA,NA,NA,10,50,0.040160642570281124,50,0.040160642570281124,0,NA,0,NA,4,4.4,0,150,0.12096774193548387,45,20,25,0,50,50,25,360,0.2891566265060241,185,0.14859437751004015,0,NA,0,NA,0,NA,0,NA,0,NA,0,NA,0,NA,NA,NA,370,45,15,195,0,65,0,10,15,0,0,0,15,880,0.036,0.012,0.156,0,0.052,0,0.008,0.012,0,0,0,0.012,0.704,665,0.5341365461847389,580,0.46586345381526106
ottawa_ons2022_findlay_creek_3044_00000_1_5_percent,1535,1535,1,0,0,0,0,0,0.03571428571428571,0.03571428571428571,0.016233766233766232,0.016233766233766232,0,0,0.6623376623376623,0.009771986970684038,0.2727272727272727,0.05519480519480519,NA,0,0,NA,NA,NA,NA,NA,NA,NA,15,90,0.05863192182410423,90,0.05863192182410423,0,NA,0,NA,3.6,3.7,0,145,0.09446254071661238,25,25,0,0,55,55,85,165,0.10714285714285714,65,0.04220779220779221,0,NA,0,NA,0,NA,0,NA,0,NA,0,NA,0,NA,NA,NA,1020,195,65,170,15,430,10,15,60,10,0,0,45,520,0.1266233766233766,0.04220779220779221,0.11038961038961038,0.00974025974025974,0.2792207792207792,0.006493506493506494,0.00974025974025974,0.03896103896103896,0.006493506493506494,0,0,0.02922077922077922,0.33766233766233766,475,0.30944625407166126,1060,0.6905537459283387
ottawa_ons2022_fisher_heights_3045_00000_2_1_percent,360,360,1,0,0,0,0,0,0.04225352112676056,0.056338028169014086,0.04225352112676056,0.028169014084507043,0.028169014084507043,0,0.4507042253521127,0.027777777777777776,0.5,0,NA,0,0,NA,NA,NA,NA,NA,NA,NA,10,90,0.25,90,0.25,0,NA,0,NA,3.4,3.2,0,25,0.06944444444444445,15,10,10,0,20,15,0,10,0.028169014084507043,0,0,0,NA,0,NA,0,NA,0,NA,0,NA,0,NA,0,NA,NA,NA,160,15,0,25,10,45,0,0,0,0,0,0,55,200,0.04225352112676056,0,0.07042253521126761,0.028169014084507043,0.1267605633802817,0,0,0,0,0,0,0.15492957746478872,0.5633802816901409,75,0.20833333333333334,280,0.7777777777777778
ottawa_ons2022_fitzroy_3046_00000_4_2_percent,290,290,1,0,0,0,0,0,0,0,0,0,0,0,0.03508771929824561,0,NA,0,NA,0,0,NA,NA,NA,NA,NA,NA,NA,0,0,0,0,0,0,NA,0,NA,3.6,3.9,0,45,0.16666666666666666,0,0,0,0,0,0,0,0,0,0,0,0,NA,0,NA,0,NA,0,NA,0,NA,0,NA,0,NA,NA,NA,10,0,0,0,0,0,0,0,0,0,0,0,0,275,0,0,0,0,0,0,0,0,0,0,0,0,0.9649122807017544,65,0.22807017543859648,225,0.7894736842105263
ottawa_ons2022_glebe_dows_lake_3047_00000_4_1_percent,590,590,1,0,0,0,0,0,0.02564102564102564,0.02564102564102564,0.02564102564102564,0.02564102564102564,0,0,0.23076923076923078,0,0,0.017094017094017096,NA,0,0,NA,NA,NA,NA,NA,NA,NA,0,25,0.042735042735042736,25,0.042735042735042736,0,NA,0,NA,3.6,3.7,0,45,0.07627118644067797,15,15,0,0,15,15,10,70,0.11965811965811966,20,0.03418803418803419,0,NA,0,NA,0,NA,0,NA,0,NA,0,NA,0,NA,NA,NA,135,40,20,35,0,0,0,0,0,10,0,0,15,450,0.06837606837606838,0.03418803418803419,0.05982905982905983,0,0,0,0,0,0.017094017094017096,0,0,0.02564102564102564,0.7692307692307693,150,0.2564102564102564,435,0.7435897435897436
ottawa_ons2022_glen_cairn_3048_00000_2_3_percent,1185,1185,1,0,0,0,0,0,0.03375527426160337,0.0379746835443038,0.02109704641350211,0.008438818565400843,0.008438818565400843,0,0.379746835443038,0,0,0.04219409282700422,NA,0,0,NA,NA,NA,NA,NA,NA,NA,0,50,0.04219409282700422,50,0.04219409282700422,0,NA,0,NA,3.5,3.6,0,145,0.12236286919831224,25,10,10,0,45,40,50,85,0.07172995780590717,30,0.02531645569620253,0,NA,0,NA,0,NA,0,NA,0,NA,0,NA,0,NA,NA,NA,450,120,50,125,15,40,10,20,30,0,10,0,35,730,0.10126582278481013,0.04219409282700422,0.10548523206751055,0.012658227848101266,0.03375527426160337,0.008438818565400843,0.016877637130801686,0.02531645569620253,0,0.008438818565400843,0,0.029535864978902954,0.6160337552742616,300,0.25316455696202533,885,0.7468354430379747
ottawa_ons2022_greater_madawaska_3706_00010_11_0_percent,155,155,1,0,0,0,0,0,0,0,0.125,0,0.0625,0,0,0,NA,0,NA,0,0,NA,NA,NA,NA,NA,NA,NA,0,0,0,0,0,0,NA,0,NA,3.5,3.6,0,30,0.1935483870967742,20,0,10,0,0,0,0,0,0,0,0,0,NA,0,NA,0,NA,0,NA,0,NA,0,NA,0,NA,NA,NA,0,0,0,0,0,0,0,0,0,0,0,0,0,160,0,0,0,0,0,0,0,0,0,0,0,0,1,0,0,150,0.967741935483871
ottawa_ons2022_greely_3049_00000_0_9_percent,840,840,1,0,0,0,0,0,0,0,0.02976190476190476,0.017857142857142856,0.011904761904761904,0,0.20238095238095238,0,NA,0,NA,0,0,NA,NA,NA,NA,NA,NA,NA,0,20,0.023809523809523808,20,0.023809523809523808,0,NA,0,NA,3.7,4,0,55,0.06547619047619048,25,15,10,0,0,0,0,85,0.10119047619047619,10,0.011904761904761904,0,NA,0,NA,0,NA,0,NA,0,NA,0,NA,0,NA,NA,NA,170,15,25,40,20,40,0,0,0,0,10,0,10,670,0.017857142857142856,0.02976190476190476,0.047619047619047616,0.023809523809523808,0.047619047619047616,0,0,0,0,0.011904761904761904,0,0.011904761904761904,0.7976190476190477,265,0.31547619047619047,580,0.6904761904761905
ottawa_ons2022_greenbelt_east_3050_00000_6_9_percent,20,20,1,0,0,0,0,0,0,0,0,0,0,0,0.6,0,NA,0,NA,0,0,NA,NA,NA,NA,NA,NA,NA,0,0,NA,0,NA,0,NA,0,NA,3.4,NA,0,0,0,0,0,0,0,0,0,0,0,0,0,0,0,NA,0,NA,0,NA,0,NA,0,NA,0,NA,0,NA,NA,NA,15,0,0,0,0,0,0,0,0,0,0,0,0,10,0,0,0,0,0,0,0,0,0,0,0,0,0.4,0,0,20,1
ottawa_ons2022_greenbelt_west_3051_00919_12_5_percent,10,10,1,0,0,0,0,0,0,0,0,0,0,0,0,0,NA,0,NA,0,0,NA,NA,NA,NA,NA,NA,NA,0,NA,NA,NA,NA,NA,NA,NA,NA,NA,NA,0,0,0,0,0,0,0,0,0,0,0,0,0,0,0,NA,0,NA,0,NA,0,NA,0,NA,0,NA,0,NA,NA,NA,0,0,0,0,0,0,0,0,0,0,0,0,0,10,0,0,0,0,0,0,0,0,0,0,0,0,1,0,NA,0,NA
ottawa_ons2022_greenboro_east_3052_00000_2_0_percent,445,445,1,0,0,0,0,0,0.045454545454545456,0.045454545454545456,0.022727272727272728,0.022727272727272728,0,0,0.6931818181818182,0.02247191011235955,0.5,0.045454545454545456,NA,0,0,NA,NA,NA,NA,NA,NA,NA,10,95,0.21348314606741572,95,0.21348314606741572,0,NA,0,NA,3.7,3.8,0,105,0.23595505617977527,10,10,0,0,20,20,20,40,0.09090909090909091,10,0.022727272727272728,0,NA,0,NA,0,NA,0,NA,0,NA,0,NA,0,NA,NA,NA,305,10,0,65,15,110,10,15,10,0,0,25,45,140,0.022727272727272728,0,0.14772727272727273,0.03409090909090909,0.25,0.022727272727272728,0.03409090909090909,0.022727272727272728,0,0,0.056818181818181816,0.10227272727272728,0.3181818181818182,135,0.30337078651685395,305,0.6853932584269663
ottawa_ons2022_greenboro_west_3053_00000_2_2_percent,365,365,1,0,0,0,0,0,0,0,0.0410958904109589,0.0410958904109589,0,0,0.5342465753424658,0,NA,0.0547945205479452,NA,0,0,NA,NA,NA,NA,NA,NA,NA,0,35,0.0958904109589041,35,0.0958904109589041,0,NA,0,NA,3.5,3.3,0,95,0.2638888888888889,15,15,0,0,0,0,20,45,0.1232876712328767,10,0.0273972602739726,0,NA,0,NA,0,NA,0,NA,0,NA,0,NA,0,NA,NA,NA,195,15,0,105,0,50,0,0,0,0,0,0,25,170,0.0410958904109589,0,0.2876712328767123,0,0.136986301369863,0,0,0,0,0,0,0.0684931506849315,0.4657534246575342,125,0.3424657534246575,240,0.6575342465753424
ottawa_ons2022_hawkesbury_3606_00000_4_1_percent,495,495,1,0,0,0,0,0,0.030612244897959183,0.030612244897959183,0.05102040816326531,0.04081632653061224,0,0,0.14285714285714285,0,0,0,NA,0,0,NA,NA,NA,NA,NA,NA,NA,0,130,0.26262626262626265,130,0.26262626262626265,0,NA,0,NA,4,4.2,0,150,0.30303030303030304,25,20,0,0,15,15,0,355,0.7244897959183674,255,0.5204081632653061,0,NA,0,NA,0,NA,0,NA,0,NA,0,NA,0,NA,NA,NA,70,15,0,35,0,15,0,0,0,0,0,0,0,420,0.030612244897959183,0,0.07142857142857142,0,0.030612244897959183,0,0,0,0,0,0,0,0.8571428571428571,425,0.8585858585858586,70,0.1414141414141414
ottawa_ons2022_hawthorn_meadows_sheffield_glen_3054_00000_7_3_percent,565,565,1,0,0,0,0,0,0.11504424778761062,0.11504424778761062,0.035398230088495575,0.02654867256637168,0.02654867256637168,0,0.7079646017699115,0.07079646017699115,0.6153846153846154,0.061946902654867256,NA,0,0,NA,NA,NA,NA,NA,NA,NA,40,145,0.25663716814159293,145,0.25663716814159293,0,NA,0,NA,3.7,3.6,0,160,0.2882882882882883,20,15,15,0,65,65,35,95,0.168141592920354,60,0.10619469026548672,0,NA,0,NA,0,NA,0,NA,0,NA,0,NA,0,NA,NA,NA,400,35,0,190,30,80,10,10,25,0,0,0,20,165,0.061946902654867256,0,0.336283185840708,0.05309734513274336,0.1415929203539823,0.017699115044247787,0.017699115044247787,0.04424778761061947,0,0,0,0.035398230088495575,0.2920353982300885,255,0.45535714285714285,310,0.5535714285714286
ottawa_ons2022_head_clara_and_maria_3707_00009_4_1_percent,20,20,1,0,0,0,0,0,0,0,0,0,0,0,0.6666666666666666,0,NA,0,NA,0,0,NA,NA,NA,NA,NA,NA,NA,0,NA,NA,NA,NA,NA,NA,NA,NA,4.4,NA,0,0,0,0,0,0,0,0,0,0,0,0,0,0,0,NA,0,NA,0,NA,0,NA,0,NA,0,NA,0,NA,NA,NA,10,0,0,0,0,0,0,0,0,0,0,0,0,0,0,0,0,0,0,0,0,0,0,0,0,0,0,0,0,20,1
ottawa_ons2022_hintonburg_mechanicsville_3055_00000_3_8_percent,605,605,1,0,0,0,0,0,0,0.016666666666666666,0.03333333333333333,0,0.025,0,0.275,0.01652892561983471,1,0,NA,0,0,NA,NA,NA,NA,NA,NA,NA,10,75,0.12396694214876033,75,0.12396694214876033,0,NA,0,NA,3.7,3.6,0,120,0.19834710743801653,20,0,15,0,10,0,0,90,0.15,0,0,0,NA,0,NA,0,NA,0,NA,0,NA,0,NA,0,NA,NA,NA,165,25,30,60,0,15,0,10,0,0,0,10,0,440,0.041666666666666664,0.05,0.1,0,0.025,0,0.016666666666666666,0,0,0,0.016666666666666666,0,0.7333333333333333,240,0.39669421487603307,370,0.6115702479338843
ottawa_ons2022_horton_3708_00000_5_3_percent,185,185,1,0,0,0,0,0,0,0,0.08108108108108109,0,0,0,0,0,NA,0,NA,0,0,NA,NA,NA,NA,NA,NA,NA,0,0,0,0,0,0,NA,0,NA,3.6,3.8,0,40,0.21621621621621623,15,0,0,0,0,0,0,0,0,0,0,0,NA,0,NA,0,NA,0,NA,0,NA,0,NA,0,NA,NA,NA,0,0,0,0,0,0,0,0,0,0,0,0,0,185,0,0,0,0,0,0,0,0,0,0,0,0,1,25,0.13513513513513514,160,0.8648648648648649
ottawa_ons2022_hunt_club_park_3056_00000_3_4_percent,605,605,1,0,0,0,0,0,0.01639344262295082,0.01639344262295082,0.03278688524590164,0.01639344262295082,0.01639344262295082,0,0.6721311475409836,0,0,0.040983606557377046,NA,0,0,NA,NA,NA,NA,NA,NA,NA,0,105,0.17355371900826447,105,0.17355371900826447,0,NA,0,NA,3.6,3.8,0,160,0.2689075630252101,20,10,10,0,10,10,25,100,0.16393442622950818,45,0.07377049180327869,0,NA,0,NA,0,NA,0,NA,0,NA,0,NA,0,NA,NA,NA,410,15,0,160,0,140,0,0,15,0,0,0,50,200,0.02459016393442623,0,0.26229508196721313,0,0.22950819672131148,0,0,0.02459016393442623,0,0,0,0.08196721311475409,0.32786885245901637,230,0.38016528925619836,375,0.6198347107438017
ottawa_ons2022_industrial_east_3057_09999_0_0_percent,NA,NA,NA,NA,NA,NA,NA,NA,NA,NA,NA,NA,NA,NA,NA,NA,NA,NA,NA,NA,NA,NA,NA,NA,NA,NA,NA,NA,NA,NA,NA,NA,NA,NA,NA,NA,NA,NA,NA,NA,NA,NA,NA,NA,NA,NA,NA,NA,NA,NA,NA,NA,NA,NA,NA,NA,NA,NA,NA,NA,NA,NA,NA,NA,NA,NA,NA,NA,NA,NA,NA,NA,NA,NA,NA,NA,NA,NA,NA,NA,NA,NA,NA,NA,NA,NA,NA,NA,NA,NA,NA,NA,NA,NA,NA,NA,NA,NA,NA,NA
ottawa_ons2022_iris_3058_00000_2_9_percent,345,345,1,0,0,0,0,0,0.057971014492753624,0.057971014492753624,0.08695652173913043,0.07246376811594203,0,0,0.4492753623188406,0,0,0,NA,0,0,NA,NA,NA,NA,NA,NA,NA,0,60,0.17391304347826086,60,0.17391304347826086,0,NA,0,NA,3.6,3.9,0,80,0.2318840579710145,30,25,0,0,20,20,0,70,0.2028985507246377,40,0.11594202898550725,0,NA,0,NA,0,NA,0,NA,0,NA,0,NA,0,NA,NA,NA,155,0,0,70,0,25,10,20,10,0,0,0,0,185,0,0,0.2028985507246377,0,0.07246376811594203,0.028985507246376812,0.057971014492753624,0.028985507246376812,0,0,0,0,0.5362318840579711,120,0.34782608695652173,225,0.6521739130434783
ottawa_ons2022_island_park_wellington_village_3059_00000_1_9_percent,430,430,1,0,0,0,0,0,0,0,0.058823529411764705,0.03529411764705882,0,0,0.16470588235294117,0,NA,0,NA,0,0,NA,NA,NA,NA,NA,NA,NA,0,0,0,0,0,0,NA,0,NA,3.6,3.8,0,20,0.047619047619047616,25,15,0,0,0,0,0,40,0.09411764705882353,20,0.047058823529411764,0,NA,0,NA,0,NA,0,NA,0,NA,0,NA,0,NA,NA,NA,70,20,10,15,0,10,0,0,0,0,0,0,0,355,0.047058823529411764,0.023529411764705882,0.03529411764705882,0,0.023529411764705882,0,0,0,0,0,0,0,0.8352941176470589,120,0.2823529411764706,310,0.7294117647058823
ottawa_ons2022_kanata_lakes_3060_00000_2_3_percent,1045,1045,1,0,0,0,0,0,0.08133971291866028,0.0861244019138756,0.019138755980861243,0,0.014354066985645933,0,0.6507177033492823,0,0,0.10047846889952153,NA,0,0,NA,NA,NA,NA,NA,NA,NA,0,105,0.10047846889952153,105,0.10047846889952153,0,NA,0,NA,4,4.3,0,80,0.07655502392344497,20,0,15,0,90,85,105,20,0.019138755980861243,10,0.009569377990430622,0,NA,0,NA,0,NA,0,NA,0,NA,0,NA,0,NA,NA,NA,680,135,295,35,0,50,0,0,85,20,0,0,45,370,0.1291866028708134,0.2822966507177033,0.03349282296650718,0,0.04784688995215311,0,0,0.08133971291866028,0.019138755980861243,0,0,0.0430622009569378,0.35406698564593303,190,0.18181818181818182,855,0.8181818181818182
ottawa_ons2022_katimavik_hazeldean_3061_00000_1_7_percent,805,805,1,0,0,0,0,0,0.030864197530864196,0.030864197530864196,0.018518518518518517,0.018518518518518517,0,0,0.2716049382716049,0.012422360248447204,0.4,0.037037037037037035,NA,0,0,NA,NA,NA,NA,NA,NA,NA,10,50,0.062111801242236024,50,0.062111801242236024,0,NA,0,NA,3.7,3.7,0,105,0.13043478260869565,15,15,0,0,25,25,30,60,0.07407407407407407,35,0.043209876543209874,0,NA,0,NA,0,NA,0,NA,0,NA,0,NA,0,NA,NA,NA,220,30,10,60,0,45,10,30,0,0,0,0,10,585,0.037037037037037035,0.012345679012345678,0.07407407407407407,0,0.05555555555555555,0.012345679012345678,0.037037037037037035,0,0,0,0,0.012345679012345678,0.7222222222222222,175,0.21739130434782608,625,0.7763975155279503
ottawa_ons2022_killaloe_hagarty_and_richards_3709_00000_5_3_percent,125,125,1,0,0,0,0,0,0,0,0.12,0.12,0,0,0,0,NA,0,NA,0,0,NA,NA,NA,NA,NA,NA,NA,0,0,0,0,0,0,NA,0,NA,3.8,4,0,35,0.28,15,15,0,0,0,0,0,0,0,0,0,0,NA,0,NA,0,NA,0,NA,0,NA,0,NA,0,NA,NA,NA,0,0,0,0,0,0,0,0,0,0,0,0,0,120,0,0,0,0,0,0,0,0,0,0,0,0,0.96,10,0.08,115,0.92
ottawa_ons2022_kinburn_3062_00000_4_8_percent,250,250,1,0,0,0,0,0,0,0,0,0,0,0,0.06,0,NA,0,NA,0,0,NA,NA,NA,NA,NA,NA,NA,0,25,0.1,25,0.1,0,NA,0,NA,3.8,3.9,0,25,0.1,0,0,0,0,0,0,0,10,0.0392156862745098,0,0,0,NA,0,NA,0,NA,0,NA,0,NA,0,NA,0,NA,NA,NA,15,0,0,10,0,0,0,0,0,0,0,0,0,230,0,0,0.04,0,0,0,0,0,0,0,0,0,0.92,50,0.2,205,0.82
ottawa_ons2022_lanark_highlands_3404_00000_7_3_percent,370,370,1,0,0,0,0,0,0,0,0.05405405405405406,0.02702702702702703,0,0,0,0,NA,0,NA,0,0,NA,NA,NA,NA,NA,NA,NA,0,30,0.08108108108108109,30,0.08108108108108109,0,NA,0,NA,3.8,4,0,55,0.14864864864864866,20,10,0,0,0,0,0,0,0,0,0,0,NA,0,NA,0,NA,0,NA,0,NA,0,NA,0,NA,NA,NA,0,0,0,0,0,0,0,0,0,0,0,0,0,370,0,0,0,0,0,0,0,0,0,0,0,0,1,40,0.10810810810810811,330,0.8918918918918919
ottawa_ons2022_laurentian_3063_00000_1_7_percent,605,605,1,0,0,0,0,0,0.06611570247933884,0.06611570247933884,0.024793388429752067,0.01652892561983471,0,0,0.2396694214876033,0,0,0.01652892561983471,NA,0,0,NA,NA,NA,NA,NA,NA,NA,0,55,0.09016393442622951,55,0.09016393442622951,0,NA,0,NA,4,4.3,0,45,0.0743801652892562,15,10,0,0,40,40,10,40,0.06611570247933884,20,0.03305785123966942,0,NA,0,NA,0,NA,0,NA,0,NA,0,NA,0,NA,NA,NA,145,45,30,30,0,10,0,0,0,0,0,0,25,465,0.0743801652892562,0.049586776859504134,0.049586776859504134,0,0.01652892561983471,0,0,0,0,0,0,0.04132231404958678,0.768595041322314,135,0.22131147540983606,470,0.7704918032786885
ottawa_ons2022_laurentian_hills_3710_00000_3_6_percent,250,250,1,0,0,0,0,0,0,0,0.061224489795918366,0,0.061224489795918366,0,0,0,NA,0,NA,0,0,NA,NA,NA,NA,NA,NA,NA,0,0,0,0,0,0,NA,0,NA,3.6,4,0,40,0.16,15,0,15,0,0,0,0,0,0,0,0,0,NA,0,NA,0,NA,0,NA,0,NA,0,NA,0,NA,NA,NA,0,0,0,0,0,0,0,0,0,0,0,0,0,245,0,0,0,0,0,0,0,0,0,0,0,0,1,55,0.22,190,0.76
ottawa_ons2022_laurentian_valley_3711_00000_1_9_percent,690,690,1,0,0,0,0,0,0,0,0.08633093525179857,0.04316546762589928,0.014388489208633094,0,0.03597122302158273,0,NA,0,NA,0,0,NA,NA,NA,NA,NA,NA,NA,0,40,0.05755395683453238,40,0.05755395683453238,0,NA,0,NA,3.7,3.7,0,85,0.12318840579710146,60,30,10,0,0,0,0,40,0.05755395683453238,0,0,0,NA,0,NA,0,NA,0,NA,0,NA,0,NA,0,NA,NA,NA,25,0,0,10,15,0,0,0,0,0,0,0,0,670,0,0,0.014388489208633094,0.02158273381294964,0,0,0,0,0,0,0,0,0.9640287769784173,200,0.28776978417266186,495,0.7122302158273381
ottawa_ons2022_lebreton_development_3064_00999_20_0_percent,NA,NA,NA,NA,NA,NA,NA,NA,NA,NA,NA,NA,NA,NA,NA,NA,NA,NA,NA,NA,NA,NA,NA,NA,NA,NA,NA,NA,NA,NA,NA,NA,NA,NA,NA,NA,NA,NA,NA,NA,NA,NA,NA,NA,NA,NA,NA,NA,NA,NA,NA,NA,NA,NA,NA,NA,NA,NA,NA,NA,NA,NA,NA,NA,NA,NA,NA,NA,NA,NA,NA,NA,NA,NA,NA,NA,NA,NA,NA,NA,NA,NA,NA,NA,NA,NA,NA,NA,NA,NA,NA,NA,NA,NA,NA,NA,NA,NA,NA,NA
ottawa_ons2022_ledbury_heron_gate_ridgemont_3065_00000_6_2_percent,1430,1430,1,0,0,0,0,0,0.08741258741258741,0.0944055944055944,0.02097902097902098,0,0.01048951048951049,0.006993006993006993,0.8181818181818182,0.03496503496503497,0.37037037037037035,0.07692307692307693,NA,0,0,NA,NA,NA,NA,NA,NA,NA,50,505,0.3519163763066202,505,0.3519163763066202,0,NA,0,NA,3.5,3.6,0,400,0.28169014084507044,30,0,15,10,135,125,110,200,0.13986013986013987,90,0.06293706293706294,0,NA,0,NA,0,NA,0,NA,0,NA,0,NA,0,NA,NA,NA,1170,100,0,660,45,230,30,15,30,10,0,25,25,260,0.06993006993006994,0,0.46153846153846156,0.03146853146853147,0.16083916083916083,0.02097902097902098,0.01048951048951049,0.02097902097902098,0.006993006993006993,0,0.017482517482517484,0.017482517482517484,0.18181818181818182,470,0.32752613240418116,970,0.6759581881533101
ottawa_ons2022_leslie_park_bruce_farm_3066_00000_3_8_percent,150,150,1,0,0,0,0,0,0.06666666666666667,0.06666666666666667,0,0,0,0,0.3,0,0,0,NA,0,0,NA,NA,NA,NA,NA,NA,NA,0,0,0,0,0,0,NA,0,NA,3.8,3.8,0,15,0.1,0,0,0,0,10,10,0,10,0.06451612903225806,10,0.06451612903225806,0,NA,0,NA,0,NA,0,NA,0,NA,0,NA,0,NA,NA,NA,45,0,0,25,10,10,0,0,0,0,0,0,0,110,0,0,0.16666666666666666,0.06666666666666667,0.06666666666666667,0,0,0,0,0,0,0,0.7333333333333333,55,0.36666666666666664,100,0.6666666666666666
ottawa_ons2022_lowertown_east_3067_00000_6_5_percent,505,505,1,0,0,0,0,0,0.06930693069306931,0.06930693069306931,0,0,0,0,0.6435643564356436,0.019801980198019802,0.2857142857142857,0.039603960396039604,NA,0,0,NA,NA,NA,NA,NA,NA,NA,10,135,0.26732673267326734,135,0.26732673267326734,0,NA,0,NA,3.9,4,0,195,0.38613861386138615,0,0,0,0,35,35,20,125,0.24752475247524752,75,0.1485148514851485,0,NA,0,NA,0,NA,0,NA,0,NA,0,NA,0,NA,NA,NA,325,40,0,230,0,25,0,0,0,0,0,0,15,175,0.07920792079207921,0,0.45544554455445546,0,0.04950495049504951,0,0,0,0,0,0,0.0297029702970297,0.3465346534653465,275,0.5445544554455446,230,0.45544554455445546
ottawa_ons2022_lowertown_west_3068_00000_6_2_percent,100,100,1,0,0,0,0,0,0,0,0.15,0.15,0,0,0.4,0,NA,0,NA,0,0,NA,NA,NA,NA,NA,NA,NA,0,0,0,0,0,0,NA,0,NA,2.6,2.5,0,30,0.3157894736842105,15,15,0,0,0,0,0,25,0.25,10,0.1,0,NA,0,NA,0,NA,0,NA,0,NA,0,NA,0,NA,NA,NA,40,10,0,15,0,0,0,0,0,0,0,0,0,60,0.1,0,0.15,0,0,0,0,0,0,0,0,0,0.6,55,0.5238095238095238,50,0.47619047619047616
ottawa_ons2022_madawaska_valley_3712_00000_7_7_percent,215,215,1,0,0,0,0,0,0,0,0.13636363636363635,0.045454545454545456,0.09090909090909091,0,0,0,NA,0,NA,0,0,NA,NA,NA,NA,NA,NA,NA,0,40,0.18604651162790697,40,0.18604651162790697,0,NA,0,NA,4.1,4.7,0,60,0.27906976744186046,30,10,20,0,0,0,0,0,0,0,0,0,NA,0,NA,0,NA,0,NA,0,NA,0,NA,0,NA,NA,NA,0,0,0,0,0,0,0,0,0,0,0,0,0,215,0,0,0,0,0,0,0,0,0,0,0,0,0.9772727272727273,15,0.06976744186046512,205,0.9534883720930233
ottawa_ons2022_manor_park_3069_00000_2_5_percent,465,465,1,0,0,0,0,0,0.03225806451612903,0.03225806451612903,0,0,0,0,0.4946236559139785,0.021505376344086023,0.6666666666666666,0.03225806451612903,NA,0,0,NA,NA,NA,NA,NA,NA,NA,10,85,0.18478260869565216,85,0.18478260869565216,0,NA,0,NA,3.5,3.5,0,60,0.12903225806451613,0,0,0,0,15,15,15,150,0.3225806451612903,60,0.12903225806451613,0,NA,0,NA,0,NA,0,NA,0,NA,0,NA,0,NA,NA,NA,230,0,20,100,45,25,0,10,10,0,0,15,15,230,0,0.043010752688172046,0.21505376344086022,0.0967741935483871,0.053763440860215055,0,0.021505376344086023,0.021505376344086023,0,0,0.03225806451612903,0.03225806451612903,0.4946236559139785,230,0.5,230,0.5
ottawa_ons2022_manotick_3070_00000_1_7_percent,625,625,1,0,0,0,0,0,0,0,0.048,0.032,0.024,0,0.152,0,NA,0,NA,0,0,NA,NA,NA,NA,NA,NA,NA,0,40,0.064,40,0.064,0,NA,0,NA,4,4.2,0,25,0.04032258064516129,30,20,15,0,0,0,0,10,0.016,0,0,0,NA,0,NA,0,NA,0,NA,0,NA,0,NA,0,NA,NA,NA,95,15,10,15,0,10,0,0,10,0,15,10,0,530,0.024,0.016,0.024,0,0.016,0,0,0.016,0,0.024,0.016,0,0.848,160,0.256,465,0.744
ottawa_ons2022_marlborough_3071_00000_2_8_percent,135,135,1,0,0,0,0,0,0,0,0,0,0,0,0,0,NA,0,NA,0,0,NA,NA,NA,NA,NA,NA,NA,0,0,0,0,0,0,NA,0,NA,3.5,3.6,0,0,0,0,0,0,0,0,0,0,0,0,0,0,0,NA,0,NA,0,NA,0,NA,0,NA,0,NA,0,NA,NA,NA,0,0,0,0,0,0,0,0,0,0,0,0,0,130,0,0,0,0,0,0,0,0,0,0,0,0,1,25,0.18518518518518517,110,0.8148148148148148
ottawa_ons2022_mc_nab_braeside_3713_00000_3_0_percent,520,520,1,0,0,0,0,0,0,0,0.0673076923076923,0.04807692307692308,0.019230769230769232,0,0.08653846153846154,0,NA,0,NA,0,0,NA,NA,NA,NA,NA,NA,NA,0,35,0.0673076923076923,35,0.0673076923076923,0,NA,0,NA,3.3,3.2,0,60,0.11538461538461539,35,25,10,0,0,0,0,10,0.019230769230769232,0,0,0,NA,0,NA,0,NA,0,NA,0,NA,0,NA,0,NA,NA,NA,45,0,0,0,0,0,0,0,0,0,0,0,0,475,0,0,0,0,0,0,0,0,0,0,0,0,0.9134615384615384,60,0.11428571428571428,465,0.8857142857142857
ottawa_ons2022_merivale_gardens_grenfell_glen_pineglen_country_place_3072_00000_1_1_percent,145,145,1,0,0,0,0,0,0,0,0,0,0,0,0.27586206896551724,0,NA,0,NA,0,0,NA,NA,NA,NA,NA,NA,NA,0,0,0,0,0,0,NA,0,NA,3.3,3.2,0,0,0,0,0,0,0,0,0,0,0,0,0,0,0,NA,0,NA,0,NA,0,NA,0,NA,0,NA,0,NA,NA,NA,40,10,15,0,0,0,0,0,0,0,0,0,0,105,0.06896551724137931,0.10344827586206896,0,0,0,0,0,0,0,0,0,0,0.7241379310344828,40,0.26666666666666666,105,0.7
ottawa_ons2022_metcalfe_3073_00000_1_7_percent,415,415,1,0,0,0,0,0,0,0,0.024096385542168676,0.024096385542168676,0,0,0.10843373493975904,0,NA,0,NA,0,0,NA,NA,NA,NA,NA,NA,NA,0,0,0,0,0,0,NA,0,NA,3.7,3.6,0,15,0.036585365853658534,10,10,0,0,0,0,0,40,0.0963855421686747,10,0.024096385542168676,0,NA,0,NA,0,NA,0,NA,0,NA,0,NA,0,NA,NA,NA,45,10,0,10,0,10,0,10,0,0,0,10,0,370,0.024096385542168676,0,0.024096385542168676,0,0.024096385542168676,0,0.024096385542168676,0,0,0,0.024096385542168676,0,0.891566265060241,185,0.4457831325301205,230,0.5542168674698795
ottawa_ons2022_mississippi_mills_3405_00000_3_5_percent,995,995,1,0,0,0,0,0,0,0,0.06565656565656566,0.045454545454545456,0.020202020202020204,0,0.045454545454545456,0,NA,0,NA,0,0,NA,NA,NA,NA,NA,NA,NA,0,45,0.045454545454545456,45,0.045454545454545456,0,NA,0,NA,3.5,3.3,0,90,0.09045226130653267,65,45,20,0,0,0,0,25,0.025252525252525252,0,0,0,NA,0,NA,0,NA,0,NA,0,NA,0,NA,0,NA,NA,NA,45,0,0,0,10,20,0,0,0,0,0,0,10,945,0,0,0,0.010101010101010102,0.020202020202020204,0,0,0,0,0,0,0.010101010101010102,0.9545454545454546,160,0.16080402010050251,830,0.8341708542713567
ottawa_ons2022_montague_3406_00000_0_5_percent,275,275,1,0,0,0,0,0,0,0,0.037037037037037035,0.037037037037037035,0,0,0.037037037037037035,0,NA,0,NA,0,0,NA,NA,NA,NA,NA,NA,NA,0,0,0,0,0,0,NA,0,NA,3.6,3.2,0,20,0.07547169811320754,10,10,0,0,0,0,0,0,0,0,0,0,NA,0,NA,0,NA,0,NA,0,NA,0,NA,0,NA,NA,NA,10,0,0,0,0,0,0,0,0,0,0,0,0,260,0,0,0,0,0,0,0,0,0,0,0,0,0.9629629629629629,75,0.2727272727272727,195,0.7090909090909091
ottawa_ons2022_munster_ashton_3075_00000_0_8_percent,220,220,1,0,0,0,0,0,0,0,0.1111111111111111,0.1111111111111111,0,0,0.06666666666666667,0,NA,0,NA,0,0,NA,NA,NA,NA,NA,NA,NA,0,20,0.09090909090909091,20,0.09090909090909091,0,NA,0,NA,3.1,2.8,0,15,0.06818181818181818,25,25,0,0,0,0,0,0,0,0,0,0,NA,0,NA,0,NA,0,NA,0,NA,0,NA,0,NA,NA,NA,15,0,0,0,0,0,0,0,0,0,0,0,0,205,0,0,0,0,0,0,0,0,0,0,0,0,0.9111111111111111,60,0.2727272727272727,165,0.75
ottawa_ons2022_richmond_3074_00000_1_6_percent,665,665,1,0,0,0,0,0,0.030303030303030304,0.03787878787878788,0,0,0,0,0.045454545454545456,0,0,0,NA,0,0,NA,NA,NA,NA,NA,NA,NA,0,0,0,0,0,0,NA,0,NA,3.7,3.9,0,35,0.05426356589147287,0,0,0,0,25,20,0,0,0,0,0,0,NA,0,NA,0,NA,0,NA,0,NA,0,NA,0,NA,NA,NA,30,10,0,0,0,0,0,0,0,0,0,0,0,630,0.015151515151515152,0,0,0,0,0,0,0,0,0,0,0,0.9545454545454546,115,0.17424242424242425,550,0.8333333333333334
ottawa_ons2022_navan_sarsfield_3076_00000_3_3_percent,225,225,1,0,0,0,0,0,0,0,0.06818181818181818,0.06818181818181818,0,0,0.09090909090909091,0,NA,0,NA,0,0,NA,NA,NA,NA,NA,NA,NA,0,25,0.1111111111111111,25,0.1111111111111111,0,NA,0,NA,3.8,4,0,30,0.13953488372093023,15,15,0,0,0,0,0,55,0.25,20,0.09090909090909091,0,NA,0,NA,0,NA,0,NA,0,NA,0,NA,0,NA,NA,NA,20,0,0,15,0,0,0,0,0,0,0,0,0,200,0,0,0.06818181818181818,0,0,0,0,0,0,0,0,0,0.9090909090909091,140,0.6222222222222222,85,0.37777777777777777
ottawa_ons2022_new_edinburgh_3077_00000_3_6_percent,260,260,1,0,0,0,0,0,0,0.0392156862745098,0.0784313725490196,0,0.0784313725490196,0,0.23529411764705882,0,0,0,NA,0,0,NA,NA,NA,NA,NA,NA,NA,0,40,0.15384615384615385,40,0.15384615384615385,0,NA,0,NA,3.7,3.7,0,55,0.21153846153846154,20,0,20,0,10,0,0,55,0.21568627450980393,30,0.11764705882352941,0,NA,0,NA,0,NA,0,NA,0,NA,0,NA,0,NA,NA,NA,60,0,0,20,0,0,0,0,20,0,10,0,0,205,0,0,0.0784313725490196,0,0,0,0,0.0784313725490196,0,0.0392156862745098,0,0,0.803921568627451,125,0.4807692307692308,135,0.5192307692307693
ottawa_ons2022_north_algona_wilberforce_3714_00000_3_7_percent,180,180,1,0,0,0,0,0,0,0,0.05714285714285714,0,0,0,0,0,NA,0,NA,0,0,NA,NA,NA,NA,NA,NA,NA,0,35,0.19444444444444445,35,0.19444444444444445,0,NA,0,NA,3.1,2.8,0,10,0.05555555555555555,10,0,0,0,0,0,0,0,0,0,0,0,NA,0,NA,0,NA,0,NA,0,NA,0,NA,0,NA,NA,NA,0,0,0,0,0,0,0,0,0,0,0,0,0,175,0,0,0,0,0,0,0,0,0,0,0,0,1,15,0.08333333333333333,160,0.8888888888888888
ottawa_ons2022_north_dundas_3803_00000_1_5_percent,880,880,1,0,0,0,0,0,0,0,0.056818181818181816,0.03409090909090909,0.011363636363636364,0,0.017045454545454544,0,NA,0,NA,0,0,NA,NA,NA,NA,NA,NA,NA,0,55,0.06285714285714286,55,0.06285714285714286,0,NA,0,NA,3.6,3.6,0,50,0.05714285714285714,50,30,10,0,0,0,0,30,0.03409090909090909,20,0.022727272727272728,0,NA,0,NA,0,NA,0,NA,0,NA,0,NA,0,NA,NA,NA,15,0,0,10,0,0,0,0,0,0,0,0,10,865,0,0,0.011363636363636364,0,0,0,0,0,0,0,0,0.011363636363636364,0.9829545454545454,260,0.29545454545454547,620,0.7045454545454546
ottawa_ons2022_north_glengarry_3804_00000_2_2_percent,620,620,1,0,0,0,0,0,0,0,0.024390243902439025,0.016260162601626018,0,0,0.04065040650406504,0,NA,0,NA,0,0,NA,NA,NA,NA,NA,NA,NA,0,110,0.1774193548387097,110,0.1774193548387097,0,NA,0,NA,3.8,3.7,0,115,0.18548387096774194,15,10,0,0,0,0,0,170,0.2764227642276423,70,0.11382113821138211,0,NA,0,NA,0,NA,0,NA,0,NA,0,NA,0,NA,NA,NA,25,0,0,10,0,10,0,0,0,0,0,0,0,600,0,0,0.016260162601626018,0,0.016260162601626018,0,0,0,0,0,0,0,0.975609756097561,420,0.6774193548387096,195,0.31451612903225806
ottawa_ons2022_north_gower_kars_3078_00000_0_9_percent,390,390,1,0,0,0,0,0,0,0,0,0,0,0,0.05194805194805195,0,NA,0,NA,0,0,NA,NA,NA,NA,NA,NA,NA,0,0,0,0,0,0,NA,0,NA,3.5,3.7,0,15,0.038461538461538464,0,0,0,0,0,0,0,20,0.05194805194805195,0,0,0,NA,0,NA,0,NA,0,NA,0,NA,0,NA,0,NA,NA,NA,20,0,10,0,0,0,0,0,0,0,0,0,0,365,0,0.025974025974025976,0,0,0,0,0,0,0,0,0,0,0.948051948051948,100,0.2597402597402597,285,0.7402597402597403
ottawa_ons2022_north_grenville_3501_00000_2_2_percent,1250,1250,1,0,0,0,0,0,0,0,0.032,0.012,0.02,0,0.068,0,NA,0,NA,0,0,NA,NA,NA,NA,NA,NA,NA,0,35,0.027888446215139442,35,0.027888446215139442,0,NA,0,NA,3.6,3.6,0,125,0.1,40,15,25,0,0,0,0,15,0.012,0,0,0,NA,0,NA,0,NA,0,NA,0,NA,0,NA,0,NA,NA,NA,85,10,15,20,0,10,0,0,0,15,0,10,0,1170,0.008,0.012,0.016,0,0.008,0,0,0,0.012,0,0.008,0,0.936,325,0.2589641434262948,920,0.7330677290836654
ottawa_ons2022_north_stormont_3805_00000_1_7_percent,705,705,1,0,0,0,0,0,0,0,0.05,0.014285714285714285,0.04285714285714286,0,0.03571428571428571,0,NA,0,NA,0,0,NA,NA,NA,NA,NA,NA,NA,0,70,0.09929078014184398,70,0.09929078014184398,0,NA,0,NA,3.6,3.6,0,65,0.0948905109489051,35,10,30,0,0,0,0,165,0.2357142857142857,60,0.08571428571428572,0,NA,0,NA,0,NA,0,NA,0,NA,0,NA,0,NA,NA,NA,25,0,0,15,0,0,0,0,0,0,0,0,0,680,0,0,0.02142857142857143,0,0,0,0,0,0,0,0,0,0.9714285714285714,390,0.5531914893617021,315,0.44680851063829785
ottawa_ons2022_old_barrhaven_east_3079_00000_2_0_percent,1680,1680,1,0,0,0,0,0,0.03869047619047619,0.041666666666666664,0.026785714285714284,0.008928571428571428,0.011904761904761904,0,0.5,0.011904761904761904,0.2857142857142857,0.05654761904761905,NA,0,0,NA,NA,NA,NA,NA,NA,NA,20,145,0.08630952380952381,145,0.08630952380952381,0,NA,0,NA,3.7,3.7,0,245,0.1467065868263473,45,15,20,0,70,65,95,120,0.07142857142857142,20,0.011904761904761904,0,NA,0,NA,0,NA,0,NA,0,NA,0,NA,0,NA,NA,NA,840,155,60,205,35,200,15,30,45,20,0,10,55,840,0.09226190476190477,0.03571428571428571,0.12202380952380952,0.020833333333333332,0.11904761904761904,0.008928571428571428,0.017857142857142856,0.026785714285714284,0.011904761904761904,0,0.005952380952380952,0.03273809523809524,0.5,420,0.25,1260,0.75
ottawa_ons2022_old_barrhaven_west_3080_00000_1_1_percent,1800,1800,1,0,0,0,0,0,0.022222222222222223,0.022222222222222223,0.030555555555555555,0.016666666666666666,0.011111111111111112,0.005555555555555556,0.39444444444444443,0,0,0.016713091922005572,NA,0,0,NA,NA,NA,NA,NA,NA,NA,0,145,0.08055555555555556,145,0.08055555555555556,0,NA,0,NA,3.9,4,0,170,0.0947075208913649,55,30,20,10,40,40,30,80,0.04456824512534819,25,0.013927576601671309,0,NA,0,NA,0,NA,0,NA,0,NA,0,NA,0,NA,NA,NA,710,190,75,140,65,120,10,35,20,0,0,0,55,1090,0.10555555555555556,0.041666666666666664,0.07777777777777778,0.03611111111111111,0.06666666666666667,0.005555555555555556,0.019444444444444445,0.011111111111111112,0,0,0,0.030555555555555555,0.6055555555555555,470,0.2611111111111111,1325,0.7361111111111112
ottawa_ons2022_old_hunt_club_3081_00000_2_4_percent,1235,1235,1,0,0,0,0,0,0.04048582995951417,0.04048582995951417,0.044534412955465584,0.024291497975708502,0.012145748987854251,0,0.5263157894736842,0.024291497975708502,0.6,0.03643724696356275,NA,0,0,NA,NA,NA,NA,NA,NA,NA,30,205,0.1659919028340081,205,0.1659919028340081,0,NA,0,NA,3.6,3.7,0,195,0.15918367346938775,55,30,15,0,50,50,45,140,0.11336032388663968,60,0.048582995951417005,0,NA,0,NA,0,NA,0,NA,0,NA,0,NA,0,NA,NA,NA,650,45,25,290,50,160,25,15,0,0,0,0,45,585,0.03643724696356275,0.020242914979757085,0.23481781376518218,0.04048582995951417,0.12955465587044535,0.020242914979757085,0.012145748987854251,0,0,0,0,0.03643724696356275,0.47368421052631576,390,0.3157894736842105,845,0.6842105263157895
ottawa_ons2022_old_ottawa_east_3082_00000_4_2_percent,435,435,1,0,0,0,0,0,0.06896551724137931,0.06896551724137931,0,0,0,0,0.2413793103448276,0.05747126436781609,0.8333333333333334,0.022988505747126436,NA,0,0,NA,NA,NA,NA,NA,NA,NA,25,0,0,0,0,0,NA,0,NA,3.8,4,0,30,0.06896551724137931,0,0,0,0,30,30,10,35,0.08045977011494253,20,0.04597701149425287,0,NA,0,NA,0,NA,0,NA,0,NA,0,NA,0,NA,NA,NA,105,20,20,15,0,0,10,0,30,0,0,0,0,335,0.04597701149425287,0.04597701149425287,0.034482758620689655,0,0,0.022988505747126436,0,0.06896551724137931,0,0,0,0,0.7701149425287356,130,0.2988505747126437,300,0.6896551724137931
ottawa_ons2022_old_ottawa_south_3083_00000_3_5_percent,415,415,1,0,0,0,0,0,0,0,0,0,0,0,0.18292682926829268,0,NA,0,NA,0,0,NA,NA,NA,NA,NA,NA,NA,0,0,0,0,0,0,NA,0,NA,3.8,3.8,0,40,0.0963855421686747,0,0,0,0,0,0,0,50,0.12195121951219512,0,0,0,NA,0,NA,0,NA,0,NA,0,NA,0,NA,0,NA,NA,NA,75,0,35,20,0,0,0,0,0,0,0,0,0,345,0,0.08536585365853659,0.04878048780487805,0,0,0,0,0,0,0,0,0,0.8414634146341463,130,0.3132530120481928,280,0.6746987951807228
ottawa_ons2022_orleans_industrial_3084_09999_0_0_percent,NA,NA,NA,NA,NA,NA,NA,NA,NA,NA,NA,NA,NA,NA,NA,NA,NA,NA,NA,NA,NA,NA,NA,NA,NA,NA,NA,NA,NA,NA,NA,NA,NA,NA,NA,NA,NA,NA,NA,NA,NA,NA,NA,NA,NA,NA,NA,NA,NA,NA,NA,NA,NA,NA,NA,NA,NA,NA,NA,NA,NA,NA,NA,NA,NA,NA,NA,NA,NA,NA,NA,NA,NA,NA,NA,NA,NA,NA,NA,NA,NA,NA,NA,NA,NA,NA,NA,NA,NA,NA,NA,NA,NA,NA,NA,NA,NA,NA,NA,NA
ottawa_ons2022_orleans_village_chateauneuf_3085_00000_1_6_percent,750,750,1,0,0,0,0,0,0.02,0.02,0.02,0,0.02,0,0.31333333333333335,0,0,0,NA,0,0,NA,NA,NA,NA,NA,NA,NA,0,15,0.02,15,0.02,0,NA,0,NA,3.7,3.7,0,80,0.10810810810810811,15,0,15,0,15,15,0,220,0.2913907284768212,75,0.09933774834437085,0,NA,0,NA,0,NA,0,NA,0,NA,0,NA,0,NA,NA,NA,235,20,25,100,15,40,0,10,0,10,0,0,15,510,0.02666666666666667,0.03333333333333333,0.13333333333333333,0.02,0.05333333333333334,0,0.013333333333333334,0,0.013333333333333334,0,0,0.02,0.68,385,0.5133333333333333,360,0.48
ottawa_ons2022_osgoode_vernon_3086_00000_1_6_percent,450,450,1,0,0,0,0,0,0,0,0.03333333333333333,0.03333333333333333,0,0,0.044444444444444446,0,NA,0,NA,0,0,NA,NA,NA,NA,NA,NA,NA,0,0,0,0,0,0,NA,0,NA,3.6,3.6,0,15,0.03333333333333333,15,15,0,0,0,0,0,10,0.022222222222222223,0,0,0,NA,0,NA,0,NA,0,NA,0,NA,0,NA,0,NA,NA,NA,20,15,0,0,0,0,0,0,0,0,0,0,0,425,0.03333333333333333,0,0,0,0,0,0,0,0,0,0,0,0.9444444444444444,80,0.17777777777777778,370,0.8222222222222222
ottawa_ons2022_overbrook_3087_00000_5_0_percent,1640,1640,1,0,0,0,0,0,0.08536585365853659,0.08536585365853659,0.06707317073170732,0.042682926829268296,0,0.018292682926829267,0.6189024390243902,0.051829268292682924,0.6071428571428571,0.057926829268292686,NA,0,0,NA,NA,NA,NA,NA,NA,NA,85,440,0.2682926829268293,440,0.2682926829268293,0,NA,0,NA,3.6,3.7,0,425,0.26153846153846155,110,70,0,30,140,140,95,435,0.2652439024390244,245,0.14939024390243902,0,NA,0,NA,0,NA,0,NA,0,NA,0,NA,0,NA,NA,NA,1015,90,10,605,40,115,25,10,65,0,0,35,20,625,0.054878048780487805,0.006097560975609756,0.36890243902439024,0.024390243902439025,0.0701219512195122,0.01524390243902439,0.006097560975609756,0.039634146341463415,0,0,0.021341463414634148,0.012195121951219513,0.38109756097560976,805,0.4923547400611621,835,0.5107033639143731
ottawa_ons2022_parkwood_hills_3088_00000_5_9_percent,640,640,1,0,0,0,0,0,0.1953125,0.203125,0.015625,0.015625,0,0,0.8515625,0.171875,0.8461538461538461,0.15625,NA,0,0,NA,NA,NA,NA,NA,NA,NA,110,235,0.3671875,235,0.3671875,0,NA,0,NA,3.2,3,0,100,0.15873015873015872,10,10,0,0,130,125,100,55,0.0859375,25,0.0390625,0,NA,0,NA,0,NA,0,NA,0,NA,0,NA,0,NA,NA,NA,545,55,0,260,25,155,10,15,0,0,0,0,0,95,0.0859375,0,0.40625,0.0390625,0.2421875,0.015625,0.0234375,0,0,0,0,0,0.1484375,200,0.3125,440,0.6875
ottawa_ons2022_pembroke_3715_00000_3_1_percent,925,925,1,0,0,0,0,0,0,0,0.12972972972972974,0.06486486486486487,0.06486486486486487,0,0.032432432432432434,0,NA,0,NA,0,0,NA,NA,NA,NA,NA,NA,NA,0,185,0.1989247311827957,185,0.1989247311827957,0,NA,0,NA,3.5,3.6,0,285,0.30978260869565216,120,60,60,0,0,0,0,25,0.02702702702702703,25,0.02702702702702703,0,NA,0,NA,0,NA,0,NA,0,NA,0,NA,0,NA,NA,NA,30,0,0,0,0,0,10,0,0,0,0,0,0,895,0,0,0,0,0,0.010810810810810811,0,0,0,0,0,0,0.9675675675675676,210,0.22580645161290322,715,0.7688172043010753
ottawa_ons2022_perth_3407_00000_2_5_percent,255,255,1,0,0,0,0,0,0,0,0.058823529411764705,0.058823529411764705,0,0,0.13725490196078433,0,NA,0,NA,0,0,NA,NA,NA,NA,NA,NA,NA,0,30,0.11538461538461539,30,0.11538461538461539,0,NA,0,NA,3.2,3.2,0,70,0.27450980392156865,15,15,0,0,0,0,0,0,0,0,0,0,NA,0,NA,0,NA,0,NA,0,NA,0,NA,0,NA,NA,NA,35,0,0,10,0,10,0,0,0,0,0,0,0,225,0,0,0.0392156862745098,0,0.0392156862745098,0,0,0,0,0,0,0,0.8823529411764706,30,0.11538461538461539,225,0.8653846153846154
ottawa_ons2022_petawawa_3716_00000_2_3_percent,1970,1970,1,0,0,0,0,0,0,0,0.04060913705583756,0.017766497461928935,0.025380710659898477,0,0.07868020304568528,0,NA,0.007614213197969543,NA,0,0,NA,NA,NA,NA,NA,NA,NA,0,75,0.03807106598984772,75,0.03807106598984772,0,NA,0,NA,3.5,3.6,0,165,0.08396946564885496,80,35,50,0,0,0,15,210,0.1065989847715736,70,0.03553299492385787,0,NA,0,NA,0,NA,0,NA,0,NA,0,NA,0,NA,NA,NA,155,55,0,50,0,0,10,0,0,0,0,0,25,1815,0.027918781725888325,0,0.025380710659898477,0,0,0.005076142131979695,0,0,0,0,0,0.012690355329949238,0.9213197969543148,505,0.2563451776649746,1465,0.7436548223350253
ottawa_ons2022_pikwakanagan_golden_lake_39_3717_03030_38_6_percent,45,45,1,0,0,0,0,0,0,0,1,1,0,0,0,0,NA,0,NA,0,0,NA,NA,NA,NA,NA,NA,NA,0,20,0.4444444444444444,20,0.4444444444444444,0,NA,0,NA,3.4,2.7,0,20,0.4444444444444444,45,45,0,0,0,0,0,0,0,0,0,0,NA,0,NA,0,NA,0,NA,0,NA,0,NA,0,NA,NA,NA,0,0,0,0,0,0,0,0,0,0,0,0,0,45,0,0,0,0,0,0,0,0,0,0,0,0,1,0,0,45,1
ottawa_ons2022_pineview_3089_00000_3_1_percent,435,435,1,0,0,0,0,0,0.06896551724137931,0.06896551724137931,0,0,0,0,0.3448275862068966,0.06896551724137931,1,0.06896551724137931,NA,0,0,NA,NA,NA,NA,NA,NA,NA,30,60,0.13793103448275862,60,0.13793103448275862,0,NA,0,NA,3.7,3.6,0,50,0.11494252873563218,0,0,0,0,30,30,30,65,0.14942528735632185,25,0.05747126436781609,0,NA,0,NA,0,NA,0,NA,0,NA,0,NA,0,NA,NA,NA,150,20,0,40,10,40,0,10,15,0,0,0,10,280,0.04597701149425287,0,0.09195402298850575,0.022988505747126436,0.09195402298850575,0,0.022988505747126436,0.034482758620689655,0,0,0,0.022988505747126436,0.6436781609195402,200,0.45977011494252873,240,0.5517241379310345
ottawa_ons2022_playfair_park_guildwood_estates_3090_00000_2_3_percent,380,380,1,0,0,0,0,0,0.05263157894736842,0.06578947368421052,0,0,0,0,0.40789473684210525,0.02631578947368421,0.4,0.039473684210526314,NA,0,0,NA,NA,NA,NA,NA,NA,NA,10,40,0.10526315789473684,40,0.10526315789473684,0,NA,0,NA,3.7,4.1,0,55,0.14473684210526316,0,0,0,0,25,20,15,40,0.10526315789473684,20,0.05263157894736842,0,NA,0,NA,0,NA,0,NA,0,NA,0,NA,0,NA,NA,NA,155,35,15,25,0,55,10,0,0,0,0,0,15,225,0.09210526315789473,0.039473684210526314,0.06578947368421052,0,0.14473684210526316,0.02631578947368421,0,0,0,0,0,0.039473684210526314,0.5921052631578947,185,0.4805194805194805,195,0.5064935064935064
ottawa_ons2022_portobello_south_3091_00000_1_9_percent,2785,2785,1,0,0,0,0,0,0.034050179211469536,0.03763440860215054,0.025089605734767026,0.014336917562724014,0.0035842293906810036,0,0.5,0.012567324955116697,0.3333333333333333,0.035842293906810034,NA,0,0,NA,NA,NA,NA,NA,NA,NA,35,150,0.053763440860215055,150,0.053763440860215055,0,NA,0,NA,3.7,3.7,0,390,0.1400359066427289,70,40,10,0,105,95,100,795,0.2849462365591398,365,0.13082437275985664,0,NA,0,NA,0,NA,0,NA,0,NA,0,NA,0,NA,NA,NA,1395,245,90,505,50,195,25,25,90,20,0,15,140,1395,0.08781362007168458,0.03225806451612903,0.18100358422939067,0.017921146953405017,0.06989247311827956,0.008960573476702509,0.008960573476702509,0.03225806451612903,0.007168458781362007,0,0.005376344086021506,0.05017921146953405,0.5,1535,0.5501792114695341,1255,0.449820788530466
ottawa_ons2022_qualicum_redwood_3092_00000_1_9_percent,265,265,1,0,0,0,0,0,0,0,0.03773584905660377,0,0.03773584905660377,0,0.5471698113207547,0,NA,0.03773584905660377,NA,0,0,NA,NA,NA,NA,NA,NA,NA,0,60,0.22641509433962265,60,0.22641509433962265,0,NA,0,NA,4.2,4.6,0,75,0.2830188679245283,10,0,10,0,0,0,10,30,0.11320754716981132,0,0,0,NA,0,NA,0,NA,0,NA,0,NA,0,NA,0,NA,NA,NA,145,10,15,45,0,25,0,15,0,0,0,0,30,125,0.03773584905660377,0.05660377358490566,0.16981132075471697,0,0.09433962264150944,0,0.05660377358490566,0,0,0,0,0.11320754716981132,0.4716981132075472,70,0.2641509433962264,195,0.7358490566037735
ottawa_ons2022_queensway_terrace_north_3093_00000_3_0_percent,285,285,1,0,0,0,0,0,0.03571428571428571,0.03571428571428571,0.05357142857142857,0,0,0,0.3392857142857143,0.03508771929824561,1,0,NA,0,0,NA,NA,NA,NA,NA,NA,NA,10,0,0,0,0,0,NA,0,NA,3.3,3.4,0,35,0.12280701754385964,15,0,0,0,10,10,0,10,0.03571428571428571,0,0,0,NA,0,NA,0,NA,0,NA,0,NA,0,NA,0,NA,NA,NA,95,10,10,15,0,30,0,0,0,10,0,0,0,185,0.03571428571428571,0.03571428571428571,0.05357142857142857,0,0.10714285714285714,0,0,0,0.03571428571428571,0,0,0,0.6607142857142857,95,0.3333333333333333,185,0.6491228070175439
ottawa_ons2022_queenswood_chatelaine_3094_00000_3_9_percent,320,320,1,0,0,0,0,0,0.031746031746031744,0.031746031746031744,0.06349206349206349,0.06349206349206349,0,0,0.15873015873015872,0,0,0,NA,0,0,NA,NA,NA,NA,NA,NA,NA,0,40,0.12698412698412698,40,0.12698412698412698,0,NA,0,NA,3.6,3.8,0,55,0.1774193548387097,20,20,0,0,10,10,0,70,0.2222222222222222,25,0.07936507936507936,0,NA,0,NA,0,NA,0,NA,0,NA,0,NA,0,NA,NA,NA,50,0,0,25,10,20,0,0,0,0,0,0,0,265,0,0,0.07936507936507936,0.031746031746031744,0.06349206349206349,0,0,0,0,0,0,0,0.8412698412698413,155,0.49206349206349204,160,0.5079365079365079
ottawa_ons2022_queenswood_heights_3095_00000_1_5_percent,565,565,1,0,0,0,0,0,0.017857142857142856,0.026785714285714284,0.05357142857142857,0.026785714285714284,0.026785714285714284,0,0.26785714285714285,0,0,0.026785714285714284,NA,0,0,NA,NA,NA,NA,NA,NA,NA,0,50,0.08849557522123894,50,0.08849557522123894,0,NA,0,NA,3.9,4,0,80,0.14285714285714285,30,15,15,0,15,10,15,140,0.25,60,0.10714285714285714,0,NA,0,NA,0,NA,0,NA,0,NA,0,NA,0,NA,NA,NA,150,20,15,45,0,40,0,0,0,0,10,0,10,410,0.03571428571428571,0.026785714285714284,0.08035714285714286,0,0.07142857142857142,0,0,0,0,0.017857142857142856,0,0.017857142857142856,0.7321428571428571,275,0.48672566371681414,290,0.5132743362831859
ottawa_ons2022_renfrew_3718_00000_1_7_percent,420,420,1,0,0,0,0,0,0,0,0.08333333333333333,0.023809523809523808,0.05952380952380952,0,0.03571428571428571,0,NA,0,NA,0,0,NA,NA,NA,NA,NA,NA,NA,0,100,0.23809523809523808,100,0.23809523809523808,0,NA,0,NA,3.4,3.6,0,130,0.30952380952380953,35,10,25,0,0,0,0,20,0.047619047619047616,0,0,0,NA,0,NA,0,NA,0,NA,0,NA,0,NA,0,NA,NA,NA,15,0,0,0,0,0,0,0,0,0,0,0,0,400,0,0,0,0,0,0,0,0,0,0,0,0,0.9523809523809523,50,0.11904761904761904,375,0.8928571428571429
ottawa_ons2022_rideaucrest_davidson_heights_3097_00000_1_4_percent,670,670,1,0,0,0,0,0,0.03731343283582089,0.03731343283582089,0.022388059701492536,0.014925373134328358,0,0,0.5,0.014925373134328358,0.4,0.05970149253731343,NA,0,0,NA,NA,NA,NA,NA,NA,NA,10,30,0.04477611940298507,30,0.04477611940298507,0,NA,0,NA,3.7,3.9,0,80,0.11940298507462686,15,10,0,0,25,25,40,40,0.05970149253731343,0,0,0,NA,0,NA,0,NA,0,NA,0,NA,0,NA,0,NA,NA,NA,335,55,75,45,40,95,10,10,0,0,0,0,15,335,0.08208955223880597,0.11194029850746269,0.06716417910447761,0.05970149253731343,0.1417910447761194,0.014925373134328358,0.014925373134328358,0,0,0,0,0.022388059701492536,0.5,165,0.2462686567164179,500,0.746268656716418
ottawa_ons2022_riverside_park_mooneys_bay_3098_00000_2_5_percent,320,320,1,0,0,0,0,0,0.171875,0.171875,0,0,0,0,0.59375,0.09375,0.5454545454545454,0.125,NA,0,0,NA,NA,NA,NA,NA,NA,NA,30,85,0.265625,85,0.265625,0,NA,0,NA,3.4,3.4,0,45,0.140625,0,0,0,0,55,55,40,25,0.078125,15,0.046875,0,NA,0,NA,0,NA,0,NA,0,NA,0,NA,0,NA,NA,NA,190,0,0,60,0,90,0,0,10,0,0,0,10,135,0,0,0.1875,0,0.28125,0,0,0.03125,0,0,0,0.03125,0.421875,110,0.34375,215,0.671875
ottawa_ons2022_riverside_park_south_revelstoke_3099_00000_2_1_percent,225,225,1,0,0,0,0,0,0,0,0.044444444444444446,0,0,0,0.15555555555555556,0,NA,0,NA,0,0,NA,NA,NA,NA,NA,NA,NA,0,0,0,0,0,0,NA,0,NA,3.5,3.5,0,20,0.09302325581395349,10,0,0,0,0,0,0,35,0.15555555555555556,20,0.08888888888888889,0,NA,0,NA,0,NA,0,NA,0,NA,0,NA,0,NA,NA,NA,35,25,0,0,0,0,0,0,0,0,0,0,0,190,0.1111111111111111,0,0,0,0,0,0,0,0,0,0,0,0.8444444444444444,120,0.5333333333333333,105,0.4666666666666667
ottawa_ons2022_riverside_south_leitrim_3100_00000_0_9_percent,1830,1830,1,0,0,0,0,0,0.02185792349726776,0.02185792349726776,0.00819672131147541,0,0.00546448087431694,0,0.4781420765027322,0,0,0.06830601092896176,NA,0,0,NA,NA,NA,NA,NA,NA,NA,0,100,0.0546448087431694,100,0.0546448087431694,0,NA,0,NA,3.6,3.6,0,95,0.05191256830601093,15,0,10,0,40,40,125,225,0.12295081967213115,25,0.01366120218579235,0,NA,0,NA,0,NA,0,NA,0,NA,0,NA,0,NA,NA,NA,875,165,220,120,15,150,30,40,10,10,0,15,100,955,0.09016393442622951,0.12021857923497267,0.06557377049180328,0.00819672131147541,0.08196721311475409,0.01639344262295082,0.02185792349726776,0.00546448087431694,0.00546448087431694,0,0.00819672131147541,0.0546448087431694,0.5218579234972678,630,0.3442622950819672,1205,0.6584699453551912
ottawa_ons2022_riverview_3101_00000_3_8_percent,735,735,1,0,0,0,0,0,0.07482993197278912,0.07482993197278912,0.013605442176870748,0,0.013605442176870748,0,0.6326530612244898,0.02040816326530612,0.2727272727272727,0.07482993197278912,NA,0,0,NA,NA,NA,NA,NA,NA,NA,15,220,0.3013698630136986,220,0.3013698630136986,0,NA,0,NA,3.5,3.5,0,130,0.1793103448275862,10,0,10,0,55,55,55,120,0.16326530612244897,35,0.047619047619047616,0,NA,0,NA,0,NA,0,NA,0,NA,0,NA,0,NA,NA,NA,465,50,20,180,20,105,15,0,15,0,0,10,45,265,0.06802721088435375,0.027210884353741496,0.24489795918367346,0.027210884353741496,0.14285714285714285,0.02040816326530612,0,0.02040816326530612,0,0,0.013605442176870748,0.061224489795918366,0.36054421768707484,280,0.3835616438356164,455,0.6232876712328768
ottawa_ons2022_rockcliffe_park_3102_00000_5_0_percent,45,45,1,0,0,0,0,0,0,0,0,0,0,0,0.2,0,NA,0,NA,0,0,NA,NA,NA,NA,NA,NA,NA,0,0,0,0,0,0,NA,0,NA,4.9,5.5,0,10,0.2222222222222222,0,0,0,0,0,0,0,0,0,0,0,0,NA,0,NA,0,NA,0,NA,0,NA,0,NA,0,NA,NA,NA,10,0,10,0,0,0,0,0,0,0,0,0,0,30,0,0.2,0,0,0,0,0,0,0,0,0,0,0.6,10,0.2222222222222222,35,0.7777777777777778
ottawa_ons2022_rothwell_heights_beacon_hill_north_3103_00000_1_8_percent,645,645,1,0,0,0,0,0,0.03875968992248062,0.03875968992248062,0.031007751937984496,0.023255813953488372,0,0,0.23255813953488372,0,0,0.015384615384615385,NA,0,0,NA,NA,NA,NA,NA,NA,NA,0,35,0.05426356589147287,35,0.05426356589147287,0,NA,0,NA,3.8,3.6,0,75,0.11627906976744186,20,15,0,0,25,25,10,120,0.18461538461538463,50,0.07692307692307693,0,NA,0,NA,0,NA,0,NA,0,NA,0,NA,0,NA,NA,NA,150,20,15,55,15,20,10,10,0,0,0,0,0,490,0.031007751937984496,0.023255813953488372,0.08527131782945736,0.023255813953488372,0.031007751937984496,0.015503875968992248,0.015503875968992248,0,0,0,0,0,0.7596899224806202,295,0.4573643410852713,355,0.5503875968992248
ottawa_ons2022_russell_3607_00000_1_3_percent,1785,1785,1,0,0,0,0,0,0.00558659217877095,0.00558659217877095,0.055865921787709494,0.01675977653631285,0.03910614525139665,0,0.05027932960893855,0,0,0,NA,0,0,NA,NA,NA,NA,NA,NA,NA,0,75,0.04201680672268908,75,0.04201680672268908,0,NA,0,NA,3.7,3.8,0,155,0.08683473389355742,100,30,70,0,10,10,0,555,0.3100558659217877,270,0.15083798882681565,0,NA,0,NA,0,NA,0,NA,0,NA,0,NA,0,NA,NA,NA,90,20,0,45,0,0,0,0,0,0,0,10,0,1700,0.0111731843575419,0,0.025139664804469275,0,0,0,0,0,0,0,0.00558659217877095,0,0.94972067039106145,1110,0.6218487394957983,680,0.38095238095238093
ottawa_ons2022_sandy_hill_3104_00010_10_1_percent,520,520,1,0,0,0,0,0,0.10576923076923077,0.10576923076923077,0.038461538461538464,0,0.028846153846153848,0,0.46153846153846156,0.028846153846153848,0.2727272727272727,0.09615384615384616,NA,0,0,NA,NA,NA,NA,NA,NA,NA,15,135,0.25961538461538464,135,0.25961538461538464,0,NA,0,NA,3.7,3.4,0,175,0.33980582524271846,20,0,15,0,55,55,50,125,0.2403846153846154,65,0.125,0,NA,0,NA,0,NA,0,NA,0,NA,0,NA,0,NA,NA,NA,240,15,10,155,0,35,15,0,0,0,0,0,0,285,0.028846153846153848,0.019230769230769232,0.2980769230769231,0,0.0673076923076923,0.028846153846153848,0,0,0,0,0,0,0.5480769230769231,235,0.4519230769230769,285,0.5480769230769231
ottawa_ons2022_smiths_falls_3408_00000_2_2_percent,670,670,1,0,0,0,0,0,0.014925373134328358,0.014925373134328358,0.05223880597014925,0.03731343283582089,0,0,0.07462686567164178,0,0,0,NA,0,0,NA,NA,NA,NA,NA,NA,NA,0,160,0.23880597014925373,160,0.23880597014925373,0,NA,0,NA,3.6,3.8,0,250,0.37593984962406013,35,25,0,0,10,10,0,15,0.022388059701492536,0,0,0,NA,0,NA,0,NA,0,NA,0,NA,0,NA,0,NA,NA,NA,50,15,15,10,0,0,0,0,0,0,0,0,0,615,0.022388059701492536,0.022388059701492536,0.014925373134328358,0,0,0,0,0,0,0,0,0,0.917910447761194,75,0.11194029850746269,595,0.8880597014925373
ottawa_ons2022_south_dundas_3806_00000_2_2_percent,700,700,1,0,0,0,0,0,0,0,0.02142857142857143,0.014285714285714285,0,0,0.02142857142857143,0,NA,0,NA,0,0,NA,NA,NA,NA,NA,NA,NA,0,55,0.07857142857142857,55,0.07857142857142857,0,NA,0,NA,3.8,3.9,0,175,0.2517985611510791,15,10,0,0,0,0,0,0,0,0,0,0,NA,0,NA,0,NA,0,NA,0,NA,0,NA,0,NA,NA,NA,15,0,0,10,0,0,0,0,0,0,0,0,0,685,0,0,0.014285714285714285,0,0,0,0,0,0,0,0,0,0.9785714285714285,70,0.1,630,0.9
ottawa_ons2022_south_glengarry_3807_00000_1_7_percent,890,890,1,0,0,0,0,0,0,0,0.05649717514124294,0.03954802259887006,0.022598870056497175,0,0.07909604519774012,0,NA,0,NA,0,0,NA,NA,NA,NA,NA,NA,NA,0,70,0.07865168539325842,70,0.07865168539325842,0,NA,0,NA,3.6,3.6,0,75,0.0847457627118644,50,35,20,0,0,0,0,150,0.1694915254237288,40,0.04519774011299435,0,NA,0,NA,0,NA,0,NA,0,NA,0,NA,0,NA,NA,NA,70,0,10,10,15,20,0,15,0,0,0,0,0,815,0,0.011299435028248588,0.011299435028248588,0.01694915254237288,0.022598870056497175,0,0.01694915254237288,0,0,0,0,0,0.9209039548022598,500,0.5617977528089888,385,0.43258426966292135
ottawa_ons2022_south_keys_3105_00000_2_1_percent,150,150,1,0,0,0,0,0,0,0,0,0,0,0,0.5333333333333333,0,NA,0.06666666666666667,NA,0,0,NA,NA,NA,NA,NA,NA,NA,0,30,0.20689655172413793,30,0.20689655172413793,0,NA,0,NA,3.6,3.2,0,15,0.1,0,0,0,0,0,0,10,0,0,0,0,0,NA,0,NA,0,NA,0,NA,0,NA,0,NA,0,NA,NA,NA,80,0,10,25,0,45,0,0,0,0,0,0,0,65,0,0.06666666666666667,0.16666666666666666,0,0.3,0,0,0,0,0,0,0,0.43333333333333335,30,0.20689655172413793,115,0.7931034482758621
ottawa_ons2022_south_stormont_3808_00000_1_8_percent,915,915,1,0,0,0,0,0,0,0,0.0546448087431694,0.04371584699453552,0.01092896174863388,0,0.06557377049180328,0,NA,0,NA,0,0,NA,NA,NA,NA,NA,NA,NA,0,80,0.08743169398907104,80,0.08743169398907104,0,NA,0,NA,3.6,3.8,0,80,0.08791208791208792,50,40,10,0,0,0,0,90,0.09836065573770492,15,0.01639344262295082,0,NA,0,NA,0,NA,0,NA,0,NA,0,NA,0,NA,NA,NA,60,15,15,0,0,0,0,15,0,0,0,0,0,860,0.01639344262295082,0.01639344262295082,0,0,0,0,0.01639344262295082,0,0,0,0,0,0.9398907103825137,440,0.4808743169398907,475,0.5191256830601093
ottawa_ons2022_stittsville_3106_00000_1_1_percent,1455,1455,1,0,0,0,0,0,0.01718213058419244,0.01718213058419244,0.030927835051546393,0.027491408934707903,0.006872852233676976,0,0.2027491408934708,0,0,0.024054982817869417,NA,0,0,NA,NA,NA,NA,NA,NA,NA,0,30,0.020618556701030927,30,0.020618556701030927,0,NA,0,NA,3.8,4.1,0,160,0.10996563573883161,45,40,10,0,25,25,35,70,0.048109965635738834,20,0.013745704467353952,0,NA,0,NA,0,NA,0,NA,0,NA,0,NA,0,NA,NA,NA,295,115,25,60,20,15,15,0,0,0,0,0,40,1155,0.07903780068728522,0.01718213058419244,0.041237113402061855,0.013745704467353952,0.010309278350515464,0.010309278350515464,0,0,0,0,0,0.027491408934707903,0.7938144329896907,350,0.24054982817869416,1100,0.7560137457044673
ottawa_ons2022_stittsville_east_3107_00000_1_9_percent,1330,1330,1,0,0,0,0,0,0.06015037593984962,0.06015037593984962,0.018796992481203006,0,0.011278195488721804,0,0.5939849624060151,0,0,0.08646616541353383,NA,0,0,NA,NA,NA,NA,NA,NA,NA,0,70,0.052434456928838954,70,0.052434456928838954,0,NA,0,NA,3.3,3.3,0,90,0.06766917293233082,25,0,15,0,80,80,115,30,0.022556390977443608,0,0,0,NA,0,NA,0,NA,0,NA,0,NA,0,NA,0,NA,NA,NA,790,365,95,95,20,75,20,25,25,10,0,15,35,545,0.2744360902255639,0.07142857142857142,0.07142857142857142,0.015037593984962405,0.05639097744360902,0.015037593984962405,0.018796992481203006,0.018796992481203006,0.007518796992481203,0,0.011278195488721804,0.02631578947368421,0.40977443609022557,250,0.18726591760299627,1085,0.8127340823970037
ottawa_ons2022_stittsville_north_3108_00000_1_2_percent,1350,1350,1,0,0,0,0,0,0.037037037037037035,0.037037037037037035,0.022222222222222223,0.011111111111111112,0.007407407407407408,0,0.37777777777777777,0,0,0.03717472118959108,NA,0,0,NA,NA,NA,NA,NA,NA,NA,0,60,0.04460966542750929,60,0.04460966542750929,0,NA,0,NA,3.9,4.1,0,80,0.05925925925925926,30,15,10,0,50,50,50,35,0.026022304832713755,0,0,0,NA,0,NA,0,NA,0,NA,0,NA,0,NA,0,NA,NA,NA,510,130,65,85,0,90,10,40,0,10,15,0,50,840,0.0962962962962963,0.04814814814814815,0.06296296296296296,0,0.06666666666666667,0.007407407407407408,0.02962962962962963,0,0.007407407407407408,0.011111111111111112,0,0.037037037037037035,0.6222222222222222,280,0.2074074074074074,1065,0.7888888888888889
ottawa_ons2022_stonebridge_half_moon_bay_3109_00000_3_0_percent,2815,2815,1,0,0,0,0,0,0.04085257548845471,0.04440497335701599,0.015985790408525755,0.0053285968028419185,0.010657193605683837,0,0.61101243339254,0.007104795737122558,0.16,0.06394316163410302,NA,0,0,NA,NA,NA,NA,NA,NA,NA,20,220,0.07829181494661921,220,0.07829181494661921,0,NA,0,NA,3.8,4,0,210,0.07473309608540925,45,15,30,0,125,115,180,125,0.04440497335701599,35,0.012433392539964476,0,NA,0,NA,0,NA,0,NA,0,NA,0,NA,0,NA,NA,NA,1720,425,360,255,70,325,50,50,45,0,0,10,130,1095,0.15097690941385436,0.12788632326820604,0.0905861456483126,0.02486678507992895,0.11545293072824156,0.017761989342806393,0.017761989342806393,0.015985790408525755,0,0,0.003552397868561279,0.046181172291296625,0.38898756660746003,585,0.20818505338078291,2230,0.7935943060498221
ottawa_ons2022_tay_valley_3409_00000_8_9_percent,280,280,1,0,0,0,0,0,0,0,0,0,0,0,0,0,NA,0,NA,0,0,NA,NA,NA,NA,NA,NA,NA,0,0,0,0,0,0,NA,0,NA,3.8,3.6,0,20,0.07142857142857142,0,0,0,0,0,0,0,0,0,0,0,0,NA,0,NA,0,NA,0,NA,0,NA,0,NA,0,NA,NA,NA,0,0,0,0,0,0,0,0,0,0,0,0,0,275,0,0,0,0,0,0,0,0,0,0,0,0,0.9821428571428571,20,0.07142857142857142,260,0.9285714285714286
ottawa_ons2022_the_nation_la_nation_3608_00000_1_4_percent,1200,1200,1,0,0,0,0,0,0,0,0.04149377593360996,0.02074688796680498,0.016597510373443983,0,0.07883817427385892,0,NA,0,NA,0,0,NA,NA,NA,NA,NA,NA,NA,0,85,0.07053941908713693,85,0.07053941908713693,0,NA,0,NA,3.7,3.8,0,110,0.09166666666666666,50,25,20,0,0,0,0,765,0.6348547717842323,430,0.35684647302904565,0,NA,0,NA,0,NA,0,NA,0,NA,0,NA,0,NA,NA,NA,95,0,0,45,10,20,0,0,0,0,0,0,20,1110,0,0,0.03734439834024896,0.008298755186721992,0.016597510373443983,0,0,0,0,0,0,0.016597510373443983,0.921161825726141,1010,0.8381742738589212,190,0.15767634854771784
ottawa_ons2022_trend_arlington_3110_00000_2_8_percent,330,330,1,0,0,0,0,0,0.03076923076923077,0.03076923076923077,0,0,0,0,0.3384615384615385,0.030303030303030304,1,0.07692307692307693,NA,0,0,NA,NA,NA,NA,NA,NA,NA,10,0,0,0,0,0,NA,0,NA,4.1,4.5,0,20,0.06060606060606061,0,0,0,0,10,10,25,25,0.07692307692307693,0,0,0,NA,0,NA,0,NA,0,NA,0,NA,0,NA,0,NA,NA,NA,110,25,30,10,0,15,10,10,0,10,0,0,0,215,0.07692307692307693,0.09230769230769231,0.03076923076923077,0,0.046153846153846156,0.03076923076923077,0.03076923076923077,0,0.03076923076923077,0,0,0,0.6615384615384615,120,0.36923076923076925,210,0.6461538461538462
ottawa_ons2022_vanier_north_3111_00000_7_0_percent,605,605,1,0,0,0,0,0,0.04132231404958678,0.04132231404958678,0.08264462809917356,0.06611570247933884,0,0,0.4380165289256198,0.024793388429752067,0.6,0.03305785123966942,NA,0,0,NA,NA,NA,NA,NA,NA,NA,15,145,0.23770491803278687,145,0.23770491803278687,0,NA,0,NA,3.3,3.2,0,120,0.19834710743801653,50,40,0,0,25,25,20,185,0.30578512396694213,100,0.1652892561983471,0,NA,0,NA,0,NA,0,NA,0,NA,0,NA,0,NA,NA,NA,265,35,20,170,0,20,0,0,0,0,0,0,10,345,0.05785123966942149,0.03305785123966942,0.2809917355371901,0,0.03305785123966942,0,0,0,0,0,0,0.01652892561983471,0.5702479338842975,290,0.47540983606557374,315,0.5163934426229508
ottawa_ons2022_vanier_south_3112_00000_6_9_percent,325,325,1,0,0,0,0,0,0.2,0.2,0.06153846153846154,0.06153846153846154,0,0,0.5384615384615384,0.06153846153846154,0.3076923076923077,0.030303030303030304,NA,0,0,NA,NA,NA,NA,NA,NA,NA,20,95,0.2923076923076923,95,0.2923076923076923,0,NA,0,NA,3.6,4,0,90,0.27692307692307694,20,20,0,0,65,65,10,75,0.22727272727272727,75,0.22727272727272727,0,NA,0,NA,0,NA,0,NA,0,NA,0,NA,0,NA,NA,NA,175,15,10,130,0,15,0,0,0,0,0,0,0,155,0.046153846153846156,0.03076923076923077,0.4,0,0.046153846153846156,0,0,0,0,0,0,0,0.47692307692307695,145,0.4461538461538462,175,0.5384615384615384
ottawa_ons2022_vars_3113_00000_1_2_percent,180,180,1,0,0,0,0,0,0,0,0.08333333333333333,0.05555555555555555,0.05555555555555555,0,0,0,NA,0,NA,0,0,NA,NA,NA,NA,NA,NA,NA,0,0,0,0,0,0,NA,0,NA,3.7,3.5,0,10,0.05714285714285714,15,10,10,0,0,0,0,85,0.4722222222222222,55,0.3055555555555556,0,NA,0,NA,0,NA,0,NA,0,NA,0,NA,0,NA,NA,NA,0,0,0,0,0,0,0,0,0,0,0,0,0,180,0,0,0,0,0,0,0,0,0,0,0,0,1,140,0.7567567567567568,40,0.21621621621621623
ottawa_ons2022_waterridge_village_3114_00000_5_0_percent,235,235,1,0,0,0,0,0,0.0425531914893617,0.0425531914893617,0,0,0,0,0.6170212765957447,0.0425531914893617,1,0.041666666666666664,NA,0,0,NA,NA,NA,NA,NA,NA,NA,10,30,0.125,30,0.125,0,NA,0,NA,3.3,3.1,0,40,0.1702127659574468,0,0,0,0,10,10,10,60,0.25,40,0.16666666666666666,0,NA,0,NA,0,NA,0,NA,0,NA,0,NA,0,NA,NA,NA,145,30,10,60,0,20,0,0,0,0,0,0,25,95,0.1276595744680851,0.0425531914893617,0.2553191489361702,0,0.0851063829787234,0,0,0,0,0,0,0.10638297872340426,0.40425531914893614,150,0.625,85,0.3541666666666667
ottawa_ons2022_west_centretown_3115_00000_6_6_percent,495,495,1,0,0,0,0,0,0.030303030303030304,0.030303030303030304,0.04040404040404041,0,0,0.020202020202020204,0.30303030303030304,0,0,0.04040404040404041,NA,0,0,NA,NA,NA,NA,NA,NA,NA,0,125,0.25,125,0.25,0,NA,0,NA,3.3,3,0,80,0.16326530612244897,20,0,0,10,15,15,20,40,0.08080808080808081,0,0,0,NA,0,NA,0,NA,0,NA,0,NA,0,NA,0,NA,NA,NA,150,25,0,45,10,0,0,35,0,0,0,0,30,345,0.050505050505050504,0,0.09090909090909091,0.020202020202020204,0,0,0.0707070707070707,0,0,0,0,0.06060606060606061,0.696969696969697,130,0.26262626262626265,365,0.7373737373737373
ottawa_ons2022_westboro_3116_00000_4_2_percent,785,785,1,0,0,0,0,0,0.03821656050955414,0.03821656050955414,0.025477707006369428,0.012738853503184714,0.012738853503184714,0,0.25477707006369427,0.012738853503184714,0.3333333333333333,0.04487179487179487,NA,0,0,NA,NA,NA,NA,NA,NA,NA,10,75,0.09615384615384616,75,0.09615384615384616,0,NA,0,NA,3.6,3.6,0,105,0.1337579617834395,20,10,10,0,30,30,35,45,0.057692307692307696,15,0.019230769230769232,0,NA,0,NA,0,NA,0,NA,0,NA,0,NA,0,NA,NA,NA,200,45,75,25,0,20,0,0,10,0,10,0,10,580,0.05732484076433121,0.09554140127388536,0.03184713375796178,0,0.025477707006369428,0,0,0.012738853503184714,0,0.012738853503184714,0,0.012738853503184714,0.7388535031847133,185,0.2356687898089172,600,0.7643312101910829
ottawa_ons2022_whitehaven_woodpark_glabar_park_3117_00000_2_7_percent,615,615,1,0,0,0,0,0,0.016260162601626018,0.016260162601626018,0.016260162601626018,0,0.016260162601626018,0,0.3089430894308943,0,0,0.024390243902439025,NA,0,0,NA,NA,NA,NA,NA,NA,NA,0,40,0.06451612903225806,40,0.06451612903225806,0,NA,0,NA,3.9,4,0,70,0.11382113821138211,10,0,10,0,10,10,15,30,0.04878048780487805,0,0,0,NA,0,NA,0,NA,0,NA,0,NA,0,NA,0,NA,NA,NA,190,20,20,70,10,30,10,10,0,0,10,0,10,425,0.032520325203252036,0.032520325203252036,0.11382113821138211,0.016260162601626018,0.04878048780487805,0.016260162601626018,0.016260162601626018,0,0,0.016260162601626018,0,0.016260162601626018,0.6910569105691057,115,0.18699186991869918,500,0.8130081300813008
ottawa_ons2022_whitewater_region_3719_00000_3_1_percent,540,540,1,0,0,0,0,0,0,0,0.12037037037037036,0.07407407407407407,0.046296296296296294,0,0.027777777777777776,0,NA,0.027777777777777776,NA,0,0,NA,NA,NA,NA,NA,NA,NA,0,70,0.12962962962962962,70,0.12962962962962962,0,NA,0,NA,4,4.3,0,65,0.12264150943396226,65,40,25,0,0,0,15,10,0.018518518518518517,10,0.018518518518518517,0,NA,0,NA,0,NA,0,NA,0,NA,0,NA,0,NA,NA,NA,15,0,10,0,0,0,10,0,0,0,0,0,0,525,0,0.018518518518518517,0,0,0,0.018518518518518517,0,0,0,0,0,0,0.9722222222222222,50,0.09259259259259259,490,0.9074074074074074
