ONS_ID,food_convenience_num_region_plus_buffer,food_convenience_num_per_1000_res_plus_buffer,food_convenience_dist_closest_3_popwt,food_convenience_pct_within_15_mins,food_fastfood_num_region_plus_buffer,food_fastfood_num_per_1000_res_plus_buffer,food_fastfood_dist_closest_3_popwt,food_fastfood_pct_within_15_mins,food_grocery_num_region_plus_buffer,food_grocery_num_per_1000_res_plus_buffer,food_grocery_dist_closest_3_popwt,food_grocery_pct_within_15_mins,food_resto_num_region_plus_buffer,food_resto_num_per_1000_res_plus_buffer,food_resto_dist_closest_3_popwt,food_resto_pct_within_15_mins,food_specialty_num_region_plus_buffer,food_specialty_num_per_1000_res_plus_buffer,food_specialty_dist_closest_3_popwt,food_specialty_pct_within_15_mins,num_people_attached,num_people_uncertainly_attached,total_population_attachment,percent_attached,percent_uncertaintly_attached,crime_person_total,crime_property_total,crime_other_total,crime_total,crime_person_total_per_1000pop_plus_50m_buffer,crime_property_total_per_1000pop_plus_50m_buffer,crime_other_total_per_1000pop_plus_50m_buffer,crime_total_per_1000pop_plus_50m_buffer,walkscore_mean,walkscore_sd,bikescore_mean,bikescore_sd,unemployment_rate_15_years,percent_of_census_families_that_are_lone_parent,SQ_nohighschool,SQ_limat,SQ_coreneed,neg_medianmarketincome,Factor_scores,Rank_order,Deciles,Quintiles
VAR_ID,VAR100,VAR101,VAR102,VAR103,VAR104,VAR105,VAR106,VAR107,VAR108,VAR109,VAR110,VAR111,VAR112,VAR113,VAR114,VAR115,VAR116,VAR117,VAR118,VAR119,VAR120,VAR121,VAR122,VAR123,VAR124,VAR125,VAR126,VAR127,VAR128,VAR129,VAR130,VAR131,VAR132,VAR133,VAR134,VAR135,VAR136,VAR137,VAR138,VAR139,VAR140,VAR141,VAR142,VAR143,VAR144,VAR145,VAR146
type,Number,Number per 1000,Distance,Percent within distance,Number,Number per 1000,Distance,Percent within distance,Number,Number per 1000,Distance,Percent within distance,Number,Number per 1000,Distance,Percent within distance,Number,Number per 1000,Distance,Percent within distance,Number,Number,Number,Percent of pop,Percent of pop,Number,Number,Number,Number,Number per 1000,Number per 1000,Number per 1000,Number per 1000,Average,Standard deviation,Average,Standard deviation,Percent of labour force,Percent of census families,Square,Square,Square,Median,Index score,Index score,Index score,Index score
category,Food environment,Food environment,Food environment,Food environment,Food environment,Food environment,Food environment,Food environment,Food environment,Food environment,Food environment,Food environment,Food environment,Food environment,Food environment,Food environment,Food environment,Food environment,Food environment,Food environment,Primary care attachment,Primary care attachment,Primary care attachment,Primary care attachment,Primary care attachment,Crime and safety,Crime and safety,Crime and safety,Crime and safety,Crime and safety,Crime and safety,Crime and safety,Crime and safety,Transportation,Transportation,Transportation,Transportation,SES index,SES index,SES index,SES index,SES index,SES index,SES index,SES index,SES index,SES index
0,359,0.353,1.642,0.771,1549,1.522,1.265,0.812,129,0.127,2.606,0.543,1071,1.053,1.41,0.753,289,0.284,2.359,0.554,892197,165362,1057559,84.4,15.6,7627,29132,6201,42960,7.496154621,28.64205297,6.094618435,42.23282602,NA,NA,NA,NA,NA,NA,NA,NA,NA,NA,NA,NA,NA,NA
3001,2,6.349,1.55,0.616,14,44.444,1.579,0.616,1,3.175,2.937,0,8,25.397,2.189,0,0,0,3.96,0,NA,NA,NA,NA,NA,13,70,18,101,44.44444444,234.9206349,57.14285714,336.5079365,12.765625,11.65202099,57.4375,12.51903313,0.068965517,0.19047619,0.395284708,0.347404167,0.426401433,NA37600,0.742889574,84,8,4
3002,3,0.386,1.205,0.723,26,3.348,0.866,0.798,1,0.129,1.415,0.559,10,1.288,1.233,0.55,5,0.644,1.102,0.721,6517,1034,7551,86.3,13.7,49,184,10,243,8.886027044,28.46104314,1.93174501,39.2788152,36.78,21.86255505,77.97,7.644176499,0.085882353,0.100656455,0.184057162,0.223966006,0.216748393,NA59600,NA1.0282683,14,2,1
3003,7,0.488,0.815,0.999,39,2.72,0.536,1,0,0,2.349,0.178,5,0.349,0.931,0.993,10,0.697,0.667,1,12603,3598,16201,77.8,22.2,110,302,37,449,8.647140865,23.43096234,2.928870293,35.0069735,35.54,6.815638583,80.01,5.744553855,0.162568306,0.273239437,0.355150607,0.420034907,0.490704245,NA30000,1.98636797,104,10,5
3004,5,0.646,1.146,0.992,27,3.486,0.568,1,1,0.129,1.334,0.948,7,0.904,0.762,1,1,0.129,1.657,0.644,6644,1663,8307,80,20,95,386,48,529,12.65332473,50.6132989,6.455777921,69.72240155,51.56,4.669522935,65.4,9.428090416,0.114249037,0.225247525,0.333945516,0.335168111,0.401419283,NA37200,0.948733457,89,9,5
3005,2,0.299,1.307,0.95,1,0.15,1.107,0.991,0,0,2.318,0.424,2,0.299,1.028,0.98,1,0.15,1.631,0.74,6329,1125,7454,84.9,15.1,21,77,9,107,3.293413174,11.9760479,1.347305389,16.61676647,28.96,8.199433338,72.47,3.822989998,0.104105572,0.209476309,0.210974846,0.291326018,0.332411248,NA42400,0.199313955,69,7,4
3006,1,NA,NA,NA,3,NA,NA,NA,0,NA,NA,NA,4,NA,NA,NA,1,NA,NA,NA,NA,NA,NA,NA,NA,NA,NA,NA,NA,0,0,0,0,63.4,10.20021786,78.5,9.501461876,NA,NA,NA,NA,NA,NA,NA,NA,NA,NA
3007,6,1.149,0.854,0.924,15,2.874,0.777,0.939,2,0.383,1.655,0.593,16,3.065,0.793,0.953,5,0.958,0.98,0.901,4418,715,5133,86.1,13.9,27,190,16,233,6.130268199,38.69731801,3.0651341,47.89272031,33.79,13.47672517,54.11,10.44842553,0.105860113,0.155932203,0.280632462,0.240831892,0.279640934,NA42400,0.001377898,62,6,3
3008,2,0.462,1.297,0.839,9,2.079,0.744,0.94,1,0.231,1.857,1,6,1.386,0.875,0.928,1,0.231,1.39,0.384,3950,789,4739,83.4,16.6,32,79,12,123,8.083140878,18.93764434,2.771362587,29.79214781,26.12,6.569411824,58.08,6.275944132,0.100840336,0.299145299,0.330868077,0.319822454,0.368932394,NA41600,0.888461425,87,8,4
3009,7,1.154,0.687,1,37,6.101,0.504,1,4,0.66,0.922,0.966,13,2.143,0.593,1,8,1.319,0.688,1,4456,1220,5676,78.5,21.5,86,294,24,404,19.45589448,91.34377576,6.760098928,117.5597692,57.27,14.04671499,85.45,7.252133089,0.12808642,0.249056604,0.296174439,0.480452654,0.433766423,NA31600,1.515164473,99,10,5
3010,2,0.242,1.537,0.931,5,0.606,0.774,0.939,1,0.121,3.174,0.839,2,0.242,1.651,0.939,1,0.121,2.682,0.838,6568,790,7358,89.3,10.7,38,121,8,167,8.721986675,15.50575409,6.420351302,30.64809207,33.32,7.175829238,51.35,7.042977733,0.093107618,0.188679245,0.283278862,0.261549154,0.31723647,NA45600,0.077767377,66,7,4
3011,6,0.657,1.069,1,7,0.767,0.85,0.977,2,0.219,1.527,0.872,3,0.329,1.255,0.951,1,0.11,1.774,0.302,8253,1489,9742,84.7,15.3,43,109,10,162,5.47645126,18.83899233,1.533406353,25.84884995,49.8,12.77861218,65.26,10.3217139,0.120080727,0.203921569,0.314673812,0.28031967,0.32239263,NA40400,0.539086514,76,7,4
3012,3,0.351,1.05,0.984,10,1.17,0.779,0.984,2,0.234,1.153,0.71,5,0.585,0.954,0.761,1,0.117,1.313,0.47,6935,1215,8150,85.1,14.9,34,94,10,138,8.771929825,25.61403509,1.637426901,36.02339181,26.23,9.332094074,70.01,13.43934748,0.105660377,0.154347826,0.212397698,0.297345984,0.338985369,NA42800,0.06575177,65,6,3
3013,2,0.22,1.091,0.989,5,0.55,0.746,0.984,0,0,1.458,0.717,2,0.22,0.933,0.872,0,0,1.274,0.581,7426,1543,8969,82.8,17.2,36,683,13,732,5.173362686,81.34287287,1.651073198,88.16730875,24.41,11.71211494,79.15,6.851048729,0.11663286,0.158995816,0.274898814,0.270149036,0.36765555,NA40000,0.359318153,72,7,4
3014,3,0.116,1.54,0.901,7,0.271,1.337,0.808,2,0.077,1.723,0.494,5,0.194,1.335,0.529,0,0,2.766,0.043,24207,3557,27764,87.2,12.8,72,203,17,292,2.942884802,7.976766699,0.696999032,11.61665053,18.45,7.743847346,60.3,14.52305725,0.089527027,0.121352785,0.191904131,0.213821992,0.224364361,NA54800,NA0.837215063,26,3,2
3015,10,1.167,0.669,1,18,2.1,0.426,1,2,0.233,1.15,0.899,9,1.05,0.63,1,5,0.583,0.693,1,7892,1893,9785,80.7,19.3,104,261,32,397,15.05250875,35.70595099,4.317386231,55.07584597,27.77,10.76456495,84.47,7.171006438,0.138095238,0.245192308,0.339557557,0.413773526,0.48507125,NA34800,1.576018802,100,10,5
3016,5,0.322,1.347,0.565,22,1.417,0.875,0.945,2,0.129,3.392,0.498,22,1.417,0.868,0.959,3,0.193,2.795,0.366,14867,2460,17327,85.8,14.2,58,220,13,291,3.735909823,14.29951691,0.901771337,18.93719807,19.53,9.774689021,66.58,11.32011707,0.092495637,0.138211382,0.146341463,0.230192727,0.246372865,NA52000,NA0.742477371,31,3,2
3017,2,0.154,1.975,0.736,8,0.615,0.985,0.919,0,0,2.62,0.468,2,0.154,1.323,0.857,1,0.077,2.745,0.33,11976,1533,13509,88.7,11.3,40,128,16,184,3.458877786,11.60645657,1.614142967,16.67947733,29.6,13.73265665,65.69,14.79809911,0.080591001,0.151271754,0.207701777,0.148579642,0.206631627,NA57200,NA0.994969854,15,2,1
3018,4,0.485,0.781,1,9,1.091,0.528,1,2,0.242,1.451,0.865,8,0.97,0.525,1,4,0.485,0.812,0.95,7253,1765,9018,80.4,19.6,45,153,14,212,6.545454545,20.84848485,1.696969697,29.09090909,26.23,5.383954838,79.43,12.45213462,0.134962806,0.21025641,0.299676201,0.363247418,0.392939123,NA32800,1.093565128,94,9,5
3019,1,100,NA,NA,30,3000,NA,NA,0,0,NA,NA,5,500,NA,NA,0,0,NA,NA,NA,NA,NA,NA,NA,26,93,6,125,2800,9800,600,13200,26.16666667,6.585337248,86.5,4.324349662,NA,NA,NA,NA,NA,NA,NA,NA,NA,NA
3020,10,0.622,0.673,1,23,1.43,0.612,0.995,2,0.124,1.334,0.956,16,0.995,0.793,1,2,0.124,1.417,0.786,13924,3834,17758,78.4,21.6,199,621,80,900,12.86913273,41.59154492,5.035747591,59.49642524,48.08,10.20861193,87.76,6.190771888,0.129032258,0.249047014,0.339931054,0.430771073,0.447375718,NA38000,1.425578361,98,9,5
3021,3,0.468,5.9,0.202,8,1.247,4.143,0.243,0,0,10.586,0.003,4,0.624,4.07,0.321,3,0.468,4.477,0.259,6393,666,7059,90.6,9.4,19,88,1,108,3.585346843,15.58846454,0.467653936,19.64146532,5.36,10.13496797,29.84,5.792227464,0.074285714,0.083116883,0.162852881,0.210235332,0.219214324,NA56800,NA1.186303037,6,1,1
3022,3,0.282,0.997,0.913,22,2.069,0.594,1,2,0.188,1.59,0.49,12,1.128,0.714,1,1,0.094,1.628,0.637,9090,1750,10840,83.9,16.1,71,677,35,783,8.932769158,83.2157969,6.299952985,98.44851904,24.84,8.660510634,71.75,8.789772523,0.102294455,0.234042553,0.289068157,0.339573376,0.36727931,NA40000,0.670713537,81,8,4
3023,2,0.216,1.17,0.88,16,1.728,0.732,1,0,0,2.629,0.08,5,0.54,0.863,1,0,0,1.81,0.271,8406,1577,9983,84.2,15.8,25,101,6,132,6.155507559,72.57019438,1.61987041,80.34557235,21.68,8.223985615,77.97,6.633942412,0.117179742,0.164092664,0.195608456,0.263045151,0.29361011,NA50400,NA0.174270444,56,6,3
3024,24,0.753,0.332,1,212,6.648,0.228,1,4,0.125,0.681,1,143,4.484,0.212,1,15,0.47,0.46,1,22705,7014,29719,76.4,23.6,748,2465,3235,6448,25.14894951,85.85763562,103.323926,214.3305111,68.97,10.99536633,95.07,5.420229597,0.100361664,0.111710324,0.213524484,0.396894835,0.396709895,NA52800,0.047212167,64,6,3
3025,4,0.339,1.257,0.8,14,1.188,1.101,0.845,0,0,2.073,0.472,11,0.933,1.312,0.498,3,0.255,1.452,0.735,11147,1591,12738,87.5,12.5,33,138,9,180,3.139584217,15.10394569,0.933389902,19.17691981,47.68,13.66177296,50,7.495453167,0.09535865,0.158485273,0.219119248,0.227799938,0.225798442,NA51600,NA0.52420222,39,4,2
3026,2,0.139,2.773,0.25,19,1.317,2.383,0.38,2,0.139,3.356,0.018,6,0.416,2.66,0.074,5,0.347,2.836,0.074,12141,1363,13504,89.9,10.1,43,206,10,259,3.882149047,16.70710572,0.831889081,21.42114385,21.34,14.23555089,43.03,7.318794127,0.077890953,0.130277443,0.185231389,0.188284454,0.206659946,NA57600,NA1.052540935,13,2,1
3027,2,0.166,1.496,0.737,6,0.497,0.8,0.946,1,0.083,1.329,0.844,3,0.248,0.888,0.891,3,0.248,1.068,0.788,13227,2582,15809,83.7,16.3,44,133,8,185,4.140786749,12.50517598,0.745341615,17.39130435,49.34,17.28385713,56.09,13.74449017,0.109225092,0.13740458,0.235790787,0.254468266,0.305564098,NA44000,NA0.087592744,58,6,3
3028,6,0.903,1.012,1,44,6.622,0.573,1,1,0.15,1.42,0.635,17,2.558,0.713,1,9,1.354,1.071,0.949,4899,1297,6196,79.1,20.9,58,297,20,375,11.88863807,132.4303988,4.514672686,148.8337096,37.84,11.7874441,69.66,5.676853589,0.09686221,0.184931507,0.279508497,0.349049342,0.361290705,NA33200,0.597875848,80,8,4
3029,1,0.174,0.949,1,5,0.868,0.539,1,0,0,1.585,0.377,1,0.174,0.648,1,2,0.347,0.704,0.985,5730,1162,6892,83.1,16.9,81,150,16,247,14.75694444,29.16666667,2.951388889,46.875,51.62,6.936625093,88.23,10.45708401,0.0859375,0.091205212,0.133198857,0.296466485,0.285938816,NA69500,NA1.068533335,11,2,1
3030,5,250,NA,NA,31,1550,NA,NA,0,0,NA,NA,19,950,NA,NA,1,50,NA,NA,NA,NA,NA,NA,NA,17,147,3,167,1500,11250,400,13150,20.48314607,9.476181096,62.6741573,6.980126466,NA,NA,NA,NA,NA,NA,NA,NA,NA,NA
3031,2,0.873,3.231,0.491,2,0.873,2.144,0.491,0,0,19.841,0,1,0.437,5.598,0.113,1,0.437,15.119,0.375,2240,226,2466,90.8,9.2,11,22,2,35,5.240174672,10.04366812,0.873362445,16.15720524,6.19,6.140929091,36.46,3.814962568,0.138339921,0.165413534,0.34099717,0.289984326,0.315398858,NA49200,0.455463293,74,7,4
3032,5,0.339,1.14,0.793,22,1.49,0.715,1,1,0.068,1.58,0.792,15,1.016,1.344,0.635,1,0.068,1.814,0.378,13297,1762,15059,88.3,11.7,66,257,16,339,5.010155721,18.82193636,1.218686527,25.05077861,37.6,17.85180295,61.3,9.633170807,0.103641457,0.17114094,0.236112534,0.203271849,0.296531675,NA48000,NA0.22962755,50,5,3
3033,0,0,9.273,0.011,0,0,9.016,0.011,0,0,13.429,0,0,0,9.487,0,0,0,10.165,0,3672,364,4036,91,9,19,28,5,52,4.98687664,7.874015748,1.312335958,14.17322835,0.24,0.780054388,28.52,3.998686653,0.057777778,0.090909091,0.173271737,0.184235064,0.2,NA56000,NA1.334063819,4,1,1
3034,2,0.228,1.193,0.903,3,0.342,0.971,0.903,0,0,2.859,0.197,2,0.228,1.268,0.539,1,0.114,1.615,0.236,7998,1448,9446,84.7,15.3,37,116,28,181,4.908675799,14.38356164,3.196347032,22.48858447,21.04,9.254995921,74.05,5.303657972,0.1140553,0.201284797,0.325669474,0.318681647,0.347728389,NA38800,0.680416235,82,8,4
3035,4,0.482,1.315,0.9,23,2.769,0.928,1,3,0.361,1.518,0.594,10,1.204,1.197,0.649,0,0,2.132,0.147,7840,1539,9379,83.6,16.4,66,276,15,357,7.947019868,33.59422035,1.806140879,43.3473811,24.71,11.52625023,74.18,5.836804162,0.120670391,0.165116279,0.287528619,0.239586754,0.292848968,NA37600,0.264542829,70,7,4
3036,1,0.254,1.704,0.848,0,0,1.745,0.126,0,0,3.8,0.084,3,0.761,0.951,0.932,0,0,2.186,0.084,3697,572,4269,86.6,13.4,10,36,3,49,2.791878173,10.15228426,0.76142132,13.70558376,10.48,4.69790411,63.72,8.084253306,0.083969466,0.111111111,0.232495277,0.207063173,0.250784931,NA56400,NA0.800890055,29,3,2
3037,1,0.217,3.329,0.109,1,0.217,3.047,0.109,0,0,4.427,0.021,1,0.217,3.238,0.114,1,0.217,3.888,0.089,4424,419,4843,91.3,8.7,18,30,6,54,4.130434783,8.47826087,1.304347826,13.91304348,2.13,3.883804757,22.89,6.898828769,0.062240664,0.101754386,0.235200232,0.175062823,0.196116135,NA54800,NA1.125356845,8,1,1
3038,2,0.354,6.458,0.133,0,0,7.036,0.041,0,0,11.057,0.02,3,0.531,5.148,0.154,0,0,11.438,0,5146,580,5726,89.9,10.1,18,50,2,70,3.183023873,9.549071618,0.530503979,13.26259947,1.66,4.981217246,28.81,6.311277384,0.073051948,0.045584046,0.190850311,0.144337567,0.195615199,NA54400,NA1.387068916,3,1,1
3039,2,0.656,5.496,0.034,2,0.656,5.596,0.092,0,0,9.692,0,4,1.311,5.62,0.103,0,0,9.825,0.002,2313,396,2709,85.4,14.6,13,67,4,84,5.901639344,28.85245902,1.639344262,36.39344262,0.74,3.955867653,26.62,2.377419023,0.074074074,0.145945946,0.364046866,0.221516081,0.269535847,NA45200,NA0.166170496,57,6,3
3040,5,0.613,0.833,0.962,12,1.471,0.694,0.972,2,0.245,1.453,0.678,3,0.368,1.004,0.962,1,0.123,1.267,0.927,7450,1456,8906,83.7,16.3,44,151,25,220,11.15879828,43.16370325,6.376456162,60.69895769,36.74,16.32598474,74.68,4.890477244,0.117714286,0.176972281,0.268891351,0.288410173,0.375823014,NA43200,0.40271345,73,7,4
3041,5,0.862,0.694,1,14,2.414,0.748,0.96,2,0.345,1.117,0.77,3,0.517,0.803,0.986,6,1.034,1.019,0.735,5215,1286,6501,80.2,19.8,48,182,10,240,8.965517241,33.62068966,2.068965517,44.65517241,56.08,12.33593748,72.16,10.45502151,0.134146341,0.20979021,0.397478588,0.460566186,0.530907473,NA27400,1.915543532,102,10,5
3042,0,0,NA,NA,3,300,NA,NA,0,0,NA,NA,0,0,NA,NA,1,100,NA,NA,NA,NA,NA,NA,NA,4,18,NA,NA,5400,8100,1500,15000,31.75,9.305912099,83.5,9.605553949,NA,NA,NA,NA,NA,NA,NA,NA,NA,NA
3043,5,0.278,1.404,0.704,20,1.11,0.968,0.867,1,0.056,1.968,0.426,5,0.278,1.149,0.87,1,0.056,1.8,0.384,20948,2681,23629,88.7,11.3,68,196,15,279,4.05330372,11.54913937,0.888395336,16.49083842,31.79,8.204821199,61.87,11.73585975,0.078629032,0.143904675,0.204845252,0.174655989,0.21295053,NA53600,NA0.900262075,21,2,1
3044,5,0.35,1.423,0.613,10,0.7,1.199,0.719,1,0.07,4.235,0.564,4,0.28,1.4,0.603,0,0,6.469,0,11004,1624,12628,87.1,12.9,57,242,16,315,4.06162465,17.57703081,1.120448179,22.75910364,30.13,17.66732703,39.68,6.141233384,0.109855618,0.134564644,0.256872233,0.247175051,0.296585507,NA52000,NA0.225901212,52,5,3
3045,6,1.323,1.104,0.911,27,5.954,0.72,1,5,1.103,1.138,0.673,20,4.41,0.749,1,2,0.441,1.192,0.905,3585,789,4374,82,18,29,203,12,244,13.00992282,75.41345094,3.74862183,92.17199559,38.49,8.053476569,68.89,5.58116421,0.078431373,0.146443515,0.264906471,0.324072262,0.332833957,NA45200,NA0.022041424,60,6,3
3046,1,0.255,7.852,0.218,1,0.255,7.521,0.23,0,0,19.633,0.012,0,0,10.233,0.012,0,0,15.034,0.006,3306,303,3609,91.6,8.4,17,44,4,65,5.612244898,13.26530612,1.275510204,20.15306122,2.23,4.739379408,30.47,8.318720521,0.075688073,0.103846154,0.263218663,0.226810297,0.286769667,NA47200,NA0.517415395,40,4,2
3047,6,0.442,0.63,1,22,1.622,0.415,1,4,0.295,0.791,0.911,44,3.244,0.39,1,9,0.663,0.618,1,11341,2300,13641,83.1,16.9,121,741,141,1003,8.993733874,55.14190933,10.46811648,74.60375968,48.85,8.91415286,94.98,5.590359668,0.098075729,0.112554113,0.149643851,0.276091317,0.308109748,NA59200,NA0.684135782,34,4,2
3048,8,0.638,1.504,0.645,36,2.871,0.842,0.925,5,0.399,1.166,0.86,17,1.356,0.86,0.966,8,0.638,1.37,0.822,13100,1958,15058,87,13,84,232,16,332,7.256778309,20.33492823,1.275917065,28.8676236,32.71,14.56666667,72.28,7.098271236,0.096183206,0.171703297,0.229913562,0.242288316,0.257216875,NA44800,NA0.228916765,51,5,3
3049,5,0.471,3.929,0.174,2,0.189,5.014,0.151,1,0.094,8.113,0.101,6,0.566,3.339,0.239,0,0,11.52,0,10089,1001,11090,91,9,32,159,7,198,3.204524034,15.83411876,0.754005655,19.79264844,11.9,11.50010979,35.15,7.217228266,0.08034188,0.089783282,0.250435161,0.183524425,0.184637236,NA58000,NA1.062521782,12,2,1
3050,4,3.433,0.963,0.77,9,7.725,0.815,0.844,0,0,2.434,0.364,5,4.292,1.167,0.709,0,0,2.003,0.271,NA,NA,NA,NA,NA,43,61,67,171,57.51072961,174.248927,60.08583691,291.8454936,10.08,11.67374677,31.98,8.337550448,0.142857143,0,0.492365964,0.451335467,0,NA16600,0.685287171,83,8,4
3051,2,12.5,2.763,0,6,37.5,2.655,0,1,6.25,3.45,0,0,0,2.548,0,0,0,2.632,0,NA,NA,NA,NA,NA,18,85,6,109,162.5,681.25,43.75,887.5,11.51,14.85110954,45.06,13.34606967,NA,NA,NA,NA,NA,NA,NA,NA,NA,NA
3052,1,0.162,0.945,1,2,0.324,0.811,1,0,0,2.301,0,0,0,1.601,0.772,0,0,1.776,0.581,6141,1164,7305,84.1,15.9,28,53,6,87,7.455429498,15.88330632,2.106969206,25.44570502,49.34,5.187825687,76,2.486326242,0.113154173,0.211940299,0.290944142,0.324442842,0.332181919,NA42000,0.543186886,77,8,4
3053,1,0.18,0.946,1,3,0.539,0.743,1,0,0,1.3,0.646,1,0.18,1.123,0.911,0,0,1.316,0.558,5043,952,5995,84.1,15.9,36,73,12,121,7.719928187,14.18312388,2.333931777,24.23698384,53.98,9.294268898,80.05,2.938339392,0.127659574,0.292207792,0.305579135,0.320697129,0.329434564,NA36400,1.015460072,93,9,5
3054,2,0.294,0.866,0.99,11,1.618,0.569,1,0,0,1.443,0.879,3,0.441,0.957,0.993,1,0.147,1.34,0.831,5455,1741,7196,75.8,24.2,83,371,37,491,12.20588235,56.02941176,5.441176471,73.67647059,62.04,5.801288606,71.66,5.152659409,0.135135135,0.253125,0.408512273,0.418528729,0.468242818,NA32400,1.767701116,101,10,5
3055,6,0.547,0.457,1,32,2.918,0.263,1,1,0.091,1.017,1,27,2.462,0.399,1,14,1.277,0.4,1,8275,2077,10352,79.9,20.1,101,640,58,799,10.12311902,60.37391701,5.380756954,75.87779298,66.96,6.424259577,95.73,5.169559308,0.090391459,0.157587549,0.213950106,0.365786186,0.391662697,NA56000,NA0.021658393,61,6,3
3056,3,0.353,0.985,0.981,3,0.353,0.942,0.994,0,0,3.465,0.001,1,0.118,1.699,0.718,1,0.118,1.353,0.973,9146,1817,10963,83.4,16.6,46,133,13,192,5.526161082,17.04879483,1.646090535,24.22104644,36.73,9.658674857,70.12,6.388563013,0.14,0.255813953,0.305166161,0.316041914,0.343592135,NA39600,0.949071327,90,9,5
3057,6,120,NA,NA,19,380,NA,NA,0,0,NA,NA,10,200,NA,NA,4,80,NA,NA,NA,NA,NA,NA,NA,42,108,67,217,1100,3680,1480,6260,38.92753623,13.3673426,54.63768116,12.65837437,NA,NA,NA,NA,NA,NA,NA,NA,NA,NA
3058,5,0.848,0.864,1,17,2.884,0.521,1,0,0,2.408,0.192,6,1.018,0.759,1,4,0.679,0.925,1,5183,1328,6511,79.6,20.4,57,176,12,245,10.51738762,30.02544529,2.374893978,42.91772689,33.26,5.114092236,74.14,9.982833751,0.132440476,0.211805556,0.27933041,0.323371953,0.389168707,NA36400,0.868611416,86,8,4
3059,2,0.364,0.936,0.881,17,3.097,0.51,1,2,0.364,0.729,1,25,4.554,0.442,1,9,1.639,0.514,1,5288,740,6028,87.7,12.3,21,135,5,161,6.193078324,29.69034608,1.092896175,36.97632058,57.09,15.56809415,98.16,2.695750491,0.066884176,0.051612903,0.136891755,0.163037168,0.242261728,NA72000,NA1.740169007,2,1,1
3060,4,0.201,1.781,0.432,31,1.554,1.182,0.683,2,0.1,2.299,0.313,20,1.003,1.641,0.309,7,0.351,1.96,0.363,18308,2960,21268,86.1,13.9,65,396,21,482,3.309100025,20.25570318,1.052895463,24.61769867,22.39,8.743130059,61.4,9.576908255,0.098187311,0.098765432,0.144447707,0.259427704,0.252914778,NA56000,NA0.824846829,27,3,2
3061,6,0.524,1.059,0.819,20,1.748,0.876,0.99,4,0.35,1.157,0.948,11,0.962,0.92,0.961,7,0.612,1.254,0.524,10405,1727,12132,85.8,14.2,61,207,25,293,5.332167832,19.05594406,2.272727273,26.66083916,38.84,9.44919429,72.77,7.857126984,0.101160862,0.1634757,0.238503164,0.218119925,0.276208399,NA47200,NA0.257892866,48,5,3
3062,1,0.376,8.613,0.04,0,0,10.476,0,0,0,17.857,0,0,0,10.242,0.018,1,0.376,8.875,0.005,2464,223,2687,91.7,8.3,6,13,1,20,2.631578947,7.142857143,0.37593985,10.15037594,0.6,2.160246899,29.12,5.182098167,0.061728395,0.068322981,0.253784908,0.240266767,0.223606798,NA48800,NA0.873984426,24,3,2
3063,4,0.35,0.928,0.936,37,3.24,0.558,1,2,0.175,1.194,0.92,23,2.014,0.623,1,11,0.963,0.753,0.994,9768,1643,11411,85.6,14.4,52,229,16,297,6.042031524,27.05779335,2.189141856,35.28896673,45.73,9.210068053,84,9.047573479,0.099130435,0.153354633,0.18281489,0.262642856,0.369208923,NA54400,NA0.288680029,47,5,3
3064,0,0,NA,NA,1,9.091,NA,NA,0,0,NA,NA,1,9.091,NA,NA,0,0,NA,NA,NA,NA,NA,NA,NA,13,23,10,46,163.6363636,272.7272727,109.0909091,545.4545455,49.33333333,4.618802154,94,1,NA,NA,NA,NA,NA,NA,NA,NA,NA,NA
3065,5,0.356,0.831,1,22,1.566,0.549,1,3,0.214,1.086,0.909,17,1.21,0.554,1,4,0.285,0.83,1,12457,4170,16627,74.9,25.1,167,498,63,728,13.1007476,37.73584906,4.699181203,55.53577786,39.86,6.483888346,75.82,12.1442342,0.15436747,0.347893916,0.449786855,0.488072009,0.527982198,NA25200,2.697783099,108,10,5
3066,0,0,1.432,0.332,0,0,0.967,1,0,0,2.806,0,1,0.314,1.215,1,0,0,1.83,0.104,2802,532,3334,84,16,10,40,3,53,4.081632653,13.81475667,1.25588697,19.1522763,22.5,8.054412655,65.47727273,2.284265383,0.110429448,0.219512195,0.173032135,0.248281767,0.310892707,NA42800,0.037447963,63,6,3
3067,6,0.871,0.462,1,12,1.743,0.345,1,1,0.145,0.88,1,14,2.033,0.323,1,1,0.145,0.853,1,4551,1440,5991,76,24,138,945,257,1340,37.76325345,162.2367466,42.41103849,242.4110385,71.44,8.996430268,95.56,4.477372967,0.143518519,0.316901408,0.352810891,0.517255821,0.455301296,NA33200,2.059473384,105,10,5
3068,9,1.515,0.308,1,61,10.269,0.214,1,4,0.673,0.629,1,91,15.32,0.233,1,21,3.535,0.451,1,5275,2023,7298,72.3,27.7,571,1258,262,2091,96.63299663,211.952862,44.10774411,352.6936027,58.43,9.086848083,95.31,2.140022656,0.114285714,0.131687243,0.202673351,0.403419066,0.395644985,NA52400,0.199005119,68,7,4
3069,5,0.62,0.686,1,10,1.241,0.515,1,1,0.124,1.336,0.627,5,0.62,0.554,1,1,0.124,1.159,1,7314,1699,9013,81.1,18.9,67,158,15,240,8.684863524,20.5955335,1.985111663,31.26550868,58.38,14.13054575,85.56,5.893533522,0.115869018,0.217977528,0.312613616,0.409248901,0.413125982,NA41600,0.988923468,91,9,5
3070,3,0.287,4.01,0.281,10,0.957,2.841,0.259,1,0.096,6.069,0.117,17,1.628,2.772,0.237,4,0.383,3.625,0.21,10129,1066,11195,90.5,9.5,41,129,3,173,4.308281474,13.88224031,0.382958353,18.57348013,17.69,22.96360537,32.89,8.132606773,0.101382488,0.078220859,0.179869234,0.207152714,0.197164892,NA60000,NA1.081020819,10,1,1
3071,0,0,11.811,0,0,0,9.22,0,0,0,14.485,0,1,0.428,9.449,0.006,0,0,13.376,0,2358,222,2580,91.4,8.6,8,20,2,30,3.854389722,9.850107066,0.856531049,14.56102784,0.19,0.939535669,26.14,1.231079021,0.0859375,0.127659574,0.25607376,0.235440805,0.263025455,NA49200,NA0.45733028,42,4,2
3072,0,0,1.571,0.395,1,0.33,1.309,0.692,0,0,3.194,0,0,0,1.877,0.277,0,0,3.629,0,2492,277,2769,90,10,6,28,1,35,2.310231023,9.240924092,0.330033003,11.88118812,24.51,10.31571812,52.18,9.049114025,0.078767123,0.102150538,0.202595104,0.17945303,0.220618599,NA62000,NA1.163756954,7,1,1
3073,1,0.173,7.712,0.23,3,0.519,5.043,0.238,0,0,11.563,0,2,0.346,6.117,0.23,0,0,17.427,0,5959,527,6486,91.9,8.1,19,59,4,82,3.45721694,10.71737252,0.691443388,14.86603284,4.52,8.542797782,28.78,5.589636876,0.064122137,0.096685083,0.268488155,0.218870262,0.225493808,NA54400,NA0.884504683,23,3,2
3075,0,0,12.066,0,0,0,10.519,0.001,0,0,14.047,0,1,0.257,7.953,0.299,0,0,12.091,0,4229,388,4617,91.6,8.4,11,38,3,52,3.603603604,10.2960103,0.772200772,14.67181467,1.41,2.771044364,26.2,2.188122206,0.068396226,0.076612903,0.240481445,0.208647863,0.233126202,NA49200,NA0.891627889,22,3,2
3074,3,0.348,4.196,0.409,10,1.161,1.969,0.497,2,0.232,6.874,0.202,7,0.813,2.152,0.454,2,0.232,4.06,0.331,9342,881,10223,91.4,8.6,50,107,6,163,6.155632985,14.4018583,0.696864111,21.2543554,8.29,11.65262792,33.24,10.12359979,0.077419355,0.097465887,0.232028754,0.187977895,0.239535069,NA52000,NA0.870643186,25,3,2
3076,2,0.655,6.336,0.291,1,0.327,7.077,0.215,0,0,10.453,0,2,0.655,5.737,0.216,0,0,9.978,0,3354,313,3667,91.5,8.5,14,34,NA,NA,4.909983633,11.45662848,0,NA,4.46,6.339582244,33.85,8.959363929,0.065625,0.071428571,0.292306411,0.262062429,0.29207543,NA49600,NA0.573548397,36,4,2
3077,2,0.356,0.69,1,11,1.959,0.442,1,0,0,1.413,0.967,8,1.425,0.527,1,2,0.356,0.999,0.893,4995,1094,6089,82,18,24,186,11,221,5.520926091,65.89492431,13.35707925,84.77292965,58.97,15.28150331,90.72,6.567566467,0.078671329,0.142857143,0.134717558,0.266500895,0.299155751,NA68000,NA0.970203497,18,2,1
3078,1,0.203,7.999,0.097,3,0.609,3.966,0.13,0,0,11.887,0,1,0.203,6.763,0.071,0,0,11.115,0,4681,376,5057,92.6,7.4,16,65,2,83,3.245436105,13.59026369,0.405679513,17.24137931,6.92,9.758373767,32.29,7.295072365,0.072332731,0.091503268,0.215665546,0.176068169,0.234335859,NA50000,NA0.962744408,19,2,1
3079,9,0.373,0.908,1,20,0.83,0.71,1,1,0.041,1.588,0.648,22,0.913,0.732,1,6,0.249,1.385,0.498,22039,3565,25604,86.1,13.9,96,297,21,414,4.480398258,13.98050197,0.954158888,19.41505912,53.99,8.43572849,75.1,4.981785003,0.107220217,0.183763838,0.239994948,0.243272547,0.284422361,NA45200,NA0.04100863,59,6,3
3080,5,0.224,1.26,0.925,19,0.851,0.975,0.8,1,0.045,2.18,0.268,19,0.851,0.961,0.909,2,0.09,1.654,0.517,16843,2379,19222,87.6,12.4,83,284,20,387,3.987455197,13.84408602,0.896057348,18.72759857,26.76,15.03472076,67.98,14.00359261,0.10584389,0.136192626,0.216773918,0.224030367,0.227258055,NA50000,NA0.498653691,41,4,2
3081,5,0.301,1.214,0.955,11,0.661,0.864,0.964,1,0.06,2.001,0.473,10,0.601,0.91,0.906,0,0,2.386,0.09,15305,3104,18409,83.1,16.9,76,187,24,287,4.688908927,12.62398557,1.562969642,18.87586414,42.58,14.0728121,59.4,12.49565581,0.11612515,0.197611292,0.268704607,0.319001327,0.344290861,NA43200,0.456817349,75,7,4
3082,5,0.586,0.578,1,7,0.82,0.472,1,1,0.117,1.264,0.989,5,0.586,0.6,1,1,0.117,1.09,0.989,5057,1466,6523,77.5,22.5,52,173,8,233,6.209724663,21.08963093,0.93731693,28.23667252,47.97,11.19023293,95.82,4.656655929,0.102239533,0.101654846,0.163168833,0.365527634,0.306468028,NA50000,NA0.289274079,46,5,3
3083,2,0.309,0.827,1,11,1.698,0.479,1,1,0.154,1.042,0.941,10,1.543,0.55,1,5,0.772,0.6,1,6793,1231,8024,84.7,15.3,28,120,3,151,4.475308642,19.29012346,0.462962963,24.22839506,41.86,5.764783367,95.81,6.076440678,0.102209945,0.133704735,0.136504727,0.221334845,0.234260643,NA64000,NA0.981967345,17,2,1
3084,1,20,NA,NA,2,40,NA,NA,0,0,NA,NA,3,60,NA,NA,2,40,NA,NA,NA,NA,NA,NA,NA,3,28,1,32,120,800,60,980,55.08333333,8.743395776,46.91666667,7.501010033,NA,NA,NA,NA,NA,NA,NA,NA,NA,NA
3085,4,0.354,1.112,0.881,24,2.122,0.621,0.989,1,0.088,1.233,0.851,21,1.857,0.719,0.989,1,0.088,1.1,0.805,10782,1298,12080,89.3,10.7,54,143,13,210,5.128205128,16.18037135,1.326259947,22.63483643,55.73,9.807083608,NA,NA,0.094995759,0.126961484,0.229896388,0.182818106,0.18966081,NA48400,NA0.706755672,33,4,2
3086,2,0.35,6.367,0.397,4,0.7,3.959,0.43,1,0.175,10.484,0.288,3,0.525,4.921,0.321,0,0,12.981,0,5534,469,6003,92.2,7.8,21,46,9,76,4.549431321,9.798775153,1.749781277,16.09798775,8.32,12.29016195,31.42,7.58810872,0.066365008,0.101694915,0.30247773,0.213295789,0.275240941,NA46400,NA0.532235811,38,4,2
3087,15,0.709,0.648,0.955,58,2.742,0.508,1,4,0.189,1.093,0.863,28,1.324,0.641,1,10,0.473,0.975,0.979,21627,6522,28149,76.8,23.2,342,948,94,1384,18.10874704,51.06382979,4.869976359,74.04255319,44.89,10.43391421,88.46,5.770737747,0.149618321,0.288557214,0.396170005,0.444129514,0.440507591,NA32800,1.939401018,103,10,5
3088,1,0.169,1.004,1,1,0.169,0.859,1,0,0,1.201,0.35,2,0.339,0.777,1,2,0.339,0.883,1,3836,1293,5129,74.8,25.2,51,96,12,159,9.314140559,18.62828112,2.032176122,29.9745978,39.45454545,5.427983246,74.84090909,9.882903212,0.176174497,0.257692308,0.417199987,0.480585417,0.566582886,NA24400,2.576018376,107,10,5
3089,5,0.799,0.738,1,9,1.439,0.65,1,0,0,1.625,0.352,5,0.799,0.763,1,1,0.16,2.082,0.87,6861,1568,8429,81.4,18.6,34,243,12,289,5.595523581,39.00879297,1.918465228,46.52278177,26.36,4.071383256,73.97,3.973281981,0.100299401,0.247093023,0.335764681,0.275107943,0.333333333,NA40400,0.592230788,79,8,4
3090,2,0.328,1.191,0.975,2,0.328,1.126,0.719,0,0,1.709,0.471,0,0,1.377,0.635,1,0.164,1.254,0.975,5558,1032,6590,84.3,15.7,35,88,10,133,6.388206388,15.72481572,1.801801802,23.91482391,39.49,13.50008979,75.99,6.857120461,0.080327869,0.150289017,0.247857715,0.263630853,0.340460799,NA49600,NA0.238074724,49,5,3
3091,4,0.133,2.034,0.415,28,0.934,1.367,0.552,6,0.2,2.094,0.314,19,0.634,1.327,0.567,5,0.167,2.186,0.197,24694,3098,27792,88.9,11.1,105,690,46,841,3.968650992,23.87860597,1.634150409,29.48140737,34.43,14.00162689,56.34,15.02067262,0.085976875,0.166866747,0.233240172,0.213289843,0.246089001,NA54400,NA0.574376524,35,4,2
3092,1,0.224,1.095,0.693,3,0.671,0.72,1,0,0,2.869,0,0,0,1.118,0.861,0,0,1.118,0.768,4179,740,4919,85,15,53,68,8,129,19.2393736,23.26621924,4.026845638,46.53243848,31.13,7.262265834,63.16,3.821047506,0.132478632,0.21031746,0.288075601,0.317311359,0.337198197,NA46000,0.586232111,78,8,4
3093,0,0,1.066,0.945,3,0.949,0.724,1,0,0,1.453,0.78,0,0,1.167,0.89,0,0,1.118,0.945,2810,563,3373,83.3,16.7,32,41,9,82,10.75949367,17.40506329,3.164556962,31.32911392,28.53,8.606381236,82.97,7.615050223,0.072022161,0.191709845,0.276591273,0.248643926,0.30485538,NA48400,NA0.183551395,55,6,3
3094,1,0.221,1.616,0.756,2,0.441,1.393,0.756,0,0,2.369,0,0,0,1.884,0,0,0,1.832,0.297,4130,570,4700,87.9,12.1,16,43,11,70,3.528114664,9.702315325,2.425578831,15.65600882,27.6,16.69028629,55.07,3.825103154,0.098173516,0.159090909,0.278268986,0.210818511,0.256776296,NA44400,NA0.19826987,54,5,3
3095,6,0.585,0.928,0.985,24,2.338,0.81,0.977,2,0.195,1.48,0.66,10,0.974,0.903,0.839,8,0.779,1.116,0.84,9651,1270,10921,88.4,11.6,44,133,13,190,5.358012664,18.5094983,1.656113005,25.52362396,42.39,14.44102951,64.13,8.102443826,0.082259663,0.151658768,0.251312345,0.216578364,0.266605385,NA46400,NA0.403218779,44,5,3
3097,2,0.137,1.211,0.967,4,0.275,1.044,0.794,2,0.137,1.589,0.692,0,0,1.453,0.545,0,0,1.483,0.5,13604,2215,15819,86,14,34,157,10,201,2.474226804,11.61512027,0.687285223,14.7766323,43.4,15.86750698,69.93,9.495618341,0.09521028,0.145341615,0.235252017,0.219624413,0.264088033,NA48800,NA0.413822113,43,4,2
3098,0,0,2.022,0.059,1,0.213,1.605,0.562,0,0,2.19,0.017,2,0.426,1.206,0.9,0,0,2,0.017,3609,764,4373,82.5,17.5,39,71,15,125,8.528784648,15.13859275,3.198294243,26.86567164,25.17,5.557877293,74.32,7.747114158,0.137420719,0.155462185,0.282120252,0.372308825,0.446641345,NA38000,0.932461445,88,9,5
3099,0,0,1.963,0.278,0,0,1.711,0.278,0,0,2.324,0.099,0,0,1.606,0.34,0,0,2.185,0.188,3542,540,4082,86.8,13.2,9,33,1,43,3.300330033,11.22112211,0.330033003,14.85148515,15.46,9.11034488,59.49,9.042542549,0.072413793,0.106741573,0.134839972,0.180064456,0.228914278,NA55200,NA1.211872633,5,1,1
3100,3,0.157,1.879,0.749,7,0.366,1.32,0.746,1,0.052,2.918,0.317,4,0.209,1.673,0.582,0,0,3.668,0,16487,2177,18664,88.3,11.7,59,219,18,296,3.189542484,11.60784314,0.941176471,15.73856209,22.68,11.98726597,48.25,10.22017711,0.084462511,0.130755064,0.168191983,0.212444137,0.234128117,NA60000,NA0.983249986,16,2,1
3101,8,0.595,0.98,0.863,28,2.083,0.802,0.932,7,0.521,1.661,0.482,17,1.264,1.191,0.793,7,0.521,1.467,0.548,5470,1511,6981,78.4,21.6,124,723,111,958,11.67720342,57.19598364,8.702119747,77.57530681,29.85,12.27741212,73.43,8.576753877,0.118534483,0.173553719,0.246783824,0.422361217,0.410391341,NA38000,0.805249464,85,8,4
3102,0,0,0.975,0.892,0,0,0.959,0.892,0,0,1.068,0.859,1,0.606,0.986,0.892,0,0,1.178,0.892,2193,446,2639,83.1,16.9,6,31,2,39,3.636363636,23.03030303,1.212121212,27.87878788,25.06,11.67819344,73.85,8.164192575,0.05625,0.091836735,0,0.220527139,0,NA86000,NA2.651253395,1,1,1
3103,3,0.273,1.066,0.751,10,0.911,0.874,0.81,0,0,2.058,0.616,9,0.82,1.143,0.689,3,0.273,1.414,0.729,10086,1794,11880,84.9,15.1,43,155,11,209,4.826958106,17.03096539,1.639344262,23.49726776,25.99,18.67991683,53.75,12.77653705,0.114674441,0.178571429,0.22860732,0.219045652,0.259178775,NA49200,NA0.211178743,53,5,3
3104,15,1.084,0.359,1,89,6.431,0.346,1,2,0.145,1.163,0.779,38,2.746,0.338,1,11,0.795,0.932,0.929,10746,3642,14388,74.7,25.3,282,1059,167,1508,36.2716763,161.5606936,23.04913295,220.8815029,61.58,13.16344801,96.05,3.99336571,0.17370892,0.18875502,0.224421397,0.478526564,0.397112146,NA32800,1.379368617,97,9,5
3105,1,0.36,0.921,1,17,6.115,0.536,1,3,1.079,0.717,1,6,2.158,0.685,1,3,1.079,0.828,1,2494,531,3025,82.4,17.6,31,284,17,332,14.38848921,116.9064748,6.474820144,137.7697842,68.48,8.80252489,85.88,2.212361963,0.174545455,0.169117647,0.23570226,0.333333333,0.367607311,NA31000,1.01039717,92,9,5
3106,5,0.225,1.837,0.608,20,0.901,1.115,0.681,2,0.09,2.724,0.251,13,0.586,1.261,0.721,6,0.27,1.41,0.519,18841,2415,21256,88.6,11.4,97,330,24,451,4.414414414,15.63063063,1.081081081,21.12612613,28.29,11.90135804,55.6,7.166138106,0.085858586,0.107551487,0.184197099,0.15157649,0.195988414,NA55200,NA1.124150472,9,1,1
3107,0,0,2.362,0.112,17,1.617,1.403,0.426,3,0.285,1.82,0.335,8,0.761,1.643,0.263,2,0.19,1.898,0.221,3089,428,3517,87.8,12.2,49,172,12,233,4.755111745,17.9743224,1.236329054,23.9657632,5.79,9.073543515,53.33,5.673000026,0.09367494,0.125407166,0.173939004,0.222275,0.251252244,NA56800,NA0.804320029,28,3,2
3108,5,0.389,1.485,0.809,24,1.867,1.099,0.836,2,0.156,1.9,0.658,14,1.089,1.137,0.841,0,0,2.334,0.194,11621,1827,13448,86.4,13.6,54,162,18,234,4.82302606,18.04745235,1.555814858,24.42629327,31.63,10.17191122,52.55,10.08687015,0.083787466,0.12431694,0.186145198,0.216364352,0.2322339,NA60000,NA0.959324561,20,2,1
3109,2,0.072,2.549,0.481,26,0.935,2.579,0.151,4,0.144,2.735,0.07,13,0.467,2.573,0.14,0,0,3.452,0.04,24531,3623,28154,87.1,12.9,122,638,49,809,4.673737192,23.33273414,1.761639403,29.76811073,12.05,17.39289011,46.88,14.41329353,0.091153717,0.125661376,0.17826449,0.241152373,0.254911501,NA54400,NA0.716877788,32,3,2
3110,1,0.213,1.845,0.256,4,0.852,1.139,0.65,1,0.213,2.787,0.517,6,1.278,1.119,0.673,3,0.639,1.313,0.445,4390,639,5029,87.3,12.7,18,30,NA,NA,3.833865815,6.602768903,0,NA,24.13,8.476533263,70.05,6.277062621,0.112936345,0.146757679,0.254132511,0.20208339,0.280340482,NA51600,NA0.297680892,45,5,3
3111,16,1.525,0.384,1,24,2.287,0.415,1,1,0.095,1.345,0.827,21,2.001,0.528,1,4,0.381,0.699,1,7624,2647,10271,74.2,25.8,181,778,115,1074,18.67555979,82.03906622,11.05288232,111.7675083,70.01,9.034719786,88.52,10.95581576,0.108412836,0.253438114,0.340044091,0.415429211,0.465373511,NA40800,1.243996683,96,9,5
3112,17,2.321,0.347,1,22,3.003,0.304,1,2,0.273,1.108,1,15,2.048,0.384,1,2,0.273,0.768,1,5496,1976,7472,73.6,26.4,144,891,98,1133,27.16723549,151.3993174,15.6996587,194.2662116,71.35,4.912106257,87.19,8.276405554,0.158108108,0.255737705,0.367744112,0.469071646,0.534869915,NA29400,2.139985059,106,10,5
3113,1,0.356,5.06,0,1,0.356,5.642,0.272,0,0,13.287,0,0,0,7.725,0,0,0,13.388,0.055,2591,268,2859,90.6,9.4,12,30,6,48,4.62633452,13.52313167,2.135231317,20.28469751,2.24,4.559638476,26.8,3.222396373,0.049844237,0.101123596,0.299175823,0.214517363,0.242535625,NA50400,NA0.796922445,30,3,2
3114,0,0,0.977,1,5,1.828,0.713,1,0,0,2.112,0,4,1.463,0.743,1,0,0,2.162,0,1468,351,1819,80.7,19.3,36,74,7,117,15.35648995,35.10054845,2.925045704,53.3820841,33.7032967,18.28751517,71.62637363,9.385151809,0.07037037,0.236641221,0.269098111,0.354593766,0.344559808,NA51200,0.181292737,67,7,4
3115,12,1.362,0.341,1,35,3.973,0.235,1,2,0.227,0.928,0.946,85,9.648,0.187,1,9,1.022,0.402,1,7760,2302,10062,77.1,22.9,149,485,42,676,19.0692395,62.31555051,5.561861521,86.94665153,62.77,4.565693327,95.61,4.389829844,0.125867195,0.178861789,0.318533224,0.478895936,0.46367498,NA40800,1.224373021,95,9,5
3116,3,0.244,1.097,0.92,22,1.792,0.507,1,3,0.244,0.987,0.92,22,1.792,0.544,1,9,0.733,0.718,0.98,11238,2071,13309,84.4,15.6,83,821,61,965,7.084690554,69.78827362,5.211726384,82.08469055,57.23,9.923805681,97.6,3.550501458,0.078503302,0.128440367,0.195057376,0.337169602,0.349589827,NA64000,NA0.53752798,37,4,2
3117,3,0.262,1.064,0.817,9,0.787,0.772,0.964,1,0.087,1.274,0.868,9,0.787,0.749,0.957,3,0.262,1.033,0.932,9583,1718,11301,84.8,15.2,87,373,52,512,8.13648294,36.3079615,4.899387577,49.34383202,33.38,6.771568608,82.18,7.838496042,0.099056604,0.14516129,0.273774655,0.322673928,0.39622385,NA45200,0.265274033,71,7,4
